sku,name,nature,category,brand,sale_price,location,min_stock,barcode,unit,notes
000001,Kit LC,PRODUCTO_STOCKEABLE,Estuche LC,,,,,,UNIDAD,origen: PILAR=P2 - Inventario.xlsx#883@2026-08-10
000002,Estuche LC,PRODUCTO_STOCKEABLE,Estuche LC,,,,,,UNIDAD,origen: ASUNCION=PC - Inventario.xlsx#7450@2026-08-03 | PILAR=P2 - Inventario.xlsx#882@2026-08-10
000003,Antideslizantes,PRODUCTO_STOCKEABLE,Sujetadores,Proray,,,,,UNIDAD,variante en ASUNCION (PC - Inventario.xlsx fila 8449): Antideslizante || origen: ASUNCION=PC - Inventario.xlsx#8449@2026-08-03 | PILAR=P2 - Inventario.xlsx#1041@2026-08-10
000004,Cordon Proray,PRODUCTO_STOCKEABLE,Sujetadores,Proray,,,,,UNIDAD,origen: PILAR=P2 - Inventario.xlsx#1042@2026-08-10
000005,Mostacillas,PRODUCTO_STOCKEABLE,Sujetadores,Proray,,,,,UNIDAD,"naturaleza por evidencia: 000012 Mostacilla, misma marca Proray, en Sujetadores en PC y P2 (el archivo la tenía en «Compostura») || origen: PILAR=P2 - Inventario.xlsx#853@2026-08-10"
000006,Goma Niño,PRODUCTO_STOCKEABLE,Sujetadores,Proray,,,,,UNIDAD,origen: ASUNCION=PC - Inventario.xlsx#8425@2026-08-03 | PILAR=P2 - Inventario.xlsx#1043@2026-08-10
000007,Goma Niño,PRODUCTO_STOCKEABLE,Sujetadores,Proray,,,,,UNIDAD,origen: ASUNCION=PC - Inventario.xlsx#8450@2026-08-03 | PILAR=P2 - Inventario.xlsx#1035@2026-08-10
000008,Cordon,PRODUCTO_STOCKEABLE,Sujetadores,Proray,,,,,UNIDAD,origen: ASUNCION=PC - Inventario.xlsx#8451@2026-08-03 | PILAR=P2 - Inventario.xlsx#1038@2026-08-10
000009,Goma Deportiva,PRODUCTO_STOCKEABLE,Sujetadores,Proray,,,,,UNIDAD,origen: ASUNCION=PC - Inventario.xlsx#8452@2026-08-03 | PILAR=P2 - Inventario.xlsx#1039@2026-08-10
000010,LIMPIA CRISTAL,PRODUCTO_STOCKEABLE,Limpia Cristales,Óptica Puppilent`s,,,,,UNIDAD,"STOCK_INITIAL_PENDING_PHYSICAL_VERIFICATION en ASUNCION: SOURCE_REPORTED_QUANTITY=2860 (2.860 declarados. Decisión humana: las fuentes que lo repiten comparten origen, así que no son confirmación física independiente. La cantidad espera un conteo) || origen: ASUNCION=PC - Inventario.xlsx#8397@2026-08-03 | PILAR=P2 - Inventario.xlsx#1021@2026-08-10"
000011,Sujetador,PRODUCTO_STOCKEABLE,Sujetadores,Óptica Puppilent`s,,,,,UNIDAD,origen: ASUNCION=PC - Inventario.xlsx#8453@2026-08-03 | PILAR=P2 - Inventario.xlsx#1036@2026-08-10
000012,Mostacilla,PRODUCTO_STOCKEABLE,Sujetadores,Proray,,,,,UNIDAD,origen: ASUNCION=PC - Inventario.xlsx#8454@2026-08-03 | PILAR=P2 - Inventario.xlsx#1037@2026-08-10
000013,Goma Deportiva Hanis,PRODUCTO_STOCKEABLE,Sujetadores,Hanis,,,,,UNIDAD,variante en PILAR (P2 - Inventario.xlsx fila 1044): Goma Depotiva || origen: ASUNCION=PC - Inventario.xlsx#8426@2026-08-03 | PILAR=P2 - Inventario.xlsx#1044@2026-08-10
000014,Goma Tipo Trenza Hanis,PRODUCTO_STOCKEABLE,Sujetadores,Hanis,,,,,UNIDAD,variante en PILAR (P2 - Inventario.xlsx fila 1048): Goma Tipo Trenza || origen: ASUNCION=PC - Inventario.xlsx#8430@2026-08-03 | PILAR=P2 - Inventario.xlsx#1048@2026-08-10
000015,Cordones,PRODUCTO_STOCKEABLE,Sujetadores,Hanis,,,,,UNIDAD,origen: PILAR=P2 - Inventario.xlsx#1046@2026-08-10
000016,Goma Ajustable Hanis,PRODUCTO_STOCKEABLE,Sujetadores,Hanis,,,,,UNIDAD,variante en PILAR (P2 - Inventario.xlsx fila 1045): Gomas Ajustables || origen: ASUNCION=PC - Inventario.xlsx#8427@2026-08-03 | PILAR=P2 - Inventario.xlsx#1045@2026-08-10
000017,Cadena Hanis,PRODUCTO_STOCKEABLE,Sujetadores,Hanis,,,,,UNIDAD,variante en PILAR (P2 - Inventario.xlsx fila 1047): Cadena || origen: ASUNCION=PC - Inventario.xlsx#8429@2026-08-03 | PILAR=P2 - Inventario.xlsx#1047@2026-08-10
000018,Goma Adulto,PRODUCTO_STOCKEABLE,Sujetadores,Proray,,,,,UNIDAD,origen: ASUNCION=PC - Inventario.xlsx#8448@2026-08-03 | PILAR=P2 - Inventario.xlsx#1054@2026-08-10
000019,Antideslizantes Circulares,PRODUCTO_STOCKEABLE,Sujetadores,AliExpress,,,,,UNIDAD,origen: ASUNCION=PC - Inventario.xlsx#8458@2026-08-03
000020,Antideslizantes Corazones,PRODUCTO_STOCKEABLE,Sujetadores,AliExpress,,,,,UNIDAD,variante en PILAR (P2 - Inventario.xlsx fila 1052): Antideslizante Corazones || origen: ASUNCION=PC - Inventario.xlsx#8456@2026-08-03 | PILAR=P2 - Inventario.xlsx#1052@2026-08-10
000021,Antideslizante Chico,PRODUCTO_STOCKEABLE,Sujetadores,AliExpress,,,,,UNIDAD,origen: PILAR=P2 - Inventario.xlsx#1053@2026-08-10
000022,GOMA MIRAFLEX,PRODUCTO_STOCKEABLE,Sujetadores,Mira Flex,,,,,UNIDAD,origen: ASUNCION=PC - Inventario.xlsx#8455@2026-08-03
000023,Franela,PRODUCTO_STOCKEABLE,Paños,Proray,,,,,UNIDAD,origen: ASUNCION=PC - Inventario.xlsx#8423@2026-08-03 | PILAR=P2 - Inventario.xlsx#1034@2026-08-10
000024,HERRAMIENTA P/ LC,PRODUCTO_STOCKEABLE,Accesorios,AliExpress,,,,,UNIDAD,origen: ASUNCION=PC - Inventario.xlsx#22@2026-08-03
000025,Estuche para Auto,PRODUCTO_STOCKEABLE,Sujetadores,,,,,,UNIDAD,variante en ASUNCION (PC - Inventario.xlsx fila 7451): ESTUCHE P/ AUTO || origen: ASUNCION=PC - Inventario.xlsx#7451@2026-08-03 | PILAR=P2 - Inventario.xlsx#1049@2026-08-10
000026,Goma Deportiva Proray,PRODUCTO_STOCKEABLE,Sujetadores,Proray,,,,,UNIDAD,origen: ASUNCION=PC - Inventario.xlsx#8447@2026-08-03
000027,Organizador 2,PRODUCTO_STOCKEABLE,Organizadores,AliExpress,,,,,UNIDAD,origen: ASUNCION=PC - Inventario.xlsx#8422@2026-08-03 | PILAR=P2 - Inventario.xlsx#1032@2026-08-10
000028,Marcadores de Dibujos Animados,PRODUCTO_STOCKEABLE,Marcadores,AliExpress,,,,,UNIDAD,origen: ASUNCION=PC - Inventario.xlsx#8418@2026-08-03
000030,Sujetador Magnetico,PRODUCTO_STOCKEABLE,Sujetadores,AliExpress,,,,,UNIDAD,origen: ASUNCION=PC - Inventario.xlsx#8459@2026-08-03 | PILAR=P2 - Inventario.xlsx#1051@2026-08-10
000031,Organizador 4,PRODUCTO_STOCKEABLE,Organizadores,AliExpress,,,,,UNIDAD,origen: PILAR=P2 - Inventario.xlsx#1033@2026-08-10
000033,Cordon Niño Pro Ray,PRODUCTO_STOCKEABLE,Accesorios,Proray,,,,,UNIDAD,variante en PILAR (P2 - Inventario.xlsx fila 1050): Cordon Niño Proray || origen: ASUNCION=PC - Inventario.xlsx#5235@2026-08-03 | PILAR=P2 - Inventario.xlsx#1050@2026-08-10
000034,Parche ocular para niños,PRODUCTO_STOCKEABLE,Accesorios,Óptica Puppilent`s,,,,,UNIDAD,origen: ASUNCION=PC - Inventario.xlsx#24@2026-08-03 | PILAR=P2 - Inventario.xlsx#4@2026-08-10
000035,Toallitas antiempañanates para lentes,PRODUCTO_STOCKEABLE,Accesorios,Powerclean,,,,,UNIDAD,variante en PILAR (P2 - Inventario.xlsx fila 5): Toallitas antiempañantes para lentes || origen: ASUNCION=PC - Inventario.xlsx#25@2026-08-03 | PILAR=P2 - Inventario.xlsx#5@2026-08-10
000036,Estuche con diseño para Lente de contacto con 2 accesorios.,PRODUCTO_STOCKEABLE,Accesorios,Proray,,,,,UNIDAD,origen: ASUNCION=PC - Inventario.xlsx#15@2026-08-03 | PILAR=P2 - Inventario.xlsx#6@2026-08-10
000037,LIMPIA CRISTAL OBSEQUIO,PRODUCTO_STOCKEABLE,Limpia Cristales,Óptica Puppilent`s,,,,,UNIDAD,origen: ASUNCION=PC - Inventario.xlsx#8398@2026-08-03 | PILAR=P2 - Inventario.xlsx#1022@2026-08-10
000038,PARCHE PARA OJO,PRODUCTO_STOCKEABLE,Accesorios,Óptica Puppilent`s,,,,,UNIDAD,origen: ASUNCION=PC - Inventario.xlsx#16@2026-08-03
000039,LINTERNA O LUZ CHICA CON SUJETADOR PARA PATILLA,PRODUCTO_STOCKEABLE,Accesorios,Óptica Puppilent`s,,,,,UNIDAD,variante en PILAR (P2 - Inventario.xlsx fila 11): linterna o luz chica con sujetador p/ patilla || origen: ASUNCION=PC - Inventario.xlsx#17@2026-08-03 | PILAR=P2 - Inventario.xlsx#11@2026-08-10
000040,Mostacilla Hanis,PRODUCTO_STOCKEABLE,Accesorios,Hanis,,,,,UNIDAD,origen: ASUNCION=PC - Inventario.xlsx#18@2026-08-03 | PILAR=P2 - Inventario.xlsx#7@2026-08-10
000041,Goma Ajustable Negro,PRODUCTO_STOCKEABLE,Accesorios,Proray,,,,,UNIDAD,origen: ASUNCION=PC - Inventario.xlsx#19@2026-08-03 | PILAR=P2 - Inventario.xlsx#10@2026-08-10
000042,Destornillador Llavero,PRODUCTO_STOCKEABLE,Accesorios,Proray,,,,,UNIDAD,origen: ASUNCION=PC - Inventario.xlsx#12@2026-08-03 | PILAR=P2 - Inventario.xlsx#8@2026-08-10
000043,Kit de mantenimiento,PRODUCTO_STOCKEABLE,Accesorios,Optica Puppilents,,,,,UNIDAD,origen: ASUNCION=PC - Inventario.xlsx#13@2026-08-03 | PILAR=P2 - Inventario.xlsx#9@2026-08-10
000044,Cordon  Sujetador de Lente,PRODUCTO_STOCKEABLE,Accesorios,AliExpress,,,,,UNIDAD,variante en PILAR (P2 - Inventario.xlsx fila 12): cordón sujetador de lente || origen: ASUNCION=PC - Inventario.xlsx#14@2026-08-03 | PILAR=P2 - Inventario.xlsx#12@2026-08-10
100000000004,LUPA MAGNIFIER X2 X4,PRODUCTO_STOCKEABLE,Accesorios,MAGNIFIER,,,,,UNIDAD,origen: ASUNCION=PC - Inventario.xlsx#26@2026-08-03
2000054,Compostura de Patilla Izquierda,SERVICIO_NO_STOCKEABLE,Compostura,Optica San Cayetano,,,,,UNIDAD,naturaleza por decisión humana || origen: PILAR=P2 - Inventario.xlsx#840@2026-08-10
2000055,Compostura de Patilla Derecha,SERVICIO_NO_STOCKEABLE,Compostura,Optica San Cayetano,,,,,UNIDAD,naturaleza por decisión humana || origen: PILAR=P2 - Inventario.xlsx#841@2026-08-10
2000056,Par de patillas,PRODUCTO_STOCKEABLE,Compostura,Optica San Cayetano,,,,,UNIDAD,"naturaleza por decisión humana || STOCK_INITIAL_PENDING_PHYSICAL_VERIFICATION en PILAR: SOURCE_REPORTED_QUANTITY=526 (526 declarados el 2026-08-10 y 616 el 2026-08-04: dos cifras distintas del mismo mes, ninguna verificada. Decisión humana: la pieza entra al catálogo, la cantidad espera un conteo) || origen: PILAR=P2 - Inventario.xlsx#842@2026-08-10"
2000057,Compostura Simple,SERVICIO_NO_STOCKEABLE,Compostura,Optica San Cayetano,,,,,UNIDAD,naturaleza por decisión humana || origen: PILAR=P2 - Inventario.xlsx#843@2026-08-10
2000058,Compostura Flex,SERVICIO_NO_STOCKEABLE,Compostura,Optica San Cayetano,,,,,UNIDAD,naturaleza por decisión humana || origen: PILAR=P2 - Inventario.xlsx#844@2026-08-10
2000060,Organico UVX,TRABAJO_BAJO_PEDIDO,Cristales,Laboratorio Optilab,,,,,UNIDAD,naturaleza por decisión humana (el archivo la tenía en «Compostura») || origen: PILAR=P2 - Inventario.xlsx#845@2026-08-10
2000061,Fotocromático (AR),TRABAJO_BAJO_PEDIDO,Cristales,Laboratorio Optilab,,,,,UNIDAD,naturaleza por decisión humana (el archivo la tenía en «Compostura») || origen: PILAR=P2 - Inventario.xlsx#846@2026-08-10
2000062,Multifocal (OP),TRABAJO_BAJO_PEDIDO,Cristales,Laboratorio Optilab,,,,,UNIDAD,naturaleza por decisión humana (el archivo la tenía en «Compostura») || origen: PILAR=P2 - Inventario.xlsx#847@2026-08-10
2000063,Kripto (Kto) Organico UVX,TRABAJO_BAJO_PEDIDO,Cristales,Laboratorio Optilab,,,,,UNIDAD,naturaleza por decisión humana (el archivo la tenía en «Compostura») || origen: PILAR=P2 - Inventario.xlsx#848@2026-08-10
2000064,Blue Ar,TRABAJO_BAJO_PEDIDO,Cristales,Laboratorio Optilab,,,,,UNIDAD,naturaleza por decisión humana (el archivo la tenía en «Compostura») || origen: PILAR=P2 - Inventario.xlsx#849@2026-08-10
2000065,Adaptacion de cristal,SERVICIO_NO_STOCKEABLE,Compostura,Laboratorio Optilab,,,,,UNIDAD,naturaleza por decisión humana || origen: PILAR=P2 - Inventario.xlsx#850@2026-08-10
2000066,Solamax,TRABAJO_BAJO_PEDIDO,Cristales,Optica San Cayetano,,,,,UNIDAD,naturaleza por decisión humana (el archivo la tenía en «Compostura») || origen: PILAR=P2 - Inventario.xlsx#851@2026-08-10
2000067,Bifocal (ST),TRABAJO_BAJO_PEDIDO,Cristales,Laboratorio Optilab,,,,,UNIDAD,naturaleza por decisión humana (el archivo la tenía en «Compostura») || origen: PILAR=P2 - Inventario.xlsx#852@2026-08-10
2000070,Hilo,PRODUCTO_STOCKEABLE,Compostura,Laboratorio Optilab,,,,,UNIDAD,"naturaleza por decisión humana || STOCK_INITIAL_PENDING_PHYSICAL_VERIFICATION en PILAR: SOURCE_REPORTED_QUANTITY=99981 (99.981 declarados: valor centinela, no un conteo. Falta recuento real) || origen: PILAR=P2 - Inventario.xlsx#854@2026-08-10"
2000071,Tornillo,PRODUCTO_STOCKEABLE,Compostura,Optica San Cayetano,,,,,UNIDAD,"naturaleza por decisión humana || STOCK_INITIAL_PENDING_PHYSICAL_VERIFICATION en PILAR: SOURCE_REPORTED_QUANTITY=99425 (99.425 declarados: valor centinela, no un conteo. Falta recuento real) || origen: PILAR=P2 - Inventario.xlsx#855@2026-08-10"
2000072,Plaqueta,PRODUCTO_STOCKEABLE,Compostura,Optica San Cayetano,,,,,UNIDAD,"naturaleza por decisión humana || STOCK_INITIAL_PENDING_PHYSICAL_VERIFICATION en PILAR: SOURCE_REPORTED_QUANTITY=9393 (9.393 declarados: valor centinela, no un conteo. Falta recuento real) || origen: PILAR=P2 - Inventario.xlsx#856@2026-08-10"
2000073,Multiblue,TRABAJO_BAJO_PEDIDO,Cristales,Laboratorio Optilab,,,,,UNIDAD,origen: PILAR=P2 - Inventario.xlsx#859@2026-08-10
2000074,Progresivo OP,TRABAJO_BAJO_PEDIDO,Cristales,Laboratorio Optilab,,,,,UNIDAD,origen: PILAR=P2 - Inventario.xlsx#860@2026-08-10
2000075,Futurex Protec,TRABAJO_BAJO_PEDIDO,Cristales,Laboratorio Servi Optical,,,,,UNIDAD,origen: PILAR=P2 - Inventario.xlsx#861@2026-08-10
2000076,Blue Protec,TRABAJO_BAJO_PEDIDO,Cristales,Laboratorio Servi Optical,,,,,UNIDAD,origen: PILAR=P2 - Inventario.xlsx#862@2026-08-10
2000086,Foto Sunactive,TRABAJO_BAJO_PEDIDO,Cristales,Laboratorio Servi Optical,,,,,UNIDAD,origen: PILAR=P2 - Inventario.xlsx#863@2026-08-10
2000101,CENTRADO,SERVICIO_NO_STOCKEABLE,Compostura,Óptica Puppilent`s,,,,,UNIDAD,naturaleza por decisión humana || origen: PILAR=P2 - Inventario.xlsx#839@2026-08-10
2000125,FUTUREX STEEL,TRABAJO_BAJO_PEDIDO,Cristales,Laboratorio Servi Optical,,,,,UNIDAD,origen: PILAR=P2 - Inventario.xlsx#865@2026-08-10
2000126,FUTUREX G2,TRABAJO_BAJO_PEDIDO,Cristales,Laboratorio Servi Optical,,,,,UNIDAD,origen: PILAR=P2 - Inventario.xlsx#881@2026-08-10
2000127,Green AR,TRABAJO_BAJO_PEDIDO,Cristales,Laboratorio Optilab,,,,,UNIDAD,origen: PILAR=P2 - Inventario.xlsx#864@2026-08-10
2000140,Estuches para Anteojos,PRODUCTO_STOCKEABLE,Accesorios,Proray,,,,,UNIDAD,origen: PILAR=P2 - Inventario.xlsx#3@2026-08-10
2000146,Capuchon,PRODUCTO_STOCKEABLE,Sujetadores,Optica San Cayetano,,,,,UNIDAD,origen: ASUNCION=PC - Inventario.xlsx#8424@2026-08-03 | PILAR=P2 - Inventario.xlsx#1040@2026-08-10
2000147,Compostura de Porta Plaquetas,SERVICIO_NO_STOCKEABLE,Compostura,Optica San Cayetano,,,,,UNIDAD,naturaleza por decisión humana || origen: PILAR=P2 - Inventario.xlsx#858@2026-08-10
2000148,Compostura del Puente del Armazon,SERVICIO_NO_STOCKEABLE,Compostura,Optica San Cayetano,,,,,UNIDAD,naturaleza por decisión humana || origen: PILAR=P2 - Inventario.xlsx#857@2026-08-10
2000149,Compostura del Aro del Armazon,SERVICIO_NO_STOCKEABLE,Compostura,Optica San Cayetano,,,,,UNIDAD,naturaleza por decisión humana || origen: PILAR=P2 - Inventario.xlsx#838@2026-08-10
2000206,Kto.Invisible,TRABAJO_BAJO_PEDIDO,Cristales,Laboratorio Optilab,,,,,UNIDAD,origen: PILAR=P2 - Inventario.xlsx#874@2026-08-10
2000207,Kto.AR,TRABAJO_BAJO_PEDIDO,Cristales,Laboratorio Optilab,,,,,UNIDAD,origen: PILAR=P2 - Inventario.xlsx#875@2026-08-10
2000208,Kto.Blue AR,TRABAJO_BAJO_PEDIDO,Cristales,Laboratorio Optilab,,,,,UNIDAD,origen: PILAR=P2 - Inventario.xlsx#876@2026-08-10
2000209,Blue Fotocromatico AR,TRABAJO_BAJO_PEDIDO,Cristales,Laboratorio Optilab,,,,,UNIDAD,origen: PILAR=P2 - Inventario.xlsx#877@2026-08-10
2000210,Multifocal Foto AR,TRABAJO_BAJO_PEDIDO,Cristales,Laboratorio Optilab,,,,,UNIDAD,origen: PILAR=P2 - Inventario.xlsx#878@2026-08-10
2000211,Multifocal AR,TRABAJO_BAJO_PEDIDO,Cristales,Laboratorio Optilab,,,,,UNIDAD,origen: PILAR=P2 - Inventario.xlsx#879@2026-08-10
2000212,ST Fotocromatico,PRODUCTO_STOCKEABLE,Armazones,Laboratorio Optilab,,,,,UNIDAD,origen: PILAR=P2 - Inventario.xlsx#809@2026-08-10
2000213,Org AR,TRABAJO_BAJO_PEDIDO,Cristales,Laboratorio Optilab,,,,,UNIDAD,origen: PILAR=P2 - Inventario.xlsx#868@2026-08-10
2000214,Kto.Foto.AR,TRABAJO_BAJO_PEDIDO,Cristales,Laboratorio Servi Optical,,,,,UNIDAD,origen: PILAR=P2 - Inventario.xlsx#869@2026-08-10
2000215,Kto.Foto,TRABAJO_BAJO_PEDIDO,Cristales,Laboratorio Optilab,,,,,UNIDAD,origen: PILAR=P2 - Inventario.xlsx#870@2026-08-10
2000216,Kto.Foto Blue AR,TRABAJO_BAJO_PEDIDO,Cristales,Laboratorio Servi Optical,,,,,UNIDAD,origen: PILAR=P2 - Inventario.xlsx#871@2026-08-10
2000217,Policarbonato Blanco,TRABAJO_BAJO_PEDIDO,Cristales,Laboratorio Servi Optical,,,,,UNIDAD,origen: PILAR=P2 - Inventario.xlsx#872@2026-08-10
2000218,Policarbonato AR,TRABAJO_BAJO_PEDIDO,Cristales,Laboratorio Optilab,,,,,UNIDAD,origen: PILAR=P2 - Inventario.xlsx#873@2026-08-10
2000219,Multiblue Foto Ar,TRABAJO_BAJO_PEDIDO,Cristales,Laboratorio Optilab,,,,,UNIDAD,origen: PILAR=P2 - Inventario.xlsx#880@2026-08-10
2000227,Progresivo Rodensto,TRABAJO_BAJO_PEDIDO,Cristales,Laboratorio Optilab,,,,,UNIDAD,origen: PILAR=P2 - Inventario.xlsx#866@2026-08-10
2000239,POLIBLUE,TRABAJO_BAJO_PEDIDO,Cristales,FENIX,,,,,UNIDAD,origen: PILAR=P2 - Inventario.xlsx#867@2026-08-10
300650370707,Opti free Puremoist 90ml,PRODUCTO_STOCKEABLE,Líquidos Multipropósitos,OptiFree,,,,,UNIDAD,origen: ASUNCION=PC - Inventario.xlsx#8415@2026-08-03 | PILAR=P2 - Inventario.xlsx#1027@2026-08-10
300653145470,Opti free Express 355ml,PRODUCTO_STOCKEABLE,Líquidos Multipropósitos,Optifree,,,,,UNIDAD,variante en PILAR (P2 - Inventario.xlsx fila 1023): Optifree Express 355ml || origen: ASUNCION=PC - Inventario.xlsx#8399@2026-08-03 | PILAR=P2 - Inventario.xlsx#1023@2026-08-10
300653610800,Solución multipropósito,PRODUCTO_STOCKEABLE,Líquidos Multipropósitos,Optifree,,,,,UNIDAD,origen: ASUNCION=PC - Inventario.xlsx#8412@2026-08-03
300653611005,Optifree Puremoist 120ml,PRODUCTO_STOCKEABLE,Líquidos Multipropósitos,OptiFree,,,,,UNIDAD,origen: ASUNCION=PC - Inventario.xlsx#8407@2026-08-03 | PILAR=P2 - Inventario.xlsx#1031@2026-08-10
300653611692,Optifree Puremoist 60ml,PRODUCTO_STOCKEABLE,Líquidos Multipropósitos,,,,,,UNIDAD,origen: ASUNCION=PC - Inventario.xlsx#8405@2026-08-03
310119033227,Renu Baush & Lomb 120ml (sin estuche),PRODUCTO_STOCKEABLE,Líquidos Multipropósitos,Renu,,,,,UNIDAD,origen: ASUNCION=PC - Inventario.xlsx#8416@2026-08-03 | PILAR=P2 - Inventario.xlsx#1025@2026-08-10
310119033340,Renu Baush & Lomb 355ml,PRODUCTO_STOCKEABLE,Líquidos Multipropósitos,Renu,,,,,UNIDAD,origen: ASUNCION=PC - Inventario.xlsx#8417@2026-08-03 | PILAR=P2 - Inventario.xlsx#1026@2026-08-10
310119037805,BIOTRUE MULTIUSO HYALURONATO 120ML,PRODUCTO_STOCKEABLE,Líquidos Multipropósitos,Biotrue,,,,,UNIDAD,origen: ASUNCION=PC - Inventario.xlsx#8400@2026-08-03 | PILAR=P2 - Inventario.xlsx#1024@2026-08-10
310119052136,ReNu Plus Gotas 8ml,PRODUCTO_STOCKEABLE,Medicamentos,Renu,,,,,UNIDAD,origen: ASUNCION=PC - Inventario.xlsx#8419@2026-08-03
630175476043,Dailies -5.25,PRODUCTO_STOCKEABLE,Lente de contacto,DAILIES,,,,,UNIDAD,origen: ASUNCION=PC - Inventario.xlsx#7779@2026-08-03
730821598041,Freshlook Colorblends blue +1.50,PRODUCTO_STOCKEABLE,Lente de contacto,Freshlook,,,,,UNIDAD,origen: PILAR=P2 - Inventario.xlsx#947@2026-08-10
730821598232,FreshLook Blue Neutro,PRODUCTO_STOCKEABLE,Lente de contacto,Freshlook,,,,,UNIDAD,origen: PILAR=P2 - Inventario.xlsx#892@2026-08-10
730821599345,Freshlook Colorblends Gray +5.50,PRODUCTO_STOCKEABLE,Lente de contacto,Freshlook,,,,,UNIDAD,origen: PILAR=P2 - Inventario.xlsx#954@2026-08-10
730821599376,FreshLook Colorblends Gray,PRODUCTO_STOCKEABLE,Lente de contacto,Freshlook,,,,,UNIDAD,origen: ASUNCION=PC - Inventario.xlsx#7715@2026-08-03
730821599949,Freshlook Green Neutro,PRODUCTO_STOCKEABLE,Lente de contacto,Freshlook,,,,,UNIDAD,origen: ASUNCION=PC - Inventario.xlsx#7676@2026-08-03
730821599963,FreshLook Verde -0.50,PRODUCTO_STOCKEABLE,Lente de contacto,Freshlook,,,,,UNIDAD,origen: PILAR=P2 - Inventario.xlsx#889@2026-08-10
730821599987,FRESHLOOK GREEN -1.00,PRODUCTO_STOCKEABLE,Lente de contacto,Freshlook,,,,,UNIDAD,origen: PILAR=P2 - Inventario.xlsx#951@2026-08-10
730821600003,FreshLook Colorblends Green -1.50,PRODUCTO_STOCKEABLE,Lente de contacto,Freshlook,,,,,UNIDAD,origen: PILAR=P2 - Inventario.xlsx#940@2026-08-10
730821600386,FRESHLOOK HONEY +3.00,PRODUCTO_STOCKEABLE,Lente de contacto,Freshlook,,,,,UNIDAD,origen: PILAR=P2 - Inventario.xlsx#949@2026-08-10
730821600515,FreshLook Colorblends Honey -0.00,PRODUCTO_STOCKEABLE,Lente de contacto,Freshlook,,,,,UNIDAD,variante en ASUNCION (PC - Inventario.xlsx fila 7526): Freshlook Colorblend Honey -0.00 || origen: ASUNCION=PC - Inventario.xlsx#7526@2026-08-03 | PILAR=P2 - Inventario.xlsx#944@2026-08-10
730821690646,FreshLook Colorblends PureHazel,PRODUCTO_STOCKEABLE,Lente de contacto,Freshlook,,,,,UNIDAD,variante en PILAR (P2 - Inventario.xlsx fila 893): FRESHLOOK PURE HAZEL || origen: ASUNCION=PC - Inventario.xlsx#7714@2026-08-03 | PILAR=P2 - Inventario.xlsx#893@2026-08-10
730821690738,FreshLook Colorblends PureHazel -2.25,PRODUCTO_STOCKEABLE,Lente de contacto,Freshlook,,,,,UNIDAD,origen: PILAR=P2 - Inventario.xlsx#939@2026-08-10
733905562600,ACUVUE OASYS -0.50,PRODUCTO_STOCKEABLE,Lente de contacto,Acuvue Oasys,,,,,UNIDAD,origen: ASUNCION=PC - Inventario.xlsx#7780@2026-08-03
733905562617,Acuvue Oasys -0.75,PRODUCTO_STOCKEABLE,Lente de contacto,Acuvue Oasys,,,,,UNIDAD,origen: ASUNCION=PC - Inventario.xlsx#7652@2026-08-03
733905562624,Acuvue Oasys -1.00,PRODUCTO_STOCKEABLE,Lente de contacto,Acuvue Oasys,,,,,UNIDAD,origen: ASUNCION=PC - Inventario.xlsx#7649@2026-08-03
733905562631,Acuvue Oasys -1.25,PRODUCTO_STOCKEABLE,Lente de contacto,Acuvue Oasys,,,,,UNIDAD,origen: ASUNCION=PC - Inventario.xlsx#7650@2026-08-03
733905562648,Acuvue Oasys -1.50,PRODUCTO_STOCKEABLE,Lente de contacto,Acuvue Oasys,,,,,UNIDAD,origen: ASUNCION=PC - Inventario.xlsx#7648@2026-08-03
733905562655,Acuvue Oasys -1.75,PRODUCTO_STOCKEABLE,Lente de contacto,Acuvue Oasys,,,,,UNIDAD,origen: ASUNCION=PC - Inventario.xlsx#7651@2026-08-03
733905562716,Acuvue Oasys -2.00,PRODUCTO_STOCKEABLE,Lente de contacto,Acuvue Oasys,,,,,UNIDAD,origen: ASUNCION=PC - Inventario.xlsx#7718@2026-08-03
733905562723,Acuvue Oasys -2.25,PRODUCTO_STOCKEABLE,Lente de contacto,Acuvue Oasys,,,,,UNIDAD,origen: ASUNCION=PC - Inventario.xlsx#7660@2026-08-03
733905562730,Acuvue Oasys -2.50,PRODUCTO_STOCKEABLE,Lente de contacto,Acuvue Oasys,,,,,UNIDAD,origen: ASUNCION=PC - Inventario.xlsx#7662@2026-08-03
733905562754,Acuvue Oasys -3.00,PRODUCTO_STOCKEABLE,Lente de contacto,Acuvue Oasys,,,,,UNIDAD,origen: ASUNCION=PC - Inventario.xlsx#7628@2026-08-03
733905562761,Acuvue Oasys -3.25,PRODUCTO_STOCKEABLE,Lente de contacto,Acuvue Oasys,,,,,UNIDAD,origen: ASUNCION=PC - Inventario.xlsx#7600@2026-08-03
733905562778,Acuvue Oasys -3.50,PRODUCTO_STOCKEABLE,Lente de contacto,Acuvue Oasys,,,,,UNIDAD,origen: ASUNCION=PC - Inventario.xlsx#7609@2026-08-03
733905562785,Acuvue Oasys -3.75,PRODUCTO_STOCKEABLE,Lente de contacto,Acuvue Oasys,,,,,UNIDAD,origen: ASUNCION=PC - Inventario.xlsx#7620@2026-08-03
733905562792,Acuvue Oasys -4.00,PRODUCTO_STOCKEABLE,Lente de contacto,Acuvue Oasys,,,,,UNIDAD,origen: ASUNCION=PC - Inventario.xlsx#7695@2026-08-03
733905562808,Acuvue Oasys -4.25,PRODUCTO_STOCKEABLE,Lente de contacto,Acuvue Oasys,,,,,UNIDAD,origen: ASUNCION=PC - Inventario.xlsx#7659@2026-08-03
733905562815,Acuvue Oasys -4.50,PRODUCTO_STOCKEABLE,Lente de contacto,Acuvue Oasys,,,,,UNIDAD,origen: ASUNCION=PC - Inventario.xlsx#7624@2026-08-03
733905562839,Acuvue Oasys -5.00,PRODUCTO_STOCKEABLE,Lente de contacto,Acuvue Oasys,,,,,UNIDAD,origen: ASUNCION=PC - Inventario.xlsx#7614@2026-08-03
733905562846,Acuvue Oasys -5.25,PRODUCTO_STOCKEABLE,Lente de contacto,Acuvue Oasys,,,,,UNIDAD,origen: ASUNCION=PC - Inventario.xlsx#7663@2026-08-03
733905562860,Acuvue Oasys Hydraclear -5.75,PRODUCTO_STOCKEABLE,Lente de contacto,Acuvue Oasys,,,,,UNIDAD,origen: ASUNCION=PC - Inventario.xlsx#7687@2026-08-03
733905562877,Acuvue Oasys -6.00,PRODUCTO_STOCKEABLE,Lente de contacto,Acuvue Oasys,,,,,UNIDAD,origen: ASUNCION=PC - Inventario.xlsx#7632@2026-08-03
733905562891,Acuvue Oasys -7.00,PRODUCTO_STOCKEABLE,Lente de contacto,Acuvue Oasys,,,,,UNIDAD,origen: ASUNCION=PC - Inventario.xlsx#7459@2026-08-03
733905577130,1 Day Acuvue Moist -1.25,PRODUCTO_STOCKEABLE,Lente de contacto,Acuvue Moist,,,,,UNIDAD,origen: ASUNCION=PC - Inventario.xlsx#7491@2026-08-03
733905577147,Acuvue Moist 1 Day -1.50,PRODUCTO_STOCKEABLE,Lente de contacto,1 Day Acuvue Moist,,,,,UNIDAD,origen: PILAR=P2 - Inventario.xlsx#957@2026-08-10
733905577307,1 DAY ACUVUE MOIST -5.50,PRODUCTO_STOCKEABLE,Lente de contacto,Acuvue Moist,,,,,UNIDAD,origen: ASUNCION=PC - Inventario.xlsx#7549@2026-08-03
733905670800,Acuvue Oasys Astigmatismo -2.75 -1.25 a 180º,PRODUCTO_STOCKEABLE,Lente de contacto,Acuvue Oasys Astigmatismo,,,,,UNIDAD,origen: PILAR=P2 - Inventario.xlsx#946@2026-08-10
733905673320,ACVUVUE OASYS +0.00 -1.75 180,PRODUCTO_STOCKEABLE,Lente de contacto,Acuvue Oasys,,,,,UNIDAD,origen: ASUNCION=PC - Inventario.xlsx#7574@2026-08-03
73390577147,1 Day Acuvue Moist -1.50,PRODUCTO_STOCKEABLE,Lente de contacto,Acuvue Moist,,,,,UNIDAD,origen: ASUNCION=PC - Inventario.xlsx#7511@2026-08-03
733905810015,Acuvue 2 -0.50,PRODUCTO_STOCKEABLE,Lente de contacto,Acuvue 2,,,,,UNIDAD,origen: PILAR=P2 - Inventario.xlsx#952@2026-08-10
733905810039,Acuvue 2 -0.75,PRODUCTO_STOCKEABLE,Lente de contacto,Acuvue 2,,,,,UNIDAD,origen: PILAR=P2 - Inventario.xlsx#922@2026-08-10
733905810053,Acuvue 2 -1.00,PRODUCTO_STOCKEABLE,Lente de contacto,Acuvue 2,,,,,UNIDAD,origen: PILAR=P2 - Inventario.xlsx#923@2026-08-10
733905810077,Acuvue 2 -1.25,PRODUCTO_STOCKEABLE,Lente de contacto,Acuvue 2,,,,,UNIDAD,origen: ASUNCION=PC - Inventario.xlsx#7690@2026-08-03 | PILAR=P2 - Inventario.xlsx#924@2026-08-10
733905810091,Acuvue 2 -1.50,PRODUCTO_STOCKEABLE,Lente de contacto,Acuvue 2,,,,,UNIDAD,origen: ASUNCION=PC - Inventario.xlsx#7698@2026-08-03 | PILAR=P2 - Inventario.xlsx#925@2026-08-10
733905810114,Acuvue 2  -1.75,PRODUCTO_STOCKEABLE,Lente de contacto,Acuvue 2,,,,,UNIDAD,origen: PILAR=P2 - Inventario.xlsx#920@2026-08-10
733905810138,Acuvue 2 -2.00,PRODUCTO_STOCKEABLE,Lente de contacto,Acuvue 2,,,,,UNIDAD,origen: PILAR=P2 - Inventario.xlsx#930@2026-08-10
733905810152,Acuvue 2 -2.25,PRODUCTO_STOCKEABLE,Lente de contacto,Acuvue 2,,,,,UNIDAD,origen: PILAR=P2 - Inventario.xlsx#933@2026-08-10
733905810176,Acuvue 2 -2.50,PRODUCTO_STOCKEABLE,Lente de contacto,Acuvue 2,,,,,UNIDAD,origen: PILAR=P2 - Inventario.xlsx#898@2026-08-10
733905810183,Acuvue 2 +2.50,PRODUCTO_STOCKEABLE,Lente de contacto,Acuvue 2,,,,,UNIDAD,origen: ASUNCION=PC - Inventario.xlsx#7531@2026-08-03
733905810190,Acuvue 2 -2.75,PRODUCTO_STOCKEABLE,Lente de contacto,Acuvue 2,,,,,UNIDAD,origen: ASUNCION=PC - Inventario.xlsx#7484@2026-08-03 | PILAR=P2 - Inventario.xlsx#886@2026-08-10
733905810213,Acuvue 2 -3.00,PRODUCTO_STOCKEABLE,Lente de contacto,Acuvue 2,,,,,UNIDAD,origen: PILAR=P2 - Inventario.xlsx#909@2026-08-10
733905810237,Acuvue 2 -3.25,PRODUCTO_STOCKEABLE,Lente de contacto,Acuvue 2,,,,,UNIDAD,origen: PILAR=P2 - Inventario.xlsx#934@2026-08-10
733905810251,Acuvue 2 -3.50,PRODUCTO_STOCKEABLE,Lente de contacto,,,,,,UNIDAD,origen: ASUNCION=PC - Inventario.xlsx#7508@2026-08-03 | PILAR=P2 - Inventario.xlsx#890@2026-08-10
733905810275,Acuvue 2 -3.75,PRODUCTO_STOCKEABLE,Lente de contacto,Acuvue 2,,,,,UNIDAD,origen: PILAR=P2 - Inventario.xlsx#885@2026-08-10
733905810299,Acuvue 2 -4.00,PRODUCTO_STOCKEABLE,Lente de contacto,Acuvue 2,,,,,UNIDAD,origen: PILAR=P2 - Inventario.xlsx#929@2026-08-10
733905810312,Acuvue2 -4.25,PRODUCTO_STOCKEABLE,Lente de contacto,Acuvue 2,,,,,UNIDAD,origen: PILAR=P2 - Inventario.xlsx#919@2026-08-10
733905810336,Acuvue 2 -4.50,PRODUCTO_STOCKEABLE,Lente de contacto,Acuvue 2,,,,,UNIDAD,origen: PILAR=P2 - Inventario.xlsx#927@2026-08-10
733905810350,Acuvue 2 -4.75,PRODUCTO_STOCKEABLE,Lente de contacto,Acuvue 2,,,,,UNIDAD,origen: PILAR=P2 - Inventario.xlsx#926@2026-08-10
733905810374,Acuvue 2  -5.00,PRODUCTO_STOCKEABLE,Lente de contacto,Acuvue 2,,,,,UNIDAD,origen: PILAR=P2 - Inventario.xlsx#884@2026-08-10
733905810398,Acuvue -5.25,PRODUCTO_STOCKEABLE,Lente de contacto,Acuvue 2,,,,,UNIDAD,origen: PILAR=P2 - Inventario.xlsx#928@2026-08-10
733905810411,Acuvue2 -5.50,PRODUCTO_STOCKEABLE,Lente de contacto,Acuvue 2,,,,,UNIDAD,origen: PILAR=P2 - Inventario.xlsx#903@2026-08-10
733905810435,Acuvue 2 -5.75,PRODUCTO_STOCKEABLE,Lente de contacto,Acuvue 2,,,,,UNIDAD,origen: ASUNCION=PC - Inventario.xlsx#7764@2026-08-03 | PILAR=P2 - Inventario.xlsx#932@2026-08-10
733905810459,Acuvue 2 -6.00,PRODUCTO_STOCKEABLE,Lente de contacto,Acuvue 2,,,,,UNIDAD,origen: PILAR=P2 - Inventario.xlsx#931@2026-08-10
733905810480,ACUVUE 2 +6.50,PRODUCTO_STOCKEABLE,Lente de contacto,Acuvue 2,,,,,UNIDAD,origen: ASUNCION=PC - Inventario.xlsx#7747@2026-08-03
733905810503,ACUVUE 2 +7.00,PRODUCTO_STOCKEABLE,Lente de contacto,Acuvue 2,,,,,UNIDAD,origen: ASUNCION=PC - Inventario.xlsx#7745@2026-08-03
733905810510,ACUVUE 2 -7.50,PRODUCTO_STOCKEABLE,Lente de contacto,Acuvue 2,,,,,UNIDAD,origen: PILAR=P2 - Inventario.xlsx#950@2026-08-10
733905810596,Acuvue 2 -9.50,PRODUCTO_STOCKEABLE,Lente de contacto,Acuvue 2,,,,,UNIDAD,origen: PILAR=P2 - Inventario.xlsx#958@2026-08-10
733905810619,Acuvue2 -10.00,PRODUCTO_STOCKEABLE,Lente de contacto,Acuvue 2,,,,,UNIDAD,origen: PILAR=P2 - Inventario.xlsx#905@2026-08-10
733905810695,Acuvue 2 -12,PRODUCTO_STOCKEABLE,Lente de contacto,Acuvue 2,,,,,UNIDAD,origen: ASUNCION=PC - Inventario.xlsx#7586@2026-08-03
733905992858,Acuvue Vita -4.50,PRODUCTO_STOCKEABLE,Lente de contacto,Acuvue Vita,,,,,UNIDAD,origen: ASUNCION=PC - Inventario.xlsx#7760@2026-08-03
733905992872,Acuvue Vita -4,PRODUCTO_STOCKEABLE,Lente de contacto,Acuvue Vita,,,,,UNIDAD,origen: ASUNCION=PC - Inventario.xlsx#7565@2026-08-03
733905992926,Acuvue Vita -2.75,PRODUCTO_STOCKEABLE,Lente de contacto,Acuvue Vita,,,,,UNIDAD,origen: ASUNCION=PC - Inventario.xlsx#7560@2026-08-03
733905992957,Acuvue Vita -2,PRODUCTO_STOCKEABLE,Lente de contacto,Acuvue Vita,,,,,UNIDAD,origen: ASUNCION=PC - Inventario.xlsx#7558@2026-08-03 | PILAR=P2 - Inventario.xlsx#961@2026-08-10
733905992964,Acuvue Vita -1.75,PRODUCTO_STOCKEABLE,Lente de contacto,Acuvue Vita,,,,,UNIDAD,origen: ASUNCION=PC - Inventario.xlsx#7557@2026-08-03 | PILAR=P2 - Inventario.xlsx#960@2026-08-10
733905992971,Acuvue Vita -1.50,PRODUCTO_STOCKEABLE,Lente de contacto,Acuvue Vita,,,,,UNIDAD,origen: ASUNCION=PC - Inventario.xlsx#7556@2026-08-03
733905992995,Acuvue Vita -1,PRODUCTO_STOCKEABLE,Lente de contacto,Acuvue Vita,,,,,UNIDAD,origen: ASUNCION=PC - Inventario.xlsx#7554@2026-08-03 | PILAR=P2 - Inventario.xlsx#959@2026-08-10
733905993077,ACUVUE VITA +1.75,PRODUCTO_STOCKEABLE,Lente de contacto,Acuvue Vita,,,,,UNIDAD,origen: ASUNCION=PC - Inventario.xlsx#7580@2026-08-03
733905993169,Acvue Vita +4,PRODUCTO_STOCKEABLE,Lente de contacto,Acuvue Vita,,,,,UNIDAD,origen: ASUNCION=PC - Inventario.xlsx#7585@2026-08-03
73395577239,1-Day Acuvue Moist -3.75,PRODUCTO_STOCKEABLE,Lente de contacto,Acuvue Moist,,,,,UNIDAD,origen: ASUNCION=PC - Inventario.xlsx#7528@2026-08-03
7841134010342,Acuatears 10ml,PRODUCTO_STOCKEABLE,Líquidos Multipropósitos,Eticos,,,,,UNIDAD,variante en ASUNCION (PC - Inventario.xlsx fila 8402): Acuatear  10ml || origen: ASUNCION=PC - Inventario.xlsx#8402@2026-08-03 | PILAR=P2 - Inventario.xlsx#1029@2026-08-10
785810979967,Soflens +4.00,PRODUCTO_STOCKEABLE,Lente de contacto,Soflens,,,,,UNIDAD,origen: PILAR=P2 - Inventario.xlsx#921@2026-08-10
785810980147,Soflens -2.75,PRODUCTO_STOCKEABLE,Lente de contacto,Soflens,,,,,UNIDAD,origen: ASUNCION=PC - Inventario.xlsx#7594@2026-08-03
7909023005630,COLOR VISION Blue (Azul),PRODUCTO_STOCKEABLE,Lente de contacto,Color Vision,,,,,UNIDAD,variante en PILAR (P2 - Inventario.xlsx fila 899): Blue (Azul) || origen: ASUNCION=PC - Inventario.xlsx#7671@2026-08-03 | PILAR=P2 - Inventario.xlsx#899@2026-08-10
7909023006392,COLOR VISION Gray (Gris),PRODUCTO_STOCKEABLE,Lente de contacto,Color Vision,,,,,UNIDAD,variante en ASUNCION (PC - Inventario.xlsx fila 7673): Gray (Gris) || origen: ASUNCION=PC - Inventario.xlsx#7673@2026-08-03 | PILAR=P2 - Inventario.xlsx#901@2026-08-10
7909023006415,Gray +0.50,PRODUCTO_STOCKEABLE,Lente de contacto,Color Vision,,,,,UNIDAD,origen: PILAR=P2 - Inventario.xlsx#942@2026-08-10
7909023006491,Gray +2.50,PRODUCTO_STOCKEABLE,Lente de contacto,Color Vision,,,,,UNIDAD,origen: PILAR=P2 - Inventario.xlsx#943@2026-08-10
7909023006804,Color Vision Gray -1.50,PRODUCTO_STOCKEABLE,Lente de contacto,Color Vision,,,,,UNIDAD,origen: ASUNCION=PC - Inventario.xlsx#7781@2026-08-03
7909023006965,COLOR VISION GRAY -5.50,PRODUCTO_STOCKEABLE,Lente de contacto,Color Vision,,,,,UNIDAD,origen: ASUNCION=PC - Inventario.xlsx#7524@2026-08-03
7909023007153,Color vision Dark Gray +0.00,PRODUCTO_STOCKEABLE,Lente de contacto,Color Vision,,,,,UNIDAD,origen: ASUNCION=PC - Inventario.xlsx#7463@2026-08-03 | PILAR=P2 - Inventario.xlsx#955@2026-08-10
7909023007894,Hazel (Color Avellana),PRODUCTO_STOCKEABLE,Lente de contacto,Color Vision,,,,,UNIDAD,origen: ASUNCION=PC - Inventario.xlsx#7672@2026-08-03
7909023008587,COLOR VISION Green (Verde),PRODUCTO_STOCKEABLE,Lente de contacto,Color Vision,,,,,UNIDAD,variante en ASUNCION (PC - Inventario.xlsx fila 7674): Color Vision Green +0.00 || origen: ASUNCION=PC - Inventario.xlsx#7674@2026-08-03 | PILAR=P2 - Inventario.xlsx#900@2026-08-10
7909023008976,Color Vision Blue Gray,PRODUCTO_STOCKEABLE,Lente de contacto,Color Vision,,,,,UNIDAD,origen: PILAR=P2 - Inventario.xlsx#956@2026-08-10
7909023009850,ColorVision Green -6.00,PRODUCTO_STOCKEABLE,Lente de contacto,Color Vision,,,,,UNIDAD,origen: ASUNCION=PC - Inventario.xlsx#7529@2026-08-03
829166960697,Biofinity Torico -2.00 -1.75 160º,PRODUCTO_STOCKEABLE,Lente de contacto,Biofinity Toric,,,,,UNIDAD,origen: ASUNCION=PC - Inventario.xlsx#7541@2026-08-03
829196663093,Biofinity -2.50,PRODUCTO_STOCKEABLE,Lente de contacto,Biofinity,,,,,UNIDAD,origen: ASUNCION=PC - Inventario.xlsx#7633@2026-08-03
829196663253,Biofinity -7.00,PRODUCTO_STOCKEABLE,Lente de contacto,Biofinity,,,,,UNIDAD,origen: ASUNCION=PC - Inventario.xlsx#7618@2026-08-03
829196959073,Biofinity -1.50 -1.25 a 160º,PRODUCTO_STOCKEABLE,Lente de contacto,Biofinity,,,,,UNIDAD,origen: ASUNCION=PC - Inventario.xlsx#7634@2026-08-03
829196965753,Biofinity Toric -3.75 -1.75 180º,PRODUCTO_STOCKEABLE,Lente de contacto,Biofinity Toric,,,,,UNIDAD,origen: ASUNCION=PC - Inventario.xlsx#7774@2026-08-03 | PILAR=P2 - Inventario.xlsx#945@2026-08-10
829196966286,BIOFINITY TORIC -4.00 -1.25 X 170º,PRODUCTO_STOCKEABLE,Lente de contacto,Biofinity Toric,,,,,UNIDAD,origen: ASUNCION=PC - Inventario.xlsx#7739@2026-08-03
829196968464,BIOFINITY TORIC -4.75 -1.75 010º,PRODUCTO_STOCKEABLE,Lente de contacto,Biofinity Toric,,,,,UNIDAD,variante en PILAR (P2 - Inventario.xlsx fila 935): -4.75 -1.75 010 || origen: ASUNCION=PC - Inventario.xlsx#7773@2026-08-03 | PILAR=P2 - Inventario.xlsx#935@2026-08-10
829196970795,Biofinity Toric -5.50,PRODUCTO_STOCKEABLE,Lente de contacto,Biofinity,,,,,UNIDAD,origen: ASUNCION=PC - Inventario.xlsx#7645@2026-08-03
829196970801,Biofinity Toric -550 -225 010º,PRODUCTO_STOCKEABLE,Lente de contacto,Biofinity Toric,,,,,UNIDAD,origen: PILAR=P2 - Inventario.xlsx#948@2026-08-10
829196970962,Biofinity Toric -550 -225 170º,PRODUCTO_STOCKEABLE,Lente de contacto,Biofinity Toric,,,,,UNIDAD,origen: PILAR=P2 - Inventario.xlsx#941@2026-08-10
829196972126,BIOFINITY TORICO -6.00 -1.75 070º,PRODUCTO_STOCKEABLE,Lente de contacto,Biofinity Toric,,,,,UNIDAD,origen: ASUNCION=PC - Inventario.xlsx#7786@2026-08-03
829196972768,Biofinity Toric -6.50,PRODUCTO_STOCKEABLE,Lente de contacto,Biofinity,,,,,UNIDAD,origen: ASUNCION=PC - Inventario.xlsx#7644@2026-08-03
829196973581,BIOFINITY TORICO -7.00 -1.75 090º,PRODUCTO_STOCKEABLE,Lente de contacto,Biofinity Toric,,,,,UNIDAD,origen: ASUNCION=PC - Inventario.xlsx#7785@2026-08-03
8431306012299,Avizor Alvera 100ml,PRODUCTO_STOCKEABLE,Líquidos Multipropósitos,Avizor,,,,,UNIDAD,origen: ASUNCION=PC - Inventario.xlsx#8411@2026-08-03
8431306061204,Lacrifresh Cleaning 15ml,PRODUCTO_STOCKEABLE,Líquidos Multipropósitos,Lacrifresh,,,,,UNIDAD,origen: ASUNCION=PC - Inventario.xlsx#8404@2026-08-03
8431306061259,Avizor Unica Sensitive 350ml,PRODUCTO_STOCKEABLE,Líquidos Multipropósitos,Unica Sensitive,,,,,UNIDAD,origen: ASUNCION=PC - Inventario.xlsx#8413@2026-08-03
8431306062119,Avizor  Unica Sensitive 100ml,PRODUCTO_STOCKEABLE,Líquidos Multipropósitos,Unica Sensitive,,,,,UNIDAD,origen: PILAR=P2 - Inventario.xlsx#1028@2026-08-10
8431306067374,Lacrifresh Moisture 15ml,PRODUCTO_STOCKEABLE,Líquidos Multipropósitos,Avizor,,,,,UNIDAD,origen: PILAR=P2 - Inventario.xlsx#1030@2026-08-10
846566835119,Air Optic Colors Pure HAZEL -0.00,PRODUCTO_STOCKEABLE,Lente de contacto,Air Optix Colors,,,,,UNIDAD,variante en ASUNCION (PC - Inventario.xlsx fila 7666): AIR OPTIX COLORS -0.00 PURE HAZEL || origen: ASUNCION=PC - Inventario.xlsx#7666@2026-08-03 | PILAR=P2 - Inventario.xlsx#937@2026-08-10
846566835560,Air Optix Colors Honey -0.00,PRODUCTO_STOCKEABLE,Lente de contacto,Air Optix Colors,,,,,UNIDAD,origen: ASUNCION=PC - Inventario.xlsx#7481@2026-08-03
846566835911,AIR OPTIX COLORS GREEN +3,PRODUCTO_STOCKEABLE,Lente de contacto,Air Optix Colors,,,,,UNIDAD,origen: ASUNCION=PC - Inventario.xlsx#7768@2026-08-03
846566836017,Air Optix Colors Green  -0.00,PRODUCTO_STOCKEABLE,Lente de contacto,Air Optix Colors,,,,,UNIDAD,variante en ASUNCION (PC - Inventario.xlsx fila 7665): AIR OPTIX COLORS -0.00 GREEN || origen: ASUNCION=PC - Inventario.xlsx#7665@2026-08-03 | PILAR=P2 - Inventario.xlsx#936@2026-08-10
846566836086,AIR OPTIX COLORS GREEN -1.75,PRODUCTO_STOCKEABLE,Lente de contacto,Air Optix Colors,,,,,UNIDAD,origen: ASUNCION=PC - Inventario.xlsx#7771@2026-08-03
846566836208,AIR OPTIX COLORS GREEN -4.75,PRODUCTO_STOCKEABLE,Lente de contacto,Air Optix Colors,,,,,UNIDAD,origen: ASUNCION=PC - Inventario.xlsx#7775@2026-08-03
846566836215,AIR OPTIX COLORS GREEN -5.00,PRODUCTO_STOCKEABLE,Lente de contacto,Air Optix Colors,,,,,UNIDAD,origen: ASUNCION=PC - Inventario.xlsx#7738@2026-08-03
846566836918,Air Optix Colors Blue Neutro,PRODUCTO_STOCKEABLE,Lente de contacto,Air Optix Colors,,,,,UNIDAD,variante en ASUNCION (PC - Inventario.xlsx fila 7731): Air Optix Colors Blue || origen: ASUNCION=PC - Inventario.xlsx#7731@2026-08-03 | PILAR=P2 - Inventario.xlsx#953@2026-08-10
846566837816,AIR OPTIX COLORS -0.00 GRAY,PRODUCTO_STOCKEABLE,Lente de contacto,Air Optix Colors,,,,,UNIDAD,variante en PILAR (P2 - Inventario.xlsx fila 938): Air Optix Color Gray -0.00 || origen: ASUNCION=PC - Inventario.xlsx#7667@2026-08-03 | PILAR=P2 - Inventario.xlsx#938@2026-08-10
846566837830,AIR OPTIX COLORS GRAY -0.50,PRODUCTO_STOCKEABLE,Lente de contacto,Air Optix Colors,,,,,UNIDAD,origen: ASUNCION=PC - Inventario.xlsx#7737@2026-08-03
846566838097,AIR OPTIX COLORS GRAY -8,PRODUCTO_STOCKEABLE,Lente de contacto,Air Optix Colors,,,,,UNIDAD,origen: ASUNCION=PC - Inventario.xlsx#7579@2026-08-03
846566841776,Air Optix Colors Pure Hazel +2.25,PRODUCTO_STOCKEABLE,Lente de contacto,Air Optix Colors,,,,,UNIDAD,origen: ASUNCION=PC - Inventario.xlsx#7670@2026-08-03
846566917471,Air Optix Hydraglyde -0.50,PRODUCTO_STOCKEABLE,Lente de contacto,Air Optix Hydraglyde,,,,,UNIDAD,origen: ASUNCION=PC - Inventario.xlsx#7777@2026-08-03
846566917488,Air OptiX Hydra Glyde -0.75,PRODUCTO_STOCKEABLE,Lente de contacto,Air Optix Hydraglyde,,,,,UNIDAD,origen: PILAR=P2 - Inventario.xlsx#915@2026-08-10
846566917495,Air Optix -1.00,PRODUCTO_STOCKEABLE,Lente de contacto,Air Optix Hydraglyde,,,,,UNIDAD,origen: PILAR=P2 - Inventario.xlsx#887@2026-08-10
846566917501,Air Optix Hydraglyde -1.25,PRODUCTO_STOCKEABLE,Lente de contacto,Air Optix Hydraglyde,,,,,UNIDAD,origen: ASUNCION=PC - Inventario.xlsx#7684@2026-08-03 | PILAR=P2 - Inventario.xlsx#897@2026-08-10
846566917518,Air OptiX Hydra Glyde -1.50,PRODUCTO_STOCKEABLE,Lente de contacto,Air Optix Hydraglyde,,,,,UNIDAD,variante en PILAR (P2 - Inventario.xlsx fila 891): Air Optix -1.50 || origen: ASUNCION=PC - Inventario.xlsx#7704@2026-08-03 | PILAR=P2 - Inventario.xlsx#891@2026-08-10
846566917525,Air Optix Hydraglyde -1.75,PRODUCTO_STOCKEABLE,Lente de contacto,Air Optix Hydraglyde,,,,,UNIDAD,variante en PILAR (P2 - Inventario.xlsx fila 914): Air Optix -1.75 || origen: ASUNCION=PC - Inventario.xlsx#7683@2026-08-03 | PILAR=P2 - Inventario.xlsx#914@2026-08-10
846566917532,Air Optix -2.00,PRODUCTO_STOCKEABLE,Lente de contacto,Air Optix Hydraglyde,,,,,UNIDAD,origen: ASUNCION=PC - Inventario.xlsx#7696@2026-08-03 | PILAR=P2 - Inventario.xlsx#904@2026-08-10
846566917549,Air OptiX Hydra Glyde -2.25,PRODUCTO_STOCKEABLE,Lente de contacto,Air Optix Hydraglyde,,,,,UNIDAD,variante en PILAR (P2 - Inventario.xlsx fila 888): Air Optix -2.25 || origen: ASUNCION=PC - Inventario.xlsx#7703@2026-08-03 | PILAR=P2 - Inventario.xlsx#888@2026-08-10
846566917556,Air Optix Hydraglyde -2.50,PRODUCTO_STOCKEABLE,Lente de contacto,Air Optix Hydraglyde,,,,,UNIDAD,origen: PILAR=P2 - Inventario.xlsx#911@2026-08-10
846566917563,Air Optix HydraGlyde -2.75,PRODUCTO_STOCKEABLE,Lente de contacto,Air Optix Hydraglyde,,,,,UNIDAD,variante en PILAR (P2 - Inventario.xlsx fila 913): Air Optix -2.75 || origen: ASUNCION=PC - Inventario.xlsx#7700@2026-08-03 | PILAR=P2 - Inventario.xlsx#913@2026-08-10
846566917570,Air OptiX Hydra Glyde -3.00,PRODUCTO_STOCKEABLE,Lente de contacto,Air Optix Hydraglyde,,,,,UNIDAD,origen: ASUNCION=PC - Inventario.xlsx#7702@2026-08-03 | PILAR=P2 - Inventario.xlsx#916@2026-08-10
846566917587,Air Optix Hydraglyde -3.25,PRODUCTO_STOCKEABLE,Lente de contacto,Air Optix Hydraglyde,,,,,UNIDAD,origen: ASUNCION=PC - Inventario.xlsx#7675@2026-08-03 | PILAR=P2 - Inventario.xlsx#896@2026-08-10
846566917594,Air OptiX Hydra Glyde -3.50,PRODUCTO_STOCKEABLE,Lente de contacto,Air Optix Hydraglyde,,,,,UNIDAD,origen: ASUNCION=PC - Inventario.xlsx#7706@2026-08-03 | PILAR=P2 - Inventario.xlsx#918@2026-08-10
846566917600,Air Optix Hydraglyde -3.75,PRODUCTO_STOCKEABLE,Lente de contacto,Air Optix Hydraglyde,,,,,UNIDAD,variante en PILAR (P2 - Inventario.xlsx fila 908): Air Optix -3.75 || origen: ASUNCION=PC - Inventario.xlsx#7678@2026-08-03 | PILAR=P2 - Inventario.xlsx#908@2026-08-10
846566917617,Air Optix Hydraglyde -4.00,PRODUCTO_STOCKEABLE,Lente de contacto,Air Optix Hydraglyde,,,,,UNIDAD,origen: PILAR=P2 - Inventario.xlsx#895@2026-08-10
846566917624,Air Optix Hydraglyde -4.25,PRODUCTO_STOCKEABLE,Lente de contacto,Air Optix Hydraglyde,,,,,UNIDAD,variante en PILAR (P2 - Inventario.xlsx fila 902): AIR OPTIX -4.25 || origen: ASUNCION=PC - Inventario.xlsx#7681@2026-08-03 | PILAR=P2 - Inventario.xlsx#902@2026-08-10
846566917648,Air OptiX Hydra Glyde -4.75,PRODUCTO_STOCKEABLE,Lente de contacto,Air Optix Hydraglyde,,,,,UNIDAD,variante en PILAR (P2 - Inventario.xlsx fila 907): Air Optix -4.75 || origen: ASUNCION=PC - Inventario.xlsx#7708@2026-08-03 | PILAR=P2 - Inventario.xlsx#907@2026-08-10
846566917655,Air Optix Hydraglyde -5.00,PRODUCTO_STOCKEABLE,Lente de contacto,Air Optix Hydraglyde,,,,,UNIDAD,origen: PILAR=P2 - Inventario.xlsx#910@2026-08-10
846566917662,Air OptiX Hydra Glyde -5.25,PRODUCTO_STOCKEABLE,Lente de contacto,Air Optix Hydraglyde,,,,,UNIDAD,origen: ASUNCION=PC - Inventario.xlsx#7709@2026-08-03 | PILAR=P2 - Inventario.xlsx#917@2026-08-10
846566917679,Air OptiX Hydra Glyde -5.50,PRODUCTO_STOCKEABLE,Lente de contacto,Air Optix Hydraglyde,,,,,UNIDAD,variante en PILAR (P2 - Inventario.xlsx fila 906): Air Optix -5.50 || origen: ASUNCION=PC - Inventario.xlsx#7710@2026-08-03 | PILAR=P2 - Inventario.xlsx#906@2026-08-10
846566917686,Air OptiX Hydra Glyde -5.75,PRODUCTO_STOCKEABLE,Lente de contacto,Air Optix Hydraglyde,,,,,UNIDAD,variante en PILAR (P2 - Inventario.xlsx fila 894): Air Optix Hydraglyde -5.75 || origen: ASUNCION=PC - Inventario.xlsx#7711@2026-08-03 | PILAR=P2 - Inventario.xlsx#894@2026-08-10
846566917693,Air Optix -6,PRODUCTO_STOCKEABLE,Lente de contacto,Air Optix Hydraglyde,,,,,UNIDAD,origen: PILAR=P2 - Inventario.xlsx#912@2026-08-10
846566917716,Air Optix HydraGlyde -6.50,PRODUCTO_STOCKEABLE,Lente de contacto,Air Optix Hydraglyde,,,,,UNIDAD,origen: ASUNCION=PC - Inventario.xlsx#7595@2026-08-03
846566917785,Air OptiX Hydra Glyde -8.50,PRODUCTO_STOCKEABLE,Lente de contacto,Air Optix Hydraglyde,,,,,UNIDAD,origen: ASUNCION=PC - Inventario.xlsx#7713@2026-08-03
846566927838,Air Optix Hydraglyde Multifocal -7 add +2,PRODUCTO_STOCKEABLE,Lente de contacto,Air Optix Multifocal,,,,,UNIDAD,origen: ASUNCION=PC - Inventario.xlsx#7587@2026-08-03
ASU-100009,AC PAT FLEX GRIS H9663 49-21-138 C607,PRODUCTO_STOCKEABLE,Armazones,,,,,,UNIDAD,origen: ASUNCION=PC - Inventario.xlsx#3757@2026-08-03
ASU-100011,AC PAT FLEX NEGRO K9516 54-17-140 C206,PRODUCTO_STOCKEABLE,Armazones,,,,,,UNIDAD,origen: ASUNCION=PC - Inventario.xlsx#3808@2026-08-03
ASU-100016,AC PAT FLEX NEGRO K9516 54-17-140 C603,PRODUCTO_STOCKEABLE,Armazones,,,,,,UNIDAD,origen: ASUNCION=PC - Inventario.xlsx#3809@2026-08-03
ASU-100019,AC PAT FIJA AZUL K9439 52-20-145 CF706,PRODUCTO_STOCKEABLE,Armazones,,,,,,UNIDAD,origen: ASUNCION=PC - Inventario.xlsx#3762@2026-08-03
ASU-100025,AC PAT FLEX GRIS K9403 54-16-140 C776,PRODUCTO_STOCKEABLE,Armazones,,,,,,UNIDAD,origen: ASUNCION=PC - Inventario.xlsx#3774@2026-08-03
ASU-100026,AC PAT FIJA NEGRO K9439 52-20-145 CF206,PRODUCTO_STOCKEABLE,Armazones,,,,,,UNIDAD,origen: ASUNCION=PC - Inventario.xlsx#3763@2026-08-03
ASU-100027,AC PAT FIJA NEGRO K9344 49-19-143 C2,PRODUCTO_STOCKEABLE,Armazones,,,,,,UNIDAD,origen: ASUNCION=PC - Inventario.xlsx#3767@2026-08-03
ASU-100032,AC PAT FIJA AZUL K9497 51-18-142 C909,PRODUCTO_STOCKEABLE,Armazones,,,,,,UNIDAD,origen: ASUNCION=PC - Inventario.xlsx#3804@2026-08-03
ASU-100037,AC PAT FLEX AZUL NEGRO K9716 53-15-135 C756,PRODUCTO_STOCKEABLE,Armazones,,,,,,UNIDAD,origen: ASUNCION=PC - Inventario.xlsx#3792@2026-08-03
ASU-100040,AC PAT FIJA NEGRO K9497 51-18-142 C202,PRODUCTO_STOCKEABLE,Armazones,,,,,,UNIDAD,origen: ASUNCION=PC - Inventario.xlsx#3803@2026-08-03
ASU-100045,AC PAT FLEX AZUL NARANJA H1995 46-15-130 C623,PRODUCTO_STOCKEABLE,Armazones,,,,,,UNIDAD,origen: ASUNCION=PC - Inventario.xlsx#3746@2026-08-03
ASU-100054,AC PAT FLEX ANIMAL PRINT K9220 54-17-145 C249-1,PRODUCTO_STOCKEABLE,Armazones,,,,,,UNIDAD,origen: ASUNCION=PC - Inventario.xlsx#3782@2026-08-03
ASU-100056,AC PAT FIJA MARRON K9497 51-18-142 C404,PRODUCTO_STOCKEABLE,Armazones,,,,,,UNIDAD,origen: ASUNCION=PC - Inventario.xlsx#3802@2026-08-03
ASU-100065,AC PAT FLEX LILA H2201 48-16-130 C603,PRODUCTO_STOCKEABLE,Armazones,,,,,,UNIDAD,origen: ASUNCION=PC - Inventario.xlsx#3748@2026-08-03
ASU-100073,AC PAT FLEX MARRON H2201 48-16-130 C601,PRODUCTO_STOCKEABLE,Armazones,,,,,,UNIDAD,origen: ASUNCION=PC - Inventario.xlsx#3744@2026-08-03
ASU-100074,AC PAT FLEX MARRON H9663 49-21-138 C601,PRODUCTO_STOCKEABLE,Armazones,,,,,,UNIDAD,origen: ASUNCION=PC - Inventario.xlsx#3758@2026-08-03
ASU-100080,AC PAT FLEX TRANSP H2384 54-18-142 C601,PRODUCTO_STOCKEABLE,Armazones,Unicity,,,,,UNIDAD,origen: ASUNCION=PC - Inventario.xlsx#3891@2026-08-03
ASU-100083,AC PAT FLEX NEGRO K9772 54-16-143 C502,PRODUCTO_STOCKEABLE,Armazones,Steffani,,,,,UNIDAD,origen: ASUNCION=PC - Inventario.xlsx#3904@2026-08-03
ASU-100092,AC PAT FLEX ROSA K9771 53-17-143 C524,PRODUCTO_STOCKEABLE,Armazones,Steffani,,,,,UNIDAD,origen: ASUNCION=PC - Inventario.xlsx#3902@2026-08-03
ASU-100093,AC PAT FLEX NEGRO K9771 53-17-143 C502,PRODUCTO_STOCKEABLE,Armazones,Steffani,,,,,UNIDAD,"naturaleza por evidencia: marca Steffani, en Armazones en las 585 filas donde aparece || origen: ASUNCION=PC - Inventario.xlsx#6@2026-08-03"
ASU-100100,AC PAT FLEX NEGRO 9157 47-16-130 C2,PRODUCTO_STOCKEABLE,Armazones,Betania,,,,,UNIDAD,origen: ASUNCION=PC - Inventario.xlsx#4079@2026-08-03
ASU-100104,AC PAT FIJA TRANSP G7076 C2 52-16-140,PRODUCTO_STOCKEABLE,Armazones,Graffiti,,,,,UNIDAD,origen: ASUNCION=PC - Inventario.xlsx#4111@2026-08-03
ASU-100112,AH PAT FLEX GRIS SK799-1 54-19-135 C5,PRODUCTO_STOCKEABLE,Armazones,Betania,,,,,UNIDAD,origen: ASUNCION=PC - Inventario.xlsx#4099@2026-08-03
ASU-100116,AC PAT FLEX TRANSP H2384 54-18-142 C612,PRODUCTO_STOCKEABLE,Armazones,Unicity,,,,,UNIDAD,origen: ASUNCION=PC - Inventario.xlsx#3892@2026-08-03
ASU-100120,AC PAT FLEX NEGRO V1078 55-17-140 C200,PRODUCTO_STOCKEABLE,Armazones,Vicrola,,,,,UNIDAD,origen: ASUNCION=PC - Inventario.xlsx#3895@2026-08-03
ASU-100130,AC PAT FIJA MARRON TR87007 49-19-137 C2,PRODUCTO_STOCKEABLE,Armazones,Altania,,,,,UNIDAD,origen: ASUNCION=PC - Inventario.xlsx#4142@2026-08-03
ASU-100134,AC PAT FLEX MARRON 88640 54-18-140 C2,PRODUCTO_STOCKEABLE,Armazones,Betania,,,,,UNIDAD,origen: ASUNCION=PC - Inventario.xlsx#4135@2026-08-03
ASU-100143,AH PAT FLEX NEGRO C1 55-18,PRODUCTO_STOCKEABLE,Armazones,Betania,,,,,UNIDAD,origen: ASUNCION=PC - Inventario.xlsx#4102@2026-08-03
ASU-100152,AC PAT FIJA NEGRO 6852 52-17-145 C2,PRODUCTO_STOCKEABLE,Armazones,Betania,,,,,UNIDAD,origen: ASUNCION=PC - Inventario.xlsx#4115@2026-08-03
ASU-100164,AC PAT FIJA NEGRO G7033 C3 54-16-140,PRODUCTO_STOCKEABLE,Armazones,Graffiti,,,,,UNIDAD,origen: ASUNCION=PC - Inventario.xlsx#3943@2026-08-03
ASU-100182,AC PAT FIJA MARRON B5608,PRODUCTO_STOCKEABLE,Lentes de Sol,Alfani,,,,,UNIDAD,origen: ASUNCION=PC - Inventario.xlsx#8257@2026-08-03
ASU-100190,AC PAT FLEX NEGRO FUCSIA +3.75,PRODUCTO_STOCKEABLE,Armazones,Proray,,,,,UNIDAD,origen: ASUNCION=PC - Inventario.xlsx#3914@2026-08-03
ASU-100193,AH PAT FLEX PLATEADO NEGRO K8116,PRODUCTO_STOCKEABLE,Armazones,Steffani,,,,,UNIDAD,origen: ASUNCION=PC - Inventario.xlsx#3977@2026-08-03
ASU-100195,AC PAT FLEX NEGRO +3.50,PRODUCTO_STOCKEABLE,Armazones,Proray,,,,,UNIDAD,origen: ASUNCION=PC - Inventario.xlsx#3915@2026-08-03
ASU-100206,AC PAT FLEX BLANCO AM0005 52-19-140 C3,PRODUCTO_STOCKEABLE,Armazones,Betania,,,,,UNIDAD,origen: ASUNCION=PC - Inventario.xlsx#4120@2026-08-03
ASU-100212,AC PAT FIJA NEGRO ROJO 7047 C2 46-15-125,PRODUCTO_STOCKEABLE,Armazones,Eme,,,,,UNIDAD,origen: ASUNCION=PC - Inventario.xlsx#3962@2026-08-03
ASU-100214,AC PAT FIJA ROJO G7077 C3 53-16-140,PRODUCTO_STOCKEABLE,Armazones,Graffiti,,,,,UNIDAD,origen: ASUNCION=PC - Inventario.xlsx#3926@2026-08-03
ASU-100217,AC PAT FIJA LILA TB016 C3 53-17-145,PRODUCTO_STOCKEABLE,Armazones,Graffiti,,,,,UNIDAD,origen: ASUNCION=PC - Inventario.xlsx#3940@2026-08-03
ASU-100219,AC PAT FIJA VERDE RGB005 C1 51-17-140,PRODUCTO_STOCKEABLE,Armazones,Graffiti,,,,,UNIDAD,origen: ASUNCION=PC - Inventario.xlsx#3934@2026-08-03
ASU-100221,AC PAT FIJA NEGRO G7034 C1 53-18-140,PRODUCTO_STOCKEABLE,Armazones,Graffiti,,,,,UNIDAD,origen: ASUNCION=PC - Inventario.xlsx#3937@2026-08-03
ASU-100223,AC PAT FLEX GRIS +2.25,PRODUCTO_STOCKEABLE,Armazones,Proray,,,,,UNIDAD,origen: ASUNCION=PC - Inventario.xlsx#3923@2026-08-03
ASU-100230,AC PAT FLEX NEGRO TRANSP RGE050 C1 54-16-140,PRODUCTO_STOCKEABLE,Armazones,Graffiti,,,,,UNIDAD,origen: ASUNCION=PC - Inventario.xlsx#3947@2026-08-03
ASU-100240,AC APT FLEX ROSA 9151 44-20-130 C12,PRODUCTO_STOCKEABLE,Armazones,Betania,,,,,UNIDAD,"naturaleza por evidencia: marca Betania, en Armazones en las 357 filas donde aparece || origen: ASUNCION=PC - Inventario.xlsx#7@2026-08-03"
ASU-100242,AC PAT FIJA ROSA RGB005 C4 51-17-140,PRODUCTO_STOCKEABLE,Armazones,Graffiti,,,,,UNIDAD,origen: ASUNCION=PC - Inventario.xlsx#3933@2026-08-03
ASU-100246,AH PAT FLEX LILA K9524 51-17-140 C508,PRODUCTO_STOCKEABLE,Armazones,Steffani,,,,,UNIDAD,origen: ASUNCION=PC - Inventario.xlsx#4165@2026-08-03
ASU-100249,AH PAT FLEX MARRON SL80134 50-17-135,PRODUCTO_STOCKEABLE,Armazones,Betania,,,,,UNIDAD,origen: ASUNCION=PC - Inventario.xlsx#4093@2026-08-03
ASU-100253,AC PAT FIJA NEGRO G7036 C5 53-18-140,PRODUCTO_STOCKEABLE,Armazones,Graffiti,,,,,UNIDAD,origen: ASUNCION=PC - Inventario.xlsx#3929@2026-08-03
ASU-100254,AH PAT FLEX LILA SK799-1 54-19-135 C4,PRODUCTO_STOCKEABLE,Armazones,Betania,,,,,UNIDAD,origen: ASUNCION=PC - Inventario.xlsx#4106@2026-08-03
ASU-100257,AC PAT FIJA AZUL TB012 C3 52-18-145,PRODUCTO_STOCKEABLE,Armazones,Graffiti,,,,,UNIDAD,origen: ASUNCION=PC - Inventario.xlsx#3961@2026-08-03
ASU-100259,AC PAT FIJA GRIS DISEÑO 246,PRODUCTO_STOCKEABLE,Armazones,Steffani,,,,,UNIDAD,origen: ASUNCION=PC - Inventario.xlsx#3980@2026-08-03
ASU-100262,AC PAT FIJA NEGRO BOC1902 57-16-144 COL.B1SG13,PRODUCTO_STOCKEABLE,Armazones,Bosani,,,,,UNIDAD,origen: ASUNCION=PC - Inventario.xlsx#4270@2026-08-03
ASU-100265,AH PAT FLEX DORADO SL80134 50-17-135,PRODUCTO_STOCKEABLE,Armazones,Betania,,,,,UNIDAD,origen: ASUNCION=PC - Inventario.xlsx#4100@2026-08-03
ASU-100278,AC PAT FIJA NEGRO B5558,PRODUCTO_STOCKEABLE,Lentes de Sol,Alfani,,,,,UNIDAD,origen: ASUNCION=PC - Inventario.xlsx#8258@2026-08-03
ASU-100280,AC PAT FLEX GRIS 6649 48-15-130 C3,PRODUCTO_STOCKEABLE,Armazones,Betania,,,,,UNIDAD,origen: ASUNCION=PC - Inventario.xlsx#4072@2026-08-03
ASU-100281,AC PAT FLEX NARANJA 6656 48-15-130 C5,PRODUCTO_STOCKEABLE,Armazones,Betania,,,,,UNIDAD,origen: ASUNCION=PC - Inventario.xlsx#4074@2026-08-03
ASU-100283,AC PAT FLEX ROJO 6656 48-15-130 C9,PRODUCTO_STOCKEABLE,Armazones,Betania,,,,,UNIDAD,origen: ASUNCION=PC - Inventario.xlsx#4082@2026-08-03
ASU-100289,AC PAT FLEX ROSA 9151 44-20-130 C11,PRODUCTO_STOCKEABLE,Armazones,Betania,,,,,UNIDAD,origen: ASUNCION=PC - Inventario.xlsx#4073@2026-08-03
ASU-100291,AH PAT FLEX MARRON TM6002 C2 52-17-135,PRODUCTO_STOCKEABLE,Armazones,Betania,,,,,UNIDAD,origen: ASUNCION=PC - Inventario.xlsx#4108@2026-08-03
ASU-100293,AH PAT FLEX ROSA SL80136 49-17-135,PRODUCTO_STOCKEABLE,Armazones,Betania,,,,,UNIDAD,origen: ASUNCION=PC - Inventario.xlsx#4094@2026-08-03
ASU-100296,AH PAT FLEX ROJO TM6005 C1 54-17-135,PRODUCTO_STOCKEABLE,Armazones,Betania,,,,,UNIDAD,origen: ASUNCION=PC - Inventario.xlsx#4086@2026-08-03
ASU-100300,AC PAT FIJA ROSA N10112 53-18-140 C5,PRODUCTO_STOCKEABLE,Armazones,Betania,,,,,UNIDAD,origen: ASUNCION=PC - Inventario.xlsx#4147@2026-08-03
ASU-100302,AC PAT FLEX LILA K9507 53-17-140 C909,PRODUCTO_STOCKEABLE,Armazones,Steffani,,,,,UNIDAD,origen: ASUNCION=PC - Inventario.xlsx#4176@2026-08-03
ASU-100313,AC PAT FIJA LILA N10112 53-18-140 C4,PRODUCTO_STOCKEABLE,Armazones,Betania,,,,,UNIDAD,origen: ASUNCION=PC - Inventario.xlsx#4149@2026-08-03
ASU-100314,AC PAT FLEX NEGRO K9547 54-16-140 C519,PRODUCTO_STOCKEABLE,Armazones,Steffani,,,,,UNIDAD,origen: ASUNCION=PC - Inventario.xlsx#4158@2026-08-03
ASU-100317,AC PAT FIJA MARRON N10106 51-18-140 C2,PRODUCTO_STOCKEABLE,Armazones,Betania,,,,,UNIDAD,origen: ASUNCION=PC - Inventario.xlsx#4148@2026-08-03
ASU-100326,AC PAT FIJA ROSA 3260 54-21-142,PRODUCTO_STOCKEABLE,Armazones,Betania,,,,,UNIDAD,origen: ASUNCION=PC - Inventario.xlsx#4154@2026-08-03
ASU-100327,AC PAT FIJA ROSA N10111 52-18-140 C2,PRODUCTO_STOCKEABLE,Armazones,Betania,,,,,UNIDAD,origen: ASUNCION=PC - Inventario.xlsx#4152@2026-08-03
ASU-100328,AH PAT FLEX NEGRO K9529 C208,PRODUCTO_STOCKEABLE,Armazones,Steffani,,,,,UNIDAD,origen: ASUNCION=PC - Inventario.xlsx#4170@2026-08-03
ASU-100329,AC PAT FLEX NEGRO K9719 55-15-140 C822,PRODUCTO_STOCKEABLE,Armazones,Steffani,,,,,UNIDAD,origen: ASUNCION=PC - Inventario.xlsx#4195@2026-08-03
ASU-100334,AC PAT FLEX NEGRO ROJO +4,PRODUCTO_STOCKEABLE,Armazones,Proray,,,,,UNIDAD,origen: ASUNCION=PC - Inventario.xlsx#4236@2026-08-03
ASU-100338,AC PAT FIJA NEGRO N10113 55-17-145 C5,PRODUCTO_STOCKEABLE,Armazones,Betania,,,,,UNIDAD,origen: ASUNCION=PC - Inventario.xlsx#4153@2026-08-03
ASU-100342,AC PAT FLEX TRANSP K9671 52-17-138 C523,PRODUCTO_STOCKEABLE,Armazones,Steffani,,,,,UNIDAD,origen: ASUNCION=PC - Inventario.xlsx#4156@2026-08-03
ASU-100349,AC PAT FIJA NEGRO BC003 51-18-140 C3,PRODUCTO_STOCKEABLE,Armazones,Bacchio,,,,,UNIDAD,origen: ASUNCION=PC - Inventario.xlsx#4190@2026-08-03
ASU-100351,AC PAT FLEX ROJO K9523 53-17-140 C511,PRODUCTO_STOCKEABLE,Armazones,Steffani,,,,,UNIDAD,origen: ASUNCION=PC - Inventario.xlsx#4168@2026-08-03
ASU-100353,AC PAT FLEX MARRON BA2013 54-17-140 FUE2,PRODUCTO_STOCKEABLE,Armazones,Bacchio,,,,,UNIDAD,origen: ASUNCION=PC - Inventario.xlsx#4183@2026-08-03
ASU-100356,AC PAT FLEX NEGRO +3,PRODUCTO_STOCKEABLE,Armazones,Proray,,,,,UNIDAD,origen: ASUNCION=PC - Inventario.xlsx#4233@2026-08-03
ASU-100357,AH PAT FLEX GRIS 3026 JK 55-18-138,PRODUCTO_STOCKEABLE,Armazones,Tio Smith,,,,,UNIDAD,origen: ASUNCION=PC - Inventario.xlsx#4250@2026-08-03
ASU-100361,AC PAT FLEX NEGRO +1.50,PRODUCTO_STOCKEABLE,Armazones,Proray,,,,,UNIDAD,origen: ASUNCION=PC - Inventario.xlsx#4223@2026-08-03
ASU-100381,AC PAT FLEX NEGRO H2383 55-18-145 C602,PRODUCTO_STOCKEABLE,Armazones,Unicity,,,,,UNIDAD,origen: ASUNCION=PC - Inventario.xlsx#4193@2026-08-03
ASU-100391,AC PAT FLEX NEGRO ROJO H2359 54-16-143 C613,PRODUCTO_STOCKEABLE,Armazones,Unicity,,,,,UNIDAD,origen: ASUNCION=PC - Inventario.xlsx#4203@2026-08-03
ASU-100393,AC PAT FLEX NEGRO 3005 IF 53-16-136,PRODUCTO_STOCKEABLE,Armazones,Tio Smith,,,,,UNIDAD,origen: ASUNCION=PC - Inventario.xlsx#4220@2026-08-03
ASU-100396,AC PAT FLEX MARRON DP 3031 JK 57-17-138,PRODUCTO_STOCKEABLE,Armazones,Tio Smith,,,,,UNIDAD,origen: ASUNCION=PC - Inventario.xlsx#4251@2026-08-03
ASU-100398,AC PAT FLEX NEGRO ROJO +1.75,PRODUCTO_STOCKEABLE,Armazones,Proray,,,,,UNIDAD,origen: ASUNCION=PC - Inventario.xlsx#4224@2026-08-03
ASU-100404,AC PAT FLEX NEGRO K9719 55-15-140 C200,PRODUCTO_STOCKEABLE,Armazones,Steffani,,,,,UNIDAD,origen: ASUNCION=PC - Inventario.xlsx#4196@2026-08-03
ASU-100412,AC PAT FLEX NEGRO H2359 54-16-143 C609,PRODUCTO_STOCKEABLE,Armazones,Unicity,,,,,UNIDAD,origen: ASUNCION=PC - Inventario.xlsx#4209@2026-08-03
ASU-100414,AC PAT FLEX NEGRO 3029 GE 56-17-138,PRODUCTO_STOCKEABLE,Armazones,Tio Smith,,,,,UNIDAD,origen: ASUNCION=PC - Inventario.xlsx#4247@2026-08-03
ASU-100419,AC PAT FIJA MARRON DP020-017 COL.34,PRODUCTO_STOCKEABLE,Lentes de Sol,Discovery,,,,,UNIDAD,origen: ASUNCION=PC - Inventario.xlsx#8100@2026-08-03
ASU-100422,AC PAT FLEX NEGRO ROJO +2,PRODUCTO_STOCKEABLE,Armazones,Proray,,,,,UNIDAD,origen: ASUNCION=PC - Inventario.xlsx#4225@2026-08-03
ASU-100424,AC PAT FLEX NEGRO +1.50,PRODUCTO_STOCKEABLE,Armazones,Proray,,,,,UNIDAD,origen: ASUNCION=PC - Inventario.xlsx#4221@2026-08-03
ASU-100426,AC PAT FLEX NEGRO K9719 55-15-140 C214,PRODUCTO_STOCKEABLE,Armazones,Steffani,,,,,UNIDAD,origen: ASUNCION=PC - Inventario.xlsx#4197@2026-08-03
ASU-100427,AH PAT FLEX NEGRO 3006 EE 53-18-138,PRODUCTO_STOCKEABLE,Armazones,Tio Smith,,,,,UNIDAD,origen: ASUNCION=PC - Inventario.xlsx#4243@2026-08-03
ASU-100428,AC PAT FLEX NEGRO ROJO +2.50,PRODUCTO_STOCKEABLE,Armazones,Proray,,,,,UNIDAD,origen: ASUNCION=PC - Inventario.xlsx#4228@2026-08-03
ASU-100440,AC PAT FIJA MARRON BC001 51-19-140 C3,PRODUCTO_STOCKEABLE,Armazones,Bacchio,,,,,UNIDAD,origen: ASUNCION=PC - Inventario.xlsx#2533@2026-08-03
ASU-100470,AC PAT FIJA DORADO DRACO RS596-2 54-17-135 GOLD,PRODUCTO_STOCKEABLE,Armazones,Ricky Sarkany,,,,,UNIDAD,origen: ASUNCION=PC - Inventario.xlsx#2568@2026-08-03
ASU-100477,AC PAT FIJA DORADO BC003 51-18-140 C2,PRODUCTO_STOCKEABLE,Armazones,Bacchio,,,,,UNIDAD,origen: ASUNCION=PC - Inventario.xlsx#2532@2026-08-03
ASU-100478,AH PAT FLEX NEGRO ROJO BI635 57-18-135 C3,PRODUCTO_STOCKEABLE,Armazones,Bosani,,,,,UNIDAD,origen: ASUNCION=PC - Inventario.xlsx#2531@2026-08-03
ASU-100480,AC PAT FIJA ROSA BI2008 52-17-138 04,PRODUCTO_STOCKEABLE,Armazones,Bacchio,,,,,UNIDAD,origen: ASUNCION=PC - Inventario.xlsx#2534@2026-08-03
ASU-100482,AC PAT FLEX NEGRO 54-17-140 CB2,PRODUCTO_STOCKEABLE,Armazones,Bosani,,,,,UNIDAD,origen: ASUNCION=PC - Inventario.xlsx#2521@2026-08-03
ASU-100511,AC PAT FLEX TRANSP K9698 55-14-140 C519,PRODUCTO_STOCKEABLE,Armazones,Steffani,,,,,UNIDAD,origen: ASUNCION=PC - Inventario.xlsx#2629@2026-08-03
ASU-100517,AC PAT FLEX ROSA H2367 54-17-140 C805,PRODUCTO_STOCKEABLE,Armazones,Unicity,,,,,UNIDAD,origen: ASUNCION=PC - Inventario.xlsx#2634@2026-08-03
ASU-100519,AC PAT FLEX ROSA V1133 55-17-145 COL 24,PRODUCTO_STOCKEABLE,Armazones,Vicrola,,,,,UNIDAD,origen: ASUNCION=PC - Inventario.xlsx#2619@2026-08-03
ASU-100521,AC PAT FIJA AZUL 55-16-138 BANKS,PRODUCTO_STOCKEABLE,Armazones,Mormaii,,,,,UNIDAD,origen: ASUNCION=PC - Inventario.xlsx#2587@2026-08-03
ASU-100523,AC PAT FLEX NEGRO H2337 52-18-133 C611,PRODUCTO_STOCKEABLE,Armazones,Unicity,,,,,UNIDAD,origen: ASUNCION=PC - Inventario.xlsx#2637@2026-08-03
ASU-100526,AC PAT FLEX NEGRO H2366 54-18-145 COL 613,PRODUCTO_STOCKEABLE,Armazones,Unicity,,,,,UNIDAD,origen: ASUNCION=PC - Inventario.xlsx#2591@2026-08-03
ASU-100527,AC PAT FLEX ROSA V1133 55-17-145 COL 11,PRODUCTO_STOCKEABLE,Armazones,Vicrola,,,,,UNIDAD,origen: ASUNCION=PC - Inventario.xlsx#2620@2026-08-03
ASU-100531,AC PAT FLEX NEGRO H2345 50-18-140 COL 603,PRODUCTO_STOCKEABLE,Armazones,Unicity,,,,,UNIDAD,origen: ASUNCION=PC - Inventario.xlsx#2601@2026-08-03
ASU-100534,AC PAT FLEX NEGRO H2345 50-18-140 COL 602,PRODUCTO_STOCKEABLE,Armazones,Unicity,,,,,UNIDAD,origen: ASUNCION=PC - Inventario.xlsx#2599@2026-08-03
ASU-100541,AC PAT FLEX NEGRO ROJO 54-14-138 NAGOIA,PRODUCTO_STOCKEABLE,Armazones,Mormaii,,,,,UNIDAD,origen: ASUNCION=PC - Inventario.xlsx#2581@2026-08-03
ASU-100544,AC PAT FLEX BLANCO H2410 53-17-140 C612,PRODUCTO_STOCKEABLE,Armazones,Unicity,,,,,UNIDAD,origen: ASUNCION=PC - Inventario.xlsx#2642@2026-08-03
ASU-100548,AC PAT FLEX NEGRO H2358 57-18-145 COL-602,PRODUCTO_STOCKEABLE,Armazones,Unicity,,,,,UNIDAD,origen: ASUNCION=PC - Inventario.xlsx#2609@2026-08-03
ASU-100550,AC PAT FLEX LILA H2338 53-17-138 C604,PRODUCTO_STOCKEABLE,Armazones,Unicity,,,,,UNIDAD,origen: ASUNCION=PC - Inventario.xlsx#2640@2026-08-03
ASU-100554,AC PAT FLEX NEGRO AZUL 54-14-138 NAGOIA,PRODUCTO_STOCKEABLE,Armazones,Mormaii,,,,,UNIDAD,origen: ASUNCION=PC - Inventario.xlsx#2579@2026-08-03
ASU-100560,AC PAT FLEX NEGRO H2358 57-18-145 COL-609,PRODUCTO_STOCKEABLE,Armazones,Unicity,,,,,UNIDAD,origen: ASUNCION=PC - Inventario.xlsx#2610@2026-08-03
ASU-100562,AC PAT FLEX ROJO BS1905 54-17-140 COL.T6,PRODUCTO_STOCKEABLE,Armazones,Bosani,,,,,UNIDAD,origen: ASUNCION=PC - Inventario.xlsx#4255@2026-08-03
ASU-100566,AC PAT FIJA NEGRO K9346 58-17-140 COL-29,PRODUCTO_STOCKEABLE,Armazones,Steffani,,,,,UNIDAD,origen: ASUNCION=PC - Inventario.xlsx#2616@2026-08-03
ASU-100570,AC PAT FLEX TRANSP K9760 55-16-140 C508,PRODUCTO_STOCKEABLE,Armazones,Steffani,,,,,UNIDAD,origen: ASUNCION=PC - Inventario.xlsx#2632@2026-08-03
ASU-100575,AC PAT FLEX NARANJA H2337 52-18-133 C617,PRODUCTO_STOCKEABLE,Armazones,Unicity,,,,,UNIDAD,origen: ASUNCION=PC - Inventario.xlsx#2638@2026-08-03
ASU-100576,AC PAT FIJA GRIS V1009 57-17-145 COL-304,PRODUCTO_STOCKEABLE,Armazones,Vicrola,,,,,UNIDAD,origen: ASUNCION=PC - Inventario.xlsx#2595@2026-08-03
ASU-100585,AC PAT FIJA NEGRO DP019-006 COL.6,PRODUCTO_STOCKEABLE,Armazones,Discovery,,,,,UNIDAD,origen: ASUNCION=PC - Inventario.xlsx#4266@2026-08-03
ASU-100588,AC PAT FIJA DORADO DP020-006 COL.8,PRODUCTO_STOCKEABLE,Lentes de Sol,Discovery,,,,,UNIDAD,origen: ASUNCION=PC - Inventario.xlsx#8087@2026-08-03
ASU-100589,AC PAT FLEX NEGRO BFP903 56-18-145 COL.F1,PRODUCTO_STOCKEABLE,Lentes de Sol,Bossi,,,,,UNIDAD,origen: ASUNCION=PC - Inventario.xlsx#8090@2026-08-03
ASU-100593,AC PAT FIJA AZUL BOC2016 57-17-140 COL.BE3,PRODUCTO_STOCKEABLE,Lentes de Sol,Bosani,,,,,UNIDAD,origen: ASUNCION=PC - Inventario.xlsx#8095@2026-08-03
ASU-100601,AC PAT FIJA MARRON BFP906 53--22-145 COL.BC2,PRODUCTO_STOCKEABLE,Lentes de Sol,Discovery,,,,,UNIDAD,origen: ASUNCION=PC - Inventario.xlsx#8085@2026-08-03
ASU-100608,AC PAT FIJA MARRON BOC1915 53-20-150 COL.C0,PRODUCTO_STOCKEABLE,Armazones,Bosani,,,,,UNIDAD,origen: ASUNCION=PC - Inventario.xlsx#4257@2026-08-03
ASU-100609,AC PAT FIJA PLATEADO DP020-006 COL.1,PRODUCTO_STOCKEABLE,Lentes de Sol,Discovery,,,,,UNIDAD,origen: ASUNCION=PC - Inventario.xlsx#8086@2026-08-03
ASU-100611,AC PAT FIJA NEGRO PLD D390/G R81 150,PRODUCTO_STOCKEABLE,Armazones,Polaroid,,,,,UNIDAD,origen: ASUNCION=PC - Inventario.xlsx#4275@2026-08-03
ASU-100614,AC PAT FIJA GRIS BOC1901 58-17-140 COL.T13,PRODUCTO_STOCKEABLE,Armazones,Bosani,,,,,UNIDAD,origen: ASUNCION=PC - Inventario.xlsx#4265@2026-08-03
ASU-100615,AC PAT FIJA ROSA BOC1919 59-16-144 COL.CK7,PRODUCTO_STOCKEABLE,Armazones,Bosani,,,,,UNIDAD,origen: ASUNCION=PC - Inventario.xlsx#4252@2026-08-03
ASU-100626,AC PAT FLEX DORADO V1044 51-19-141 C513,PRODUCTO_STOCKEABLE,Armazones,Vicrola,,,,,UNIDAD,origen: ASUNCION=PC - Inventario.xlsx#2655@2026-08-03
ASU-100627,AC PAT FIJA NEGRO BOC2004 56-18-140 COL.BM13,PRODUCTO_STOCKEABLE,Armazones,Bosani,,,,,UNIDAD,origen: ASUNCION=PC - Inventario.xlsx#4262@2026-08-03
ASU-100633,AC PAT FIJA AZUL DP020-004 COL.17,PRODUCTO_STOCKEABLE,Lentes de Sol,Discovery,,,,,UNIDAD,origen: ASUNCION=PC - Inventario.xlsx#8092@2026-08-03
ASU-100641,AC PAT FIJA ROSA DP020-002 COL.7,PRODUCTO_STOCKEABLE,Lentes de Sol,Discovery,,,,,UNIDAD,origen: ASUNCION=PC - Inventario.xlsx#8101@2026-08-03
ASU-100642,AH PAT FIJA AZUL BFP901 65-7-145 COL.F4,PRODUCTO_STOCKEABLE,Lentes de Sol,Bossi,,,,,UNIDAD,origen: ASUNCION=PC - Inventario.xlsx#8104@2026-08-03
ASU-100644,AC PAT FIJA MARRON DP020-002 COL.34,PRODUCTO_STOCKEABLE,Lentes de Sol,Discovery,,,,,UNIDAD,origen: ASUNCION=PC - Inventario.xlsx#8102@2026-08-03
ASU-100648,AC PAT FIJA NEGRO DP019-005 COL.5,PRODUCTO_STOCKEABLE,Lentes de Sol,Discovery,,,,,UNIDAD,origen: ASUNCION=PC - Inventario.xlsx#8096@2026-08-03
ASU-100651,AC PAT FLEX MARRON B5601 60-17-140 C511,PRODUCTO_STOCKEABLE,Armazones,Alfani,,,,,UNIDAD,origen: ASUNCION=PC - Inventario.xlsx#2659@2026-08-03
ASU-100652,AC PAT FIJA NEGRO B5550 54-18 C912,PRODUCTO_STOCKEABLE,Armazones,Alfani,,,,,UNIDAD,origen: ASUNCION=PC - Inventario.xlsx#2658@2026-08-03
ASU-100667,AC PAT FLEX NEGRO ROJO LA009 C3 53-18-142,PRODUCTO_STOCKEABLE,Armazones,Graffiti,,,,,UNIDAD,origen: ASUNCION=PC - Inventario.xlsx#4305@2026-08-03
ASU-100680,AC PAT FLEX AZUL 4556 52-16-COL. B3,PRODUCTO_STOCKEABLE,Armazones,Hanis,,,,,UNIDAD,origen: ASUNCION=PC - Inventario.xlsx#4337@2026-08-03
ASU-100688,AC PAT FLEX ROJO G8251 C3 55-16-140,PRODUCTO_STOCKEABLE,Armazones,Graffiti,,,,,UNIDAD,origen: ASUNCION=PC - Inventario.xlsx#4287@2026-08-03
ASU-100689,AC PAT FLEX AZUL  G8243 C2 52-19-140,PRODUCTO_STOCKEABLE,Armazones,Graffiti,,,,,UNIDAD,origen: ASUNCION=PC - Inventario.xlsx#4283@2026-08-03
ASU-100691,AC PAT FLEX PLATEADO DP G8241 C4 57-17-140,PRODUCTO_STOCKEABLE,Armazones,Graffiti,,,,,UNIDAD,origen: ASUNCION=PC - Inventario.xlsx#4290@2026-08-03
ASU-100695,AC PAT FLEX ROSA G8252 C2 52-16-140,PRODUCTO_STOCKEABLE,Armazones,Graffiti,,,,,UNIDAD,origen: ASUNCION=PC - Inventario.xlsx#4285@2026-08-03
ASU-100699,AC PAT FIJA TRANSP 7709 54-18-145 C5,PRODUCTO_STOCKEABLE,Armazones,Niquel & Gold,,,,,UNIDAD,origen: ASUNCION=PC - Inventario.xlsx#4315@2026-08-03
ASU-100700,AC PAT FLEX NEGRO 4547 52-17-COL. BT1,PRODUCTO_STOCKEABLE,Armazones,Hanis,,,,,UNIDAD,origen: ASUNCION=PC - Inventario.xlsx#4331@2026-08-03
ASU-100705,AC PAT FIJA TRANSP RGE016 C2 53-18-140,PRODUCTO_STOCKEABLE,Armazones,Graffiti,,,,,UNIDAD,origen: ASUNCION=PC - Inventario.xlsx#4302@2026-08-03
ASU-100708,AC PAT FLEX TRANSP RGE069 C3 52-20-143,PRODUCTO_STOCKEABLE,Armazones,Graffiti,,,,,UNIDAD,origen: ASUNCION=PC - Inventario.xlsx#4304@2026-08-03
ASU-10071,AC PAT FLEX ROJO FD8350,PRODUCTO_STOCKEABLE,Armazones,,,,,,UNIDAD,origen: ASUNCION=PC - Inventario.xlsx#3884@2026-08-03
ASU-100710,AC PAT FLEX ROJO G8252 C3 52-16-140,PRODUCTO_STOCKEABLE,Armazones,Graffiti,,,,,UNIDAD,origen: ASUNCION=PC - Inventario.xlsx#4295@2026-08-03
ASU-100719,AC PAT FLEX NEGRO 4528 53-17-COL.BT1,PRODUCTO_STOCKEABLE,Armazones,Hanis,,,,,UNIDAD,origen: ASUNCION=PC - Inventario.xlsx#4358@2026-08-03
ASU-100726,AC PAT FLEX NEGRO 4507 53-16-COL15,PRODUCTO_STOCKEABLE,Armazones,Hanis,,,,,UNIDAD,origen: ASUNCION=PC - Inventario.xlsx#4340@2026-08-03
ASU-100744,AC PAT FLEX AZUL,PRODUCTO_STOCKEABLE,Armazones,Opolly,,,,,UNIDAD,origen: ASUNCION=PC - Inventario.xlsx#4373@2026-08-03
ASU-100745,AC PAT FLEX NEGRO ROSA H2029 45-17-130 C613,PRODUCTO_STOCKEABLE,Armazones,Unicity,,,,,UNIDAD,origen: ASUNCION=PC - Inventario.xlsx#4534@2026-08-03
ASU-100756,AC PAT FLEX AZUL,PRODUCTO_STOCKEABLE,Armazones,Opolly,,,,,UNIDAD,origen: ASUNCION=PC - Inventario.xlsx#4377@2026-08-03
ASU-100757,AC PAT FLEX ROSA 7501 C1 39-14-130,PRODUCTO_STOCKEABLE,Armazones,Emeflex,,,,,UNIDAD,origen: ASUNCION=PC - Inventario.xlsx#4523@2026-08-03
ASU-100773,AC PAT FIJA LILA BT-2270 53-18-135,PRODUCTO_STOCKEABLE,Armazones,Bacchio,,,,,UNIDAD,origen: ASUNCION=PC - Inventario.xlsx#4625@2026-08-03
ASU-100778,AC PAT FLEX TRANSPARENTE,PRODUCTO_STOCKEABLE,Armazones,Opolly,,,,,UNIDAD,origen: ASUNCION=PC - Inventario.xlsx#4378@2026-08-03
ASU-100785,AC PAT FLEX ROSA 7501 C2 39-14-130,PRODUCTO_STOCKEABLE,Armazones,Emeflex,,,,,UNIDAD,origen: ASUNCION=PC - Inventario.xlsx#4522@2026-08-03
ASU-100792,AC PAT FLEX TRANSPARENTE 4533 53-17-COL. BT,PRODUCTO_STOCKEABLE,Armazones,Hanis,,,,,UNIDAD,origen: ASUNCION=PC - Inventario.xlsx#4362@2026-08-03
ASU-100796,AC PAT FLEX NARANJA M4120 52-16-COL. B2,PRODUCTO_STOCKEABLE,Armazones,Hanis,,,,,UNIDAD,origen: ASUNCION=PC - Inventario.xlsx#4366@2026-08-03
ASU-100810,AC PAT FLEX NEGRO AZUL K9716 53-15-135 C706,PRODUCTO_STOCKEABLE,Armazones,Steffani,,,,,UNIDAD,origen: ASUNCION=PC - Inventario.xlsx#4484@2026-08-03
ASU-100811,AC PAT FLEX NEGRO H2433 54-17-141 C602,PRODUCTO_STOCKEABLE,Armazones,Unicity,,,,,UNIDAD,origen: ASUNCION=PC - Inventario.xlsx#4487@2026-08-03
ASU-100817,AC PAT FLEX NEGRO H23549 54-16-143 C602,PRODUCTO_STOCKEABLE,Armazones,Unicity,,,,,UNIDAD,origen: ASUNCION=PC - Inventario.xlsx#4429@2026-08-03
ASU-100820,AC PAT FLEX NEGRO K9516 54-17-140 C206,PRODUCTO_STOCKEABLE,Armazones,Steffani,,,,,UNIDAD,origen: ASUNCION=PC - Inventario.xlsx#4417@2026-08-03
ASU-100824,AC PAT FLEX NEGRO H2347 52-18-140 C602,PRODUCTO_STOCKEABLE,Armazones,Unicity,,,,,UNIDAD,origen: ASUNCION=PC - Inventario.xlsx#4468@2026-08-03
ASU-100838,AC PAT FLEX NEGRO K9444 56-17-140 C202,PRODUCTO_STOCKEABLE,Armazones,Steffani,,,,,UNIDAD,origen: ASUNCION=PC - Inventario.xlsx#4411@2026-08-03
ASU-100839,AC PAT FLEX MARRON K9516 54-17-140 C403,PRODUCTO_STOCKEABLE,Armazones,Steffani,,,,,UNIDAD,origen: ASUNCION=PC - Inventario.xlsx#4413@2026-08-03
ASU-100840,AC PAT FLEX NEGRO V1051 52-18-140 C20,PRODUCTO_STOCKEABLE,Armazones,Vicrola,,,,,UNIDAD,origen: ASUNCION=PC - Inventario.xlsx#4419@2026-08-03
ASU-100843,AC PAT FIJA GRIS K9353 51-19-142 C900,PRODUCTO_STOCKEABLE,Armazones,Steffani,,,,,UNIDAD,origen: ASUNCION=PC - Inventario.xlsx#4432@2026-08-03
ASU-100851,AC PAT FLEX NEGRO H2026 47-16-135 C604,PRODUCTO_STOCKEABLE,Armazones,Unicity,,,,,UNIDAD,origen: ASUNCION=PC - Inventario.xlsx#4537@2026-08-03
ASU-100862,AC PAT FLEX MARRON K9507 53-17-140 C404,PRODUCTO_STOCKEABLE,Armazones,Steffani,,,,,UNIDAD,origen: ASUNCION=PC - Inventario.xlsx#4447@2026-08-03
ASU-100879,AC PAT FLEX NEGRO K9670 53-16-145 C502,PRODUCTO_STOCKEABLE,Armazones,Steffani,,,,,UNIDAD,origen: ASUNCION=PC - Inventario.xlsx#4458@2026-08-03
ASU-100895,AC PAT FLEX NEGRO NARANJA H2031 53-17-140 C601,PRODUCTO_STOCKEABLE,Armazones,Unicity,,,,,UNIDAD,origen: ASUNCION=PC - Inventario.xlsx#4548@2026-08-03
ASU-100910,AC PAT FLEX LILA A5192 53-17-140 C927,PRODUCTO_STOCKEABLE,Armazones,Unicity,,,,,UNIDAD,origen: ASUNCION=PC - Inventario.xlsx#4540@2026-08-03
ASU-100930,AC PAT FLEX ROSA K9670 53-19-145 C504,PRODUCTO_STOCKEABLE,Armazones,Steffani,,,,,UNIDAD,origen: ASUNCION=PC - Inventario.xlsx#4460@2026-08-03
ASU-100942,AH PAT FLEX GRIS BI619 50-17-132 C2,PRODUCTO_STOCKEABLE,Armazones,Bacchio,,,,,UNIDAD,origen: ASUNCION=PC - Inventario.xlsx#4469@2026-08-03
ASU-100943,AC PAT FLEX MARRON H2433 54-17-141 C601,PRODUCTO_STOCKEABLE,Armazones,Unicity,,,,,UNIDAD,origen: ASUNCION=PC - Inventario.xlsx#4485@2026-08-03
ASU-100949,AC PAT FIJA NEGRO ROJO 18136 C2,PRODUCTO_STOCKEABLE,Armazones,City,,,,,UNIDAD,origen: ASUNCION=PC - Inventario.xlsx#4502@2026-08-03
ASU-100970,AC PAT FIJA NEGRO,PRODUCTO_STOCKEABLE,Armazones,Avanzato,,,,,UNIDAD,origen: ASUNCION=PC - Inventario.xlsx#4586@2026-08-03
ASU-101002,AC PAT FLEX LILA K9339 49-16-135 C891,PRODUCTO_STOCKEABLE,Armazones,Steffani,,,,,UNIDAD,origen: ASUNCION=PC - Inventario.xlsx#4564@2026-08-03
ASU-101012,AC PAT FLEX NEGRO AZUL H2031 53-17-140 C624,PRODUCTO_STOCKEABLE,Armazones,Unicity,,,,,UNIDAD,origen: ASUNCION=PC - Inventario.xlsx#4569@2026-08-03
ASU-101013,AC PAT FLEX NEGRO K9377 49-15-135 C200,PRODUCTO_STOCKEABLE,Armazones,Steffani,,,,,UNIDAD,origen: ASUNCION=PC - Inventario.xlsx#4555@2026-08-03
ASU-101025,AC PAT FLEX MARRON BS403 55-16-140 C3,PRODUCTO_STOCKEABLE,Armazones,Bacchio,,,,,UNIDAD,origen: ASUNCION=PC - Inventario.xlsx#4588@2026-08-03
ASU-101031,AC PAT FLEX NEGRO +.75,PRODUCTO_STOCKEABLE,Armazones,Proray,,,,,UNIDAD,origen: ASUNCION=PC - Inventario.xlsx#4653@2026-08-03
ASU-101033,AC PAT FLEX NEGRO +2.75,PRODUCTO_STOCKEABLE,Armazones,Proray,,,,,UNIDAD,origen: ASUNCION=PC - Inventario.xlsx#4649@2026-08-03
ASU-101039,AC PAT FLEX NEGRO VERDE 4496 53-18 C9,PRODUCTO_STOCKEABLE,Armazones,Hanis,,,,,UNIDAD,origen: ASUNCION=PC - Inventario.xlsx#4676@2026-08-03
ASU-101040,AC PAT FLEX NEGRO +2.25,PRODUCTO_STOCKEABLE,Armazones,Proray,,,,,UNIDAD,origen: ASUNCION=PC - Inventario.xlsx#4644@2026-08-03
ASU-101042,AC PAT FLEX NEGRO +1.50,PRODUCTO_STOCKEABLE,Armazones,Proray,,,,,UNIDAD,origen: ASUNCION=PC - Inventario.xlsx#4640@2026-08-03
ASU-101046,AC PAT FLEX NEGRO +2.25,PRODUCTO_STOCKEABLE,Armazones,Proray,,,,,UNIDAD,origen: ASUNCION=PC - Inventario.xlsx#4643@2026-08-03
ASU-101054,AC PAT FLEX NEGRO +2,PRODUCTO_STOCKEABLE,Armazones,Proray,,,,,UNIDAD,origen: ASUNCION=PC - Inventario.xlsx#4646@2026-08-03
ASU-101069,AC PAT FLEX MARRON 4507 53-16 CBE2,PRODUCTO_STOCKEABLE,Armazones,Hanis,,,,,UNIDAD,origen: ASUNCION=PC - Inventario.xlsx#4669@2026-08-03
ASU-101074,AC PAT FLEX AZUL 4418 54-18 C2,PRODUCTO_STOCKEABLE,Armazones,Hanis,,,,,UNIDAD,origen: ASUNCION=PC - Inventario.xlsx#4672@2026-08-03
ASU-101087,AC PAT FLEX NEGRO NARANJA 4507 53-16 C17,PRODUCTO_STOCKEABLE,Armazones,Hanis,,,,,UNIDAD,origen: ASUNCION=PC - Inventario.xlsx#4670@2026-08-03
ASU-101124,AC PAT FLEX BORDO K9762 54-16-140 C411,PRODUCTO_STOCKEABLE,Armazones,Steffani,,,,,UNIDAD,origen: ASUNCION=PC - Inventario.xlsx#4714@2026-08-03
ASU-101126,AC PAT FIJA NEGRO K9362 56-17-140 C608,PRODUCTO_STOCKEABLE,Armazones,Steffani,,,,,UNIDAD,origen: ASUNCION=PC - Inventario.xlsx#4726@2026-08-03
ASU-101128,AT PAT FIJA MARRON DP020-008 C11,PRODUCTO_STOCKEABLE,Armazones,Discovery,,,,,UNIDAD,origen: ASUNCION=PC - Inventario.xlsx#2352@2026-08-03
ASU-101135,AC PAT FIJA LILA BOC2001 55-18-140 CBE6,PRODUCTO_STOCKEABLE,Armazones,Bosani,,,,,UNIDAD,origen: ASUNCION=PC - Inventario.xlsx#2371@2026-08-03
ASU-101143,AC PAT FLEX NEGRO ROJO V1139 54-19-145 CF220,PRODUCTO_STOCKEABLE,Armazones,Vicrola,,,,,UNIDAD,origen: ASUNCION=PC - Inventario.xlsx#2394@2026-08-03
ASU-101144,AC PAT FLEX ANIMAL PRINT K9533 52-18-140 C504,PRODUCTO_STOCKEABLE,Armazones,Steffani,,,,,UNIDAD,origen: ASUNCION=PC - Inventario.xlsx#4733@2026-08-03
ASU-101147,AC PAT FIJA NEGRO BOC2012 55-18-142 CF1,PRODUCTO_STOCKEABLE,Armazones,Bosani,,,,,UNIDAD,origen: ASUNCION=PC - Inventario.xlsx#2368@2026-08-03
ASU-101148,AH PAT FLEX BLANCO SL6014 51-18-135,PRODUCTO_STOCKEABLE,Armazones,Betania,,,,,UNIDAD,origen: ASUNCION=PC - Inventario.xlsx#2453@2026-08-03
ASU-101150,AC PAT FLEX MARRON G8251 C4 55-16-140,PRODUCTO_STOCKEABLE,Armazones,Graffiti,,,,,UNIDAD,origen: ASUNCION=PC - Inventario.xlsx#2410@2026-08-03
ASU-101154,AT PAT FIJA PLATEADO DP020-008 C35,PRODUCTO_STOCKEABLE,Armazones,Discovery,,,,,UNIDAD,origen: ASUNCION=PC - Inventario.xlsx#2351@2026-08-03
ASU-101178,AC PAT FIJA NEGRO K9740 56-18-140 C502,PRODUCTO_STOCKEABLE,Armazones,Steffani,,,,,UNIDAD,origen: ASUNCION=PC - Inventario.xlsx#4721@2026-08-03
ASU-101181,AC PAT FLEX NEGRO K9416 51-21-140 C206,PRODUCTO_STOCKEABLE,,,,,,,UNIDAD,"naturaleza por evidencia: prefijo AC PAT, stockeable en las 3.065 filas del universo || origen: ASUNCION=PC - Inventario.xlsx#5@2026-08-03"
ASU-101199,AC PAT FLEX GRIS V1138 58-18-145 CF206,PRODUCTO_STOCKEABLE,Armazones,Vicrola,,,,,UNIDAD,origen: ASUNCION=PC - Inventario.xlsx#2388@2026-08-03
ASU-101229,AC PAT FLEX NEGRO BI634 60-19-130 C4,PRODUCTO_STOCKEABLE,Armazones,Bacchio,,,,,UNIDAD,origen: ASUNCION=PC - Inventario.xlsx#2338@2026-08-03
ASU-101245,AC PAT FIJA CELESTE 7016 C2 52-19-140,PRODUCTO_STOCKEABLE,Armazones,Eme,,,,,UNIDAD,origen: ASUNCION=PC - Inventario.xlsx#2400@2026-08-03
ASU-101264,AC PAT FIJA NEGRO DCP1814 C1,PRODUCTO_STOCKEABLE,Armazones,Discovery,,,,,UNIDAD,origen: ASUNCION=PC - Inventario.xlsx#2355@2026-08-03
ASU-101266,AC PAT FIJA NEGRO NYLON SD9152N 58-17-135 C108G,PRODUCTO_STOCKEABLE,Armazones,Bosani,,,,,UNIDAD,origen: ASUNCION=PC - Inventario.xlsx#2376@2026-08-03
ASU-101271,AC PAT FLEX GRIS RRB8412M 50-20-140,PRODUCTO_STOCKEABLE,Armazones,Sol Caliente,,,,,UNIDAD,origen: ASUNCION=PC - Inventario.xlsx#2480@2026-08-03
ASU-101272,AC PAT FLEX NEGRO ROJO V1138 58-18-145 CF220,PRODUCTO_STOCKEABLE,Armazones,Vicrola,,,,,UNIDAD,origen: ASUNCION=PC - Inventario.xlsx#2390@2026-08-03
ASU-101275,AC PAT FLEX DORADO LQ 95818  54-20-145 C13,PRODUCTO_STOCKEABLE,Armazones,LQ Eyewear,,,,,UNIDAD,origen: ASUNCION=PC - Inventario.xlsx#2418@2026-08-03
ASU-101296,AC PAT FLEX NEGRO CELESTE CLIP G5116 53-17-145 C2,PRODUCTO_STOCKEABLE,Armazones,Altania,,,,,UNIDAD,origen: ASUNCION=PC - Inventario.xlsx#2428@2026-08-03
ASU-101299,AC PAT FLEX NEGRO CLIP G5191 55-17-145 C1,PRODUCTO_STOCKEABLE,Armazones,Altania,,,,,UNIDAD,origen: ASUNCION=PC - Inventario.xlsx#2429@2026-08-03
ASU-101304,AC PAT FLEX AZUL NEW BABY 1 39-17-130,PRODUCTO_STOCKEABLE,Armazones,Mira Flex,,,,,UNIDAD,origen: ASUNCION=PC - Inventario.xlsx#2497@2026-08-03
ASU-101334,AC PAT FLEX NEGRO CLIP G5155 53-17-140 C3,PRODUCTO_STOCKEABLE,Armazones,Altania,,,,,UNIDAD,origen: ASUNCION=PC - Inventario.xlsx#2446@2026-08-03
ASU-101338,AC PAT FLEX TRANSP S1043 C2 53-18-145,PRODUCTO_STOCKEABLE,Armazones,Altania,,,,,UNIDAD,origen: ASUNCION=PC - Inventario.xlsx#2440@2026-08-03
ASU-101353,AC PAT FLEX TRANSP BA2016 53-17-140 T13,PRODUCTO_STOCKEABLE,Armazones,Bacchio,,,,,UNIDAD,origen: ASUNCION=PC - Inventario.xlsx#2161@2026-08-03
ASU-101354,AC PAT FLEX VERDE BA2213 55-16-145 FT13,PRODUCTO_STOCKEABLE,Armazones,Bacchio,,,,,UNIDAD,origen: ASUNCION=PC - Inventario.xlsx#2171@2026-08-03
ASU-101361,AC PAT FLEX NEGRO +2.50,PRODUCTO_STOCKEABLE,Armazones,Proray,,,,,UNIDAD,origen: ASUNCION=PC - Inventario.xlsx#2151@2026-08-03
ASU-101374,AC PAT FLEX AZUL BA2212 53-15-140 FE3,PRODUCTO_STOCKEABLE,Armazones,Bacchio,,,,,UNIDAD,origen: ASUNCION=PC - Inventario.xlsx#2176@2026-08-03
ASU-101376,AC PAT FLEX ROJO BA2206 54-17-140 BE6,PRODUCTO_STOCKEABLE,Armazones,Bacchio,,,,,UNIDAD,origen: ASUNCION=PC - Inventario.xlsx#2173@2026-08-03
ASU-101383,AC PAT FLEX MARRON BA2210 54-17-140 FE2,PRODUCTO_STOCKEABLE,Armazones,Bacchio,,,,,UNIDAD,origen: ASUNCION=PC - Inventario.xlsx#2184@2026-08-03
ASU-101387,AC PAT FLEX ROSA BA2202 54-17-140 FFU0,PRODUCTO_STOCKEABLE,Armazones,Bacchio,,,,,UNIDAD,origen: ASUNCION=PC - Inventario.xlsx#2198@2026-08-03
ASU-101394,AC PAT FLEX ROJO BA2203 54-17-140 FFU6,PRODUCTO_STOCKEABLE,Armazones,Bacchio,,,,,UNIDAD,origen: ASUNCION=PC - Inventario.xlsx#2187@2026-08-03
ASU-101396,AC PAT FLEX MARRON BA2204 53-16-135 BFU2,PRODUCTO_STOCKEABLE,Armazones,Bacchio,,,,,UNIDAD,origen: ASUNCION=PC - Inventario.xlsx#2167@2026-08-03
ASU-101399,AC PAT FLEX ROJO BA2026 53-17-140 C3,PRODUCTO_STOCKEABLE,Armazones,Bacchio,,,,,UNIDAD,origen: ASUNCION=PC - Inventario.xlsx#2195@2026-08-03
ASU-101405,AC PAT FLEX NEGRO BA2210 54-17-140 F1,PRODUCTO_STOCKEABLE,Armazones,Bacchio,,,,,UNIDAD,origen: ASUNCION=PC - Inventario.xlsx#2186@2026-08-03
ASU-101407,AC PAT FLEX NEGRO BA2209 60-19-145 F1,PRODUCTO_STOCKEABLE,Armazones,Bacchio,,,,,UNIDAD,origen: ASUNCION=PC - Inventario.xlsx#2192@2026-08-03
ASU-101408,AC PAT FLEX NEGRO +2.50,PRODUCTO_STOCKEABLE,Armazones,Proray,,,,,UNIDAD,origen: ASUNCION=PC - Inventario.xlsx#2150@2026-08-03
ASU-101410,AC PAT FLEX ROSA BA2201 55-14-140 BE2,PRODUCTO_STOCKEABLE,Armazones,Bacchio,,,,,UNIDAD,origen: ASUNCION=PC - Inventario.xlsx#2191@2026-08-03
ASU-101412,AC PAT FLEX NEGRO BA2207 53-16-140 BE2,PRODUCTO_STOCKEABLE,Armazones,Bacchio,,,,,UNIDAD,origen: ASUNCION=PC - Inventario.xlsx#2159@2026-08-03
ASU-101415,AC PAT FLEX MARRON BA2026 53-17-140 C2,PRODUCTO_STOCKEABLE,Armazones,Bacchio,,,,,UNIDAD,origen: ASUNCION=PC - Inventario.xlsx#2197@2026-08-03
ASU-101417,AC PAT FLEX MARRON BA2203 54-17-140 FFU2,PRODUCTO_STOCKEABLE,Armazones,Bacchio,,,,,UNIDAD,origen: ASUNCION=PC - Inventario.xlsx#2189@2026-08-03
ASU-101418,AC PAT FLEX AZUL BA2209 60-19-145 FE3,PRODUCTO_STOCKEABLE,Armazones,Bacchio,,,,,UNIDAD,origen: ASUNCION=PC - Inventario.xlsx#2194@2026-08-03
ASU-101422,AC PAT FLEX ROSA BA2202 54-17-140 F7,PRODUCTO_STOCKEABLE,Armazones,Bacchio,,,,,UNIDAD,origen: ASUNCION=PC - Inventario.xlsx#2199@2026-08-03
ASU-101425,AC PAT FLEX NEGRO BC-12GB 52-15-140,PRODUCTO_STOCKEABLE,Armazones,Tio Smith,,,,,UNIDAD,origen: ASUNCION=PC - Inventario.xlsx#2109@2026-08-03
ASU-101429,AC PAT FLEX NEGRO BA2026 53-17-140 C1,PRODUCTO_STOCKEABLE,Armazones,Bacchio,,,,,UNIDAD,origen: ASUNCION=PC - Inventario.xlsx#2196@2026-08-03
ASU-101432,PAT GOMA P/ NIÑO TRANS.OSCURO,PRODUCTO_STOCKEABLE,Armazones,Altania,,,,,UNIDAD,origen: ASUNCION=PC - Inventario.xlsx#2218@2026-08-03
ASU-101452,Altania  AC PAT GOMA TRANSPARENTE C/ AZUL,PRODUCTO_STOCKEABLE,Armazones,Altania,,,,,UNIDAD,origen: ASUNCION=PC - Inventario.xlsx#2211@2026-08-03
ASU-101453,Altania AC PAT GOMA AZUL,PRODUCTO_STOCKEABLE,Armazones,Altania,,,,,UNIDAD,origen: ASUNCION=PC - Inventario.xlsx#2205@2026-08-03
ASU-101468,SUJETADOR HANIS ROJO,PRODUCTO_STOCKEABLE,Sujetadores,,,,,,UNIDAD,origen: ASUNCION=PC - Inventario.xlsx#8442@2026-08-03
ASU-101478,Altania AC PAT GOMA TRANS.C/ NEGRO,PRODUCTO_STOCKEABLE,Armazones,Altania,,,,,UNIDAD,origen: ASUNCION=PC - Inventario.xlsx#2217@2026-08-03
ASU-101480,Hanis Sujetador Azul,PRODUCTO_STOCKEABLE,Sujetadores,Hanis,,,,,UNIDAD,origen: ASUNCION=PC - Inventario.xlsx#8432@2026-08-03
ASU-101481,CADENITA PLATEADA,PRODUCTO_STOCKEABLE,Sujetadores,,,,,,UNIDAD,origen: ASUNCION=PC - Inventario.xlsx#8444@2026-08-03
ASU-101490,SUJETADOR HANIS ROJO,PRODUCTO_STOCKEABLE,Sujetadores,,,,,,UNIDAD,origen: ASUNCION=PC - Inventario.xlsx#8443@2026-08-03
ASU-101497,Hanis Sujetador Azul Marino,PRODUCTO_STOCKEABLE,Sujetadores,Hanis,,,,,UNIDAD,origen: ASUNCION=PC - Inventario.xlsx#8433@2026-08-03
ASU-101500,Hanis Sujetador Rojo.,PRODUCTO_STOCKEABLE,Sujetadores,Hanis,,,,,UNIDAD,origen: ASUNCION=PC - Inventario.xlsx#8435@2026-08-03
ASU-101501,Hanis Sujetador Rosa,PRODUCTO_STOCKEABLE,Sujetadores,Hanis,,,,,UNIDAD,origen: ASUNCION=PC - Inventario.xlsx#8434@2026-08-03
ASU-101505,Hanis Sujetador Rose,PRODUCTO_STOCKEABLE,Sujetadores,,,,,,UNIDAD,origen: ASUNCION=PC - Inventario.xlsx#8437@2026-08-03
ASU-101507,SUJETADOR HANIS ROJO,PRODUCTO_STOCKEABLE,Sujetadores,,,,,,UNIDAD,origen: ASUNCION=PC - Inventario.xlsx#8441@2026-08-03
ASU-101515,AC PAT FLEX VERDE MUSCO K9334 45-17-125 COL-876,PRODUCTO_STOCKEABLE,Armazones,Steffani,,,,,UNIDAD,origen: ASUNCION=PC - Inventario.xlsx#2724@2026-08-03
ASU-101517,AC PAT FLEX AZUL C/ NEGRO K9371 48-17-135 COL-706,PRODUCTO_STOCKEABLE,Armazones,Steffani,,,,,UNIDAD,origen: ASUNCION=PC - Inventario.xlsx#2725@2026-08-03
ASU-101527,AC PAT FLEX TRANSPARENTE F3002 50-19-145 C2,PRODUCTO_STOCKEABLE,Armazones,Proray,,,,,UNIDAD,origen: ASUNCION=PC - Inventario.xlsx#2731@2026-08-03
ASU-101548,AC PAT FLEX LILA GF5004 51-19-140 C6,PRODUCTO_STOCKEABLE,Armazones,Proray,,,,,UNIDAD,origen: ASUNCION=PC - Inventario.xlsx#2734@2026-08-03
ASU-101549,AH PAT FLEX NEGRO G8203B C2 51-20-140,PRODUCTO_STOCKEABLE,Armazones,Graffiti,,,,,UNIDAD,origen: ASUNCION=PC - Inventario.xlsx#2282@2026-08-03
ASU-101558,AC PAT FIJA NARANJA BT0025 C2 51-19-140,PRODUCTO_STOCKEABLE,Armazones,Graffiti,,,,,UNIDAD,origen: ASUNCION=PC - Inventario.xlsx#2258@2026-08-03
ASU-101563,AC PAT FIJA NEGRO MGA0001 52-19-142 C1,PRODUCTO_STOCKEABLE,Armazones,Graffiti,,,,,UNIDAD,origen: ASUNCION=PC - Inventario.xlsx#2243@2026-08-03
ASU-101566,AC PAT FIJA NEGRO G7037 C1 53-16-138,PRODUCTO_STOCKEABLE,Armazones,Graffiti,,,,,UNIDAD,origen: ASUNCION=PC - Inventario.xlsx#2248@2026-08-03
ASU-101569,AC PAT FIJA CELESTE TB010 C3 50-20-142,PRODUCTO_STOCKEABLE,Armazones,Graffiti,,,,,UNIDAD,origen: ASUNCION=PC - Inventario.xlsx#2236@2026-08-03
ASU-101593,AC PAT FLEX MARRON LIHULA RS508-3 50-18-140.,PRODUCTO_STOCKEABLE,Armazones,Ricky Sarkany,,,,,UNIDAD,origen: ASUNCION=PC - Inventario.xlsx#2293@2026-08-03
ASU-101596,AC PAT FLEX LE AA111 C11 44-15-120.,PRODUCTO_STOCKEABLE,Armazones,LuluCastagnate,,,,,UNIDAD,origen: ASUNCION=PC - Inventario.xlsx#2294@2026-08-03
ASU-101613,AC PAT FIJA NEGRO H2145 52-20-144 COL616,PRODUCTO_STOCKEABLE,Armazones,Unicity,,,,,UNIDAD,origen: ASUNCION=PC - Inventario.xlsx#2674@2026-08-03
ASU-101618,AC PAT FIJA DORADO BFP906 53-22-145 COL.BK7,PRODUCTO_STOCKEABLE,Armazones,Bossi,,,,,UNIDAD,origen: ASUNCION=PC - Inventario.xlsx#5380@2026-08-03
ASU-101627,AC PAT FLEX TRANS. V1099 54-16-142 COL-519,PRODUCTO_STOCKEABLE,Armazones,Vicrola,,,,,UNIDAD,origen: ASUNCION=PC - Inventario.xlsx#2669@2026-08-03
ASU-101654,AC PAT FLEX AZUL C/ ROJO H2659 49-20-145 COL-609,PRODUCTO_STOCKEABLE,Armazones,Unicity,,,,,UNIDAD,origen: ASUNCION=PC - Inventario.xlsx#2711@2026-08-03
ASU-101690,AC PAT FIJA NEGRO MOO36 AO2 O3,PRODUCTO_STOCKEABLE,Lentes de Sol,Mormaii,,,,,UNIDAD,origen: ASUNCION=PC - Inventario.xlsx#8169@2026-08-03
ASU-101702,AC PAT FLEX TRANSPARENTE XB1020 55-17-145 C5,PRODUCTO_STOCKEABLE,Armazones,Cambridge,,,,,UNIDAD,origen: ASUNCION=PC - Inventario.xlsx#2761@2026-08-03
ASU-10172,AC PAT FLEX AZUL NY AA054 C06 51-18-140.,PRODUCTO_STOCKEABLE,Armazones,New York,,,,,UNIDAD,origen: ASUNCION=PC - Inventario.xlsx#2295@2026-08-03
ASU-101720,AC PAT FIJA MARRON DTC-4807,PRODUCTO_STOCKEABLE,Lentes de Sol,Discovery,,,,,UNIDAD,origen: ASUNCION=PC - Inventario.xlsx#8060@2026-08-03
ASU-101721,AC PAT FIJA NEGRO RS MM005 C01 50-20-140.,PRODUCTO_STOCKEABLE,Armazones,Rolling Stones,,,,,UNIDAD,origen: ASUNCION=PC - Inventario.xlsx#2302@2026-08-03
ASU-101728,AC PAT FLEX GRIS C/ NARANJA NY AA121 C92 48-20-135.,PRODUCTO_STOCKEABLE,Armazones,New York,,,,,UNIDAD,origen: ASUNCION=PC - Inventario.xlsx#2297@2026-08-03
ASU-101729,AC PAT FIJA NEGRO GAMBOA AIR III,PRODUCTO_STOCKEABLE,Lentes de Sol,Mormaii,,,,,UNIDAD,origen: ASUNCION=PC - Inventario.xlsx#8111@2026-08-03
ASU-101733,AC PAT FLEX AMARILLO MI AA025 C07 50-16-135.,PRODUCTO_STOCKEABLE,Armazones,Minions,,,,,UNIDAD,origen: ASUNCION=PC - Inventario.xlsx#2298@2026-08-03
ASU-101743,AC PAT FLEX AZUL MI AA040 C63 46-17-125.,PRODUCTO_STOCKEABLE,Armazones,Minions,,,,,UNIDAD,origen: ASUNCION=PC - Inventario.xlsx#2300@2026-08-03
ASU-101756,AC PAT FIJA NEGRO DTC-4807,PRODUCTO_STOCKEABLE,Lentes de Sol,Discovery,,,,,UNIDAD,origen: ASUNCION=PC - Inventario.xlsx#8134@2026-08-03
ASU-101758,AC PAT FIJA NEGRO C/ BLANCO DP014-010 COL.32,PRODUCTO_STOCKEABLE,Lentes de Sol,Discovery,,,,,UNIDAD,origen: ASUNCION=PC - Inventario.xlsx#8133@2026-08-03
ASU-101767,AC PAT FIJA NEGRO BO945,PRODUCTO_STOCKEABLE,Lentes de Sol,Bacchio,,,,,UNIDAD,origen: ASUNCION=PC - Inventario.xlsx#8078@2026-08-03
ASU-101775,AC PAT FLEX GRIS STTA003 C101 50-19-145,PRODUCTO_STOCKEABLE,Armazones,Cambridge,,,,,UNIDAD,origen: ASUNCION=PC - Inventario.xlsx#2750@2026-08-03
ASU-101790,AC PAT FIJA NEGRO DHP7006 COL.1,PRODUCTO_STOCKEABLE,Lentes de Sol,Discovery,,,,,UNIDAD,origen: ASUNCION=PC - Inventario.xlsx#8051@2026-08-03
ASU-101809,AC PAT FIJA LILA BTPL-1004 58-17-135 COL.18,PRODUCTO_STOCKEABLE,Lentes de Sol,Bacchio,,,,,UNIDAD,origen: ASUNCION=PC - Inventario.xlsx#8080@2026-08-03
ASU-101815,AC PAT FLEX AZUL FC07-18 58-14-145 C.04,PRODUCTO_STOCKEABLE,Lentes de Sol,Cambridge,,,,,UNIDAD,origen: ASUNCION=PC - Inventario.xlsx#8147@2026-08-03
ASU-101820,AC PAT FIJA DORADO RS MM001 C32 49-18-135.,PRODUCTO_STOCKEABLE,Armazones,Rolling Stones,,,,,UNIDAD,origen: ASUNCION=PC - Inventario.xlsx#2301@2026-08-03
ASU-101829,AC PAT FIJA NEGRO BYS-5803,PRODUCTO_STOCKEABLE,Lentes de Sol,Bacchio,,,,,UNIDAD,origen: ASUNCION=PC - Inventario.xlsx#8066@2026-08-03
ASU-101854,AC PAT FLEX BLANCO NEGRO H2358 57-18-145 C612,PRODUCTO_STOCKEABLE,Armazones,Unicity,,,,,UNIDAD,origen: ASUNCION=PC - Inventario.xlsx#2778@2026-08-03
ASU-101860,AC PAT FLEX NEGRO K9773 54-15-140 C219,PRODUCTO_STOCKEABLE,Armazones,Steffani,,,,,UNIDAD,origen: ASUNCION=PC - Inventario.xlsx#2806@2026-08-03
ASU-101892,AC PAT FIJA NEGRO IN-002 COL.2,PRODUCTO_STOCKEABLE,Armazones,Hanis,,,,,UNIDAD,origen: ASUNCION=PC - Inventario.xlsx#2978@2026-08-03
ASU-101900,AH PAT FLEX ROJO RL512 51-18-136 C3,PRODUCTO_STOCKEABLE,Armazones,Cocoamint,,,,,UNIDAD,origen: ASUNCION=PC - Inventario.xlsx#2821@2026-08-03
ASU-101921,AC PAT FLEX NEGRO 17486 52-18-140 C01,PRODUCTO_STOCKEABLE,Armazones,Cambridge,,,,,UNIDAD,origen: ASUNCION=PC - Inventario.xlsx#2980@2026-08-03
ASU-101934,AC PAT FIJA MARRON BYS-5800 58-16-115 COL.4,PRODUCTO_STOCKEABLE,Armazones,Bacchio,,,,,UNIDAD,origen: ASUNCION=PC - Inventario.xlsx#2969@2026-08-03
ASU-101938,AC PAT FLEX LILA MIKE 2 44-18-180 CP,PRODUCTO_STOCKEABLE,Armazones,Mira Flex,,,,,UNIDAD,origen: ASUNCION=PC - Inventario.xlsx#2489@2026-08-03
ASU-101940,AC PAT FLEX ROSA H2692 53-17-140 C605,PRODUCTO_STOCKEABLE,Armazones,Unicity,,,,,UNIDAD,origen: ASUNCION=PC - Inventario.xlsx#2923@2026-08-03
ASU-101946,AC PAT FLEX NEGRO K9776 51-18-140 C602,PRODUCTO_STOCKEABLE,Armazones,Steffani,,,,,UNIDAD,origen: ASUNCION=PC - Inventario.xlsx#2842@2026-08-03
ASU-101962,AC PAT FLEX TRANSP TERRY NEW 2 R 45-14-120,PRODUCTO_STOCKEABLE,Armazones,Mira Flex,,,,,UNIDAD,origen: ASUNCION=PC - Inventario.xlsx#2506@2026-08-03
ASU-101968,AC PAT FLEX ROJO K9722 53-16-140 C511,PRODUCTO_STOCKEABLE,Armazones,Steffani,,,,,UNIDAD,origen: ASUNCION=PC - Inventario.xlsx#2943@2026-08-03
ASU-101975,AC PAT FIJA NEGRO 59-16-115 COL.11,PRODUCTO_STOCKEABLE,Armazones,Bacchio,,,,,UNIDAD,origen: ASUNCION=PC - Inventario.xlsx#2972@2026-08-03
ASU-101985,AT PAT FIJA NEGRO RS 825 C3 140-115,PRODUCTO_STOCKEABLE,Armazones,Romanson,,,,,UNIDAD,origen: ASUNCION=PC - Inventario.xlsx#2974@2026-08-03
ASU-101993,AC PAT FLEX NEGRO BA2020 56-17-140 N12,PRODUCTO_STOCKEABLE,Armazones,Scorpio,,,,,UNIDAD,origen: ASUNCION=PC - Inventario.xlsx#2891@2026-08-03
ASU-102026,AC PAT FLEX ROSA RGE003 C3 50-19-140,PRODUCTO_STOCKEABLE,Armazones,Graffiti,,,,,UNIDAD,origen: ASUNCION=PC - Inventario.xlsx#2234@2026-08-03
ASU-102035,AC PAT FLEX AZUL NY AA121 C07 48-20-135.,PRODUCTO_STOCKEABLE,Armazones,New York,,,,,UNIDAD,origen: ASUNCION=PC - Inventario.xlsx#2296@2026-08-03
ASU-102088,AC PAT FLEX NEGRO G-8243 C1 52-19-140,PRODUCTO_STOCKEABLE,Armazones,Graffiti,,,,,UNIDAD,origen: ASUNCION=PC - Inventario.xlsx#3043@2026-08-03
ASU-102092,AC PAT FLEX NEGRO LE030 C1 58-17-145,PRODUCTO_STOCKEABLE,Armazones,Graffiti,,,,,UNIDAD,origen: ASUNCION=PC - Inventario.xlsx#3072@2026-08-03
ASU-102099,AC PAT FLEX ANIMAL PRINT EP AA013 C77 50-18-135,PRODUCTO_STOCKEABLE,Armazones,Eleven Paris,,,,,UNIDAD,origen: ASUNCION=PC - Inventario.xlsx#3009@2026-08-03
ASU-102110,AC PAT FLEX ROSA RGA179 C4 52-17-140,PRODUCTO_STOCKEABLE,Armazones,Graffiti,,,,,UNIDAD,origen: ASUNCION=PC - Inventario.xlsx#3077@2026-08-03
ASU-102116,AC PAT FIJA ROJO DP020-003 C7,PRODUCTO_STOCKEABLE,Lentes de Sol,Discovery,,,,,UNIDAD,origen: ASUNCION=PC - Inventario.xlsx#8218@2026-08-03
ASU-102123,Terminado +1.00,PRODUCTO_STOCKEABLE,Armazones,Proray,,,,,UNIDAD,origen: ASUNCION=PC - Inventario.xlsx#2987@2026-08-03
ASU-102133,AC PAT FLEX MARRON BD1925 50-19-145 COL.B2,PRODUCTO_STOCKEABLE,Armazones,Bosani,,,,,UNIDAD,origen: ASUNCION=PC - Inventario.xlsx#2912@2026-08-03
ASU-102135,Terminado +3.75,PRODUCTO_STOCKEABLE,Armazones,Proray,,,,,UNIDAD,origen: ASUNCION=PC - Inventario.xlsx#3015@2026-08-03
ASU-102139,Terminada +3.75,PRODUCTO_STOCKEABLE,Armazones,Proray,,,,,UNIDAD,origen: ASUNCION=PC - Inventario.xlsx#3017@2026-08-03
ASU-102145,Terminado +3.75,PRODUCTO_STOCKEABLE,Armazones,Proray,,,,,UNIDAD,origen: ASUNCION=PC - Inventario.xlsx#3016@2026-08-03
ASU-102146,Terminado +1.00,PRODUCTO_STOCKEABLE,Armazones,Proray,,,,,UNIDAD,origen: ASUNCION=PC - Inventario.xlsx#2988@2026-08-03
ASU-102147,AC PAT FLEX AZUL NY AA127 C62 49-19-140,PRODUCTO_STOCKEABLE,Armazones,New York,,,,,UNIDAD,origen: ASUNCION=PC - Inventario.xlsx#3004@2026-08-03
ASU-102187,AH PAT FLEX NEGRO JS001 C1 55-16-142,PRODUCTO_STOCKEABLE,Armazones,Graffiti,,,,,UNIDAD,origen: ASUNCION=PC - Inventario.xlsx#3081@2026-08-03
ASU-102202,AC PAT FIJA MARRON TRANSPARENTE BOC2014 57-18-142 COL.BT2,PRODUCTO_STOCKEABLE,Armazones,Bosani,,,,,UNIDAD,origen: ASUNCION=PC - Inventario.xlsx#5551@2026-08-03
ASU-102207,AC PAT FIJA NEGRO MAUI M0035,PRODUCTO_STOCKEABLE,Lentes de Sol,Mormaii,,,,,UNIDAD,origen: ASUNCION=PC - Inventario.xlsx#8109@2026-08-03
ASU-102222,AC PAT FIJA NEGRO Aretha C0154 A34 33 Cat.02,PRODUCTO_STOCKEABLE,Armazones,Colcci,,,,,UNIDAD,origen: ASUNCION=PC - Inventario.xlsx#2353@2026-08-03
ASU-102225,AC PAT FLEX NEGRO HK AM011 C01 45-18-130,PRODUCTO_STOCKEABLE,Armazones,Hello Kitty,,,,,UNIDAD,origen: ASUNCION=PC - Inventario.xlsx#3330@2026-08-03
ASU-102232,AC PAT FIJA ROSA 18116 C11,PRODUCTO_STOCKEABLE,Armazones,City,,,,,UNIDAD,origen: ASUNCION=PC - Inventario.xlsx#4503@2026-08-03
ASU-102258,AC PAT FIJA ROSA PLD D420 HAM 145,PRODUCTO_STOCKEABLE,Armazones,Polaroid,,,,,UNIDAD,origen: ASUNCION=PC - Inventario.xlsx#4276@2026-08-03
ASU-102268,AC PAT FLEX NEGRO H2357 56-18-145 COL.602,PRODUCTO_STOCKEABLE,Armazones,Unicity,,,,,UNIDAD,origen: ASUNCION=PC - Inventario.xlsx#5593@2026-08-03
ASU-102272,AC PAT FIJA MARRON DP019-003 COL.35,PRODUCTO_STOCKEABLE,Armazones,Discovery,,,,,UNIDAD,origen: ASUNCION=PC - Inventario.xlsx#5573@2026-08-03
ASU-102303,AC PAT FIJA MARRON BOC1914 53-20-143 COL.TC2,PRODUCTO_STOCKEABLE,Armazones,Bosani,,,,,UNIDAD,origen: ASUNCION=PC - Inventario.xlsx#5546@2026-08-03
ASU-102322,AC PAT FLEX NEGRO K9670 53-19-145 COL.502,PRODUCTO_STOCKEABLE,Armazones,Steffani,,,,,UNIDAD,origen: ASUNCION=PC - Inventario.xlsx#5623@2026-08-03
ASU-102351,AC PAT FIJA MARRON 452,PRODUCTO_STOCKEABLE,Armazones,Linea Roma,,,,,UNIDAD,origen: ASUNCION=PC - Inventario.xlsx#3875@2026-08-03
ASU-102384,AC PAT FLEX NEGRO K9775 53-17-140 COL.502,PRODUCTO_STOCKEABLE,Armazones,Steffani,,,,,UNIDAD,origen: ASUNCION=PC - Inventario.xlsx#5631@2026-08-03
ASU-102400,AC PAT FIJA LILA/ROSADO JOY 45-14-120 C.1011.A,PRODUCTO_STOCKEABLE,Armazones,Mira Flex,,,,,UNIDAD,origen: ASUNCION=PC - Inventario.xlsx#3115@2026-08-03
ASU-102403,AC PAT FIJA ROSA NICKY 48 COL.B 48-16-138,PRODUCTO_STOCKEABLE,Armazones,Mira Flex,,,,,UNIDAD,origen: ASUNCION=PC - Inventario.xlsx#3113@2026-08-03
ASU-102428,AC PAT FLEX AZUL H-G5152 55-18-150 C1,PRODUCTO_STOCKEABLE,Armazones,Hanis,,,,,UNIDAD,origen: ASUNCION=PC - Inventario.xlsx#3133@2026-08-03
ASU-102432,AC PAT FIJA ROSA PERLADO MAYAN 2 42-15-125 COL.BP,PRODUCTO_STOCKEABLE,Armazones,Mira Flex,,,,,UNIDAD,origen: ASUNCION=PC - Inventario.xlsx#3117@2026-08-03
ASU-102437,AC PAT FIJA NEGRO RS MM004 C01 53-18-140.,PRODUCTO_STOCKEABLE,Armazones,Rolling Stones,,,,,UNIDAD,origen: ASUNCION=PC - Inventario.xlsx#2303@2026-08-03
ASU-102444,AC PAT FIJA LILA MAYAN 2 42-15-125 COL.BS,PRODUCTO_STOCKEABLE,Armazones,Mira Flex,,,,,UNIDAD,origen: ASUNCION=PC - Inventario.xlsx#3116@2026-08-03
ASU-102455,AC PAT FIJA VERDE NEW BABY VC 42-16-130 COL.B,PRODUCTO_STOCKEABLE,Armazones,Mira Flex,,,,,UNIDAD,origen: ASUNCION=PC - Inventario.xlsx#3106@2026-08-03
ASU-102459,AC PAT FIJA AZUL REY MAYAN 2 42-15-125 COL.OP,PRODUCTO_STOCKEABLE,Armazones,Mira Flex,,,,,UNIDAD,origen: ASUNCION=PC - Inventario.xlsx#3098@2026-08-03
ASU-102464,AC PAT FIJA AZUL OSCURO BABY PLUS 2 42-14 COL.JS,PRODUCTO_STOCKEABLE,Armazones,Mira Flex,,,,,UNIDAD,origen: ASUNCION=PC - Inventario.xlsx#3109@2026-08-03
ASU-102465,AC PAT FLEX AZUL VERDE DC AA042 C6,PRODUCTO_STOCKEABLE,Armazones,Cars,,,,,UNIDAD,origen: ASUNCION=PC - Inventario.xlsx#3473@2026-08-03
ASU-102467,AC PAT FIJA LILA YAMARY KR1405-3 51-17-135 PURPLE,PRODUCTO_STOCKEABLE,Armazones,Karina Rabolini,,,,,UNIDAD,origen: ASUNCION=PC - Inventario.xlsx#2575@2026-08-03
ASU-102483,AC PAT FLEX NEGRO/DORADO H-M2001 54-17-140 C2,PRODUCTO_STOCKEABLE,Armazones,Hanis,,,,,UNIDAD,origen: ASUNCION=PC - Inventario.xlsx#3199@2026-08-03
ASU-102492,AC PAT FIJA ROSA H-A23004 53-19-150 C1,PRODUCTO_STOCKEABLE,Armazones,Hanis,,,,,UNIDAD,origen: ASUNCION=PC - Inventario.xlsx#3171@2026-08-03
ASU-102574,AC PAT FIJA NEGRO TR B5394 51-20 COL.843,PRODUCTO_STOCKEABLE,Armazones,Alfani,,,,,UNIDAD,origen: ASUNCION=PC - Inventario.xlsx#5704@2026-08-03
ASU-102598,AC PAT FLEX NEGRO V1222 56-16-142 COL.200,PRODUCTO_STOCKEABLE,Armazones,Vicrola,,,,,UNIDAD,origen: ASUNCION=PC - Inventario.xlsx#5685@2026-08-03
ASU-102599,AC PAT FIJA AZUL DM18068B 50-16-135 C3,PRODUCTO_STOCKEABLE,Armazones,Hanis,,,,,UNIDAD,origen: ASUNCION=PC - Inventario.xlsx#3240@2026-08-03
ASU-102602,AC PAT FIJA NEGRO DM18068B 50-16-135 C1,PRODUCTO_STOCKEABLE,Armazones,Hanis,,,,,UNIDAD,origen: ASUNCION=PC - Inventario.xlsx#3242@2026-08-03
ASU-102606,AC PAT FIJA AZUL TR B5495 54-18 COL.740,PRODUCTO_STOCKEABLE,Armazones,Alfani,,,,,UNIDAD,origen: ASUNCION=PC - Inventario.xlsx#5701@2026-08-03
ASU-102615,AC PAT FIJA NEGRO TR B5394 51-20 COL.200,PRODUCTO_STOCKEABLE,Armazones,Alfani,,,,,UNIDAD,origen: ASUNCION=PC - Inventario.xlsx#5703@2026-08-03
ASU-102631,AC PAT FIJA ROJO DM18070B 52-18-135 C2,PRODUCTO_STOCKEABLE,Armazones,Hanis,,,,,UNIDAD,origen: ASUNCION=PC - Inventario.xlsx#3241@2026-08-03
ASU-102633,AC PAT FLEX AZUL OO08 BLU 115,PRODUCTO_STOCKEABLE,Armazones,Diego Go!,,,,,UNIDAD,origen: ASUNCION=PC - Inventario.xlsx#3887@2026-08-03
ASU-102634,AC PAT FLEX NEGRO H2204 C611,PRODUCTO_STOCKEABLE,Armazones,Unicity,,,,,UNIDAD,origen: ASUNCION=PC - Inventario.xlsx#3503@2026-08-03
ASU-102636,AC PAT FLEX DORADO VERDE BA2309 56-15-140 CFU3,PRODUCTO_STOCKEABLE,Armazones,Bacchio,,,,,UNIDAD,origen: ASUNCION=PC - Inventario.xlsx#5392@2026-08-03
ASU-102657,AC PAT FLEX ROJO BA2327 54-19-142 CT5,PRODUCTO_STOCKEABLE,Armazones,Bacchio,,,,,UNIDAD,origen: ASUNCION=PC - Inventario.xlsx#5413@2026-08-03
ASU-102660,AC PAT FLEX NEGRO BA2322 55-21-140 CF12,PRODUCTO_STOCKEABLE,Armazones,Bacchio,,,,,UNIDAD,origen: ASUNCION=PC - Inventario.xlsx#5408@2026-08-03
ASU-102664,AC PAT GOMA DEPORT. ROJO,PRODUCTO_STOCKEABLE,Armazones,Opolly,,,,,UNIDAD,origen: ASUNCION=PC - Inventario.xlsx#2134@2026-08-03
ASU-102698,AC PAT FLEX NEGRO NY MM001 C01 47-19-135,PRODUCTO_STOCKEABLE,Armazones,New York,,,,,UNIDAD,origen: ASUNCION=PC - Inventario.xlsx#3886@2026-08-03
ASU-102706,AC PAT FLEX AZUL TIMG002 C07 46-17-125,PRODUCTO_STOCKEABLE,Armazones,Titeuf,,,,,UNIDAD,origen: ASUNCION=PC - Inventario.xlsx#3837@2026-08-03
ASU-102708,AC PAT FLEX GRIS OO03  BLU 120,PRODUCTO_STOCKEABLE,Armazones,Diego Go!,,,,,UNIDAD,origen: ASUNCION=PC - Inventario.xlsx#3888@2026-08-03
ASU-102709,AC PAT FLEX LILA HEMI003 C09 44-16-25,PRODUCTO_STOCKEABLE,Armazones,Hello Kitty,,,,,UNIDAD,origen: ASUNCION=PC - Inventario.xlsx#3833@2026-08-03
ASU-102721,AC PAT FIJA AMARILLA UK012 48-17-140 C.01,PRODUCTO_STOCKEABLE,Armazones,Usual Smartflex kids,,,,,UNIDAD,origen: ASUNCION=PC - Inventario.xlsx#5523@2026-08-03
ASU-102725,AC PAT FLEX ANIMAL PRINT K9361 60-16-142 COL.5,PRODUCTO_STOCKEABLE,Armazones,Steffani,,,,,UNIDAD,origen: ASUNCION=PC - Inventario.xlsx#5492@2026-08-03
ASU-102736,AC PAT FIJA NEGRO 50-20-140 EDITH,PRODUCTO_STOCKEABLE,Armazones,Spy+,,,,,UNIDAD,origen: ASUNCION=PC - Inventario.xlsx#3666@2026-08-03
ASU-102750,AC PAT FLEX AZUL BA2312 55-15-145 CF3,PRODUCTO_STOCKEABLE,Armazones,Bacchio,,,,,UNIDAD,origen: ASUNCION=PC - Inventario.xlsx#5409@2026-08-03
ASU-102753,AC PAT FJA BLANCO DP020-001 COL.16,PRODUCTO_STOCKEABLE,Armazones,Discovery,,,,,UNIDAD,origen: ASUNCION=PC - Inventario.xlsx#5448@2026-08-03
ASU-102774,AC PAT FIJA NEGRO BOC2012 55-18-142 COL.F1,PRODUCTO_STOCKEABLE,Armazones,Bosani,,,,,UNIDAD,origen: ASUNCION=PC - Inventario.xlsx#5566@2026-08-03
ASU-102788,AC PAT FIJA ROJO/NEGRO BOC2015 56-15-140 COL.B1,PRODUCTO_STOCKEABLE,Armazones,Bosani,,,,,UNIDAD,origen: ASUNCION=PC - Inventario.xlsx#5441@2026-08-03
ASU-102793,AC PAT FIJA NEGRO DEP-866,PRODUCTO_STOCKEABLE,Armazones,Proray,,,,,UNIDAD,origen: ASUNCION=PC - Inventario.xlsx#5468@2026-08-03
ASU-102819,AC PAT FIJA AZUL FRANCIA DEP-847,PRODUCTO_STOCKEABLE,Armazones,Proray,,,,,UNIDAD,origen: ASUNCION=PC - Inventario.xlsx#5462@2026-08-03
ASU-102846,AC PAT FIJA ROJO DEP-866,PRODUCTO_STOCKEABLE,Armazones,Proray,,,,,UNIDAD,origen: ASUNCION=PC - Inventario.xlsx#5470@2026-08-03
ASU-102847,AT PAT FIJA NEGRO BYS-5800 58-16-115 COL.2,PRODUCTO_STOCKEABLE,Armazones,Bacchio,,,,,UNIDAD,origen: ASUNCION=PC - Inventario.xlsx#5854@2026-08-03
ASU-102891,AH PAT FLEX MARRON BA2310 56-18-145 CFU2,PRODUCTO_STOCKEABLE,Armazones,Bacchio,,,,,UNIDAD,origen: ASUNCION=PC - Inventario.xlsx#5753@2026-08-03
ASU-102918,AC PAT FIJA NEGRO T452,PRODUCTO_STOCKEABLE,Armazones,Traffic,,,,,UNIDAD,origen: ASUNCION=PC - Inventario.xlsx#3734@2026-08-03
ASU-102990,AC PAT FLEX NEGRO K9790 54-18-145 COL.F200,PRODUCTO_STOCKEABLE,Armazones,Steffani,,,,,UNIDAD,origen: ASUNCION=PC - Inventario.xlsx#5813@2026-08-03
ASU-103009,"TERMINADO +2,75",PRODUCTO_STOCKEABLE,Armazones,Proray,,,,,UNIDAD,origen: ASUNCION=PC - Inventario.xlsx#5798@2026-08-03
ASU-103011,AC PAT FIJA AZUL DCP23013 54-20-141 COL.CB3,PRODUCTO_STOCKEABLE,Armazones,Discovery,,,,,UNIDAD,origen: ASUNCION=PC - Inventario.xlsx#5765@2026-08-03
ASU-103012,AC PAT FLEX NEGRO H3004 55-18-150 COL.616,PRODUCTO_STOCKEABLE,Armazones,Unicity,,,,,UNIDAD,origen: ASUNCION=PC - Inventario.xlsx#5841@2026-08-03
ASU-103023,"TERMINADO +2,50",PRODUCTO_STOCKEABLE,Armazones,Proray,,,,,UNIDAD,origen: ASUNCION=PC - Inventario.xlsx#5800@2026-08-03
ASU-103067,AC PAT FLEX CELESTE GR002 C6,PRODUCTO_STOCKEABLE,Armazones,Titeuf,,,,,UNIDAD,origen: ASUNCION=PC - Inventario.xlsx#3836@2026-08-03
ASU-103072,AC PAT FLEX GRIS METAL C/ DISEÑO K9014 48-17-135 COL.34,PRODUCTO_STOCKEABLE,Armazones,Steffani,,,,,UNIDAD,origen: ASUNCION=PC - Inventario.xlsx#5898@2026-08-03
ASU-103081,AC PAT FLEX GRIS AZUL GR001 C7,PRODUCTO_STOCKEABLE,Armazones,Titeuf,,,,,UNIDAD,origen: ASUNCION=PC - Inventario.xlsx#3382@2026-08-03
ASU-103090,AC PAT FLEX GRIS CELESTE AM010 C94,PRODUCTO_STOCKEABLE,Armazones,Titeuf,,,,,UNIDAD,origen: ASUNCION=PC - Inventario.xlsx#3480@2026-08-03
ASU-103093,AC PAT FLEX AZUL AA014,PRODUCTO_STOCKEABLE,Armazones,Titeuf,,,,,UNIDAD,origen: ASUNCION=PC - Inventario.xlsx#3481@2026-08-03
ASU-103094,AC PAT FLEX NEGRO GG003,PRODUCTO_STOCKEABLE,Armazones,Titeuf,,,,,UNIDAD,origen: ASUNCION=PC - Inventario.xlsx#3482@2026-08-03
ASU-103100,AC PAT FLEX NEGRO V1155 56-18-145 COL.602,PRODUCTO_STOCKEABLE,Armazones,Vicrola,,,,,UNIDAD,origen: ASUNCION=PC - Inventario.xlsx#5912@2026-08-03
ASU-103104,AC PAT FIJA GRIS C/ NEGRO DTC-4807,PRODUCTO_STOCKEABLE,Armazones,Discovery,,,,,UNIDAD,origen: ASUNCION=PC - Inventario.xlsx#5941@2026-08-03
ASU-103125,AC PAT FIJA NEGRO DISEÑO RS 825 C3 140-115,PRODUCTO_STOCKEABLE,Armazones,Romanson,,,,,UNIDAD,origen: ASUNCION=PC - Inventario.xlsx#5950@2026-08-03
ASU-103151,AC PAT FLEX NEGRO BA2313 52-18-140 CF1,PRODUCTO_STOCKEABLE,Armazones,Bacchio,,,,,UNIDAD,origen: ASUNCION=PC - Inventario.xlsx#5406@2026-08-03
ASU-103166,AC PAT FIJA ANIMAL PRINT STANLEY RS843-2 M.BURGUNDY/SIL 53-20-140,PRODUCTO_STOCKEABLE,Armazones,Ricky Sarkany,,,,,UNIDAD,origen: ASUNCION=PC - Inventario.xlsx#5875@2026-08-03
ASU-103176,AC PAT FLEX NEGRO NENEO KR2135-1 S.BRN 52-20-145,PRODUCTO_STOCKEABLE,Armazones,Karina Rabolini,,,,,UNIDAD,origen: ASUNCION=PC - Inventario.xlsx#5873@2026-08-03
ASU-103190,AC PAT FLEX ROSA BA2201 55-14-140 BC2,PRODUCTO_STOCKEABLE,Armazones,Bacchio,,,,,UNIDAD,origen: ASUNCION=PC - Inventario.xlsx#2190@2026-08-03
ASU-103244,AC PAT FLEX NEGRO H2987 48-15-130 COL.611,PRODUCTO_STOCKEABLE,Armazones,Unicity,,,,,UNIDAD,origen: ASUNCION=PC - Inventario.xlsx#5968@2026-08-03
ASU-103250,AC PAT FLEX NEGRO H2986 49-16-130 COL.611,PRODUCTO_STOCKEABLE,Armazones,Unicity,,,,,UNIDAD,origen: ASUNCION=PC - Inventario.xlsx#5973@2026-08-03
ASU-103251,AH PAT FLEX GRIS/AZUL H-M2011 56-17-140 C3,PRODUCTO_STOCKEABLE,Armazones,Hanis,,,,,UNIDAD,origen: ASUNCION=PC - Inventario.xlsx#4900@2026-08-03
ASU-103273,AC PAT FLEX BAAA020 D46 46-16-125,PRODUCTO_STOCKEABLE,Armazones,Barbie,,,,,UNIDAD,origen: ASUNCION=PC - Inventario.xlsx#5885@2026-08-03
ASU-103292,AC PAT FLEX NEGRO ROSA HK AA058 C1,PRODUCTO_STOCKEABLE,Armazones,Hello Kitty,,,,,UNIDAD,origen: ASUNCION=PC - Inventario.xlsx#3458@2026-08-03
ASU-103293,AC PAT FIJA DORADO GRIS HIELO DCP23003 59-16-144 COL.CET13,PRODUCTO_STOCKEABLE,Armazones,Discovery,,,,,UNIDAD,origen: ASUNCION=PC - Inventario.xlsx#6021@2026-08-03
ASU-103312,AC PAT FLEX NEGRO C/ AMARILLO MI AA021 C01 50-15-130.,PRODUCTO_STOCKEABLE,Armazones,Minions,,,,,UNIDAD,origen: ASUNCION=PC - Inventario.xlsx#2299@2026-08-03
ASU-103315,AC PAT FIJA NEGROLILA DCP23021 57-14-140 COL.CEM5,PRODUCTO_STOCKEABLE,Armazones,Discovery,,,,,UNIDAD,origen: ASUNCION=PC - Inventario.xlsx#6036@2026-08-03
ASU-103325,AC PAT FIJA NEGRO ROJO SPIDERMAN UV400 CAT3.0,PRODUCTO_STOCKEABLE,Armazones,Marvel,,,,,UNIDAD,origen: ASUNCION=PC - Inventario.xlsx#4822@2026-08-03
ASU-103333,AC PAT FLEX GRIS K9337 51-15-140 COL-885,PRODUCTO_STOCKEABLE,Armazones,Steffani,,,,,UNIDAD,origen: ASUNCION=PC - Inventario.xlsx#2716@2026-08-03
ASU-103341,AC PAT FIJA CELESTE KILLI KR1402-1 53-15-140 BLUE,PRODUCTO_STOCKEABLE,Armazones,Karina Rabolini,,,,,UNIDAD,origen: ASUNCION=PC - Inventario.xlsx#2571@2026-08-03
ASU-103364,AC PAT FLEZX NEGRO AY6890 49-17-143 C4,PRODUCTO_STOCKEABLE,Armazones,Betania,,,,,UNIDAD,origen: ASUNCION=PC - Inventario.xlsx#5022@2026-08-03
ASU-103368,AC PAT FLEX NEGRO F88187 51-17-140 C4,PRODUCTO_STOCKEABLE,Armazones,Betania,,,,,UNIDAD,origen: ASUNCION=PC - Inventario.xlsx#5020@2026-08-03
ASU-103371,AC PAT FLEX AZUL DH9117 52-21-145 C3,PRODUCTO_STOCKEABLE,Armazones,Betania,,,,,UNIDAD,origen: ASUNCION=PC - Inventario.xlsx#4999@2026-08-03
ASU-103381,AC PAT FLEX AZUL HT2104 45-18-140 C2,PRODUCTO_STOCKEABLE,Armazones,Betania,,,,,UNIDAD,origen: ASUNCION=PC - Inventario.xlsx#5015@2026-08-03
ASU-103393,AC PAT FLEX NEGRO NSV5010 55-18-145 C1,PRODUCTO_STOCKEABLE,Armazones,Altania,,,,,UNIDAD,origen: ASUNCION=PC - Inventario.xlsx#4971@2026-08-03
ASU-103399,AC PAT FLEX VERDE NSV5004 54-17-145 C2,PRODUCTO_STOCKEABLE,Armazones,Altania,,,,,UNIDAD,origen: ASUNCION=PC - Inventario.xlsx#4972@2026-08-03
ASU-103403,AC PAT FLEX ROSA NSV5010 55-18-145 C4,PRODUCTO_STOCKEABLE,Armazones,Altania,,,,,UNIDAD,origen: ASUNCION=PC - Inventario.xlsx#4968@2026-08-03
ASU-103411,AC PAT FLEX NEGRO 8011 52-18-145 C3,PRODUCTO_STOCKEABLE,Armazones,Betania,,,,,UNIDAD,origen: ASUNCION=PC - Inventario.xlsx#4977@2026-08-03
ASU-103456,AC PAT FLEX BORDO HT2113 47-20-135 C6,PRODUCTO_STOCKEABLE,Armazones,Betania,,,,,UNIDAD,origen: ASUNCION=PC - Inventario.xlsx#4983@2026-08-03
ASU-103458,AC PAT FLEX NEGRO AY8018 47-21-140 C1 TB,PRODUCTO_STOCKEABLE,Armazones,Betania,,,,,UNIDAD,origen: ASUNCION=PC - Inventario.xlsx#4988@2026-08-03
ASU-103460,AC PAT FLEX ROJO F88197 46-20-140 C5,PRODUCTO_STOCKEABLE,Armazones,Betania,,,,,UNIDAD,origen: ASUNCION=PC - Inventario.xlsx#4987@2026-08-03
ASU-103468,AC PAT FLEX NEGRO CELESTE DH9117 52-21-145,PRODUCTO_STOCKEABLE,Armazones,Betania,,,,,UNIDAD,origen: ASUNCION=PC - Inventario.xlsx#4997@2026-08-03
ASU-103472,AC PAT FLEX NEGRO HT2113 47-20-135 C1,PRODUCTO_STOCKEABLE,Armazones,Betania,,,,,UNIDAD,origen: ASUNCION=PC - Inventario.xlsx#4991@2026-08-03
ASU-103513,AC PAT FIJA NARANJA 7501 C4 39-14-130,PRODUCTO_STOCKEABLE,Armazones,Emeflex,,,,,UNIDAD,origen: ASUNCION=PC - Inventario.xlsx#4853@2026-08-03
ASU-103514,"Terminado +3,25",PRODUCTO_STOCKEABLE,Armazones,Proray,,,,,UNIDAD,origen: ASUNCION=PC - Inventario.xlsx#4736@2026-08-03
ASU-103520,AC PAT FIJA ROJO 7505 C4 51-17-140,PRODUCTO_STOCKEABLE,Armazones,Emeflex,,,,,UNIDAD,origen: ASUNCION=PC - Inventario.xlsx#4850@2026-08-03
ASU-103522,AC PAT FIJA AZUL 7501 C3 39-14-130,PRODUCTO_STOCKEABLE,Armazones,Emeflex,,,,,UNIDAD,origen: ASUNCION=PC - Inventario.xlsx#4855@2026-08-03
ASU-103523,AC PAT FLEX NEGRO BTR 4512 C3 47-15-135,PRODUCTO_STOCKEABLE,Armazones,Bugsy,,,,,UNIDAD,origen: ASUNCION=PC - Inventario.xlsx#4833@2026-08-03
ASU-103528,AC PAT FLEX NEGRO RD26049 50-19-140 C1,PRODUCTO_STOCKEABLE,Armazones,Hanis,,,,,UNIDAD,origen: ASUNCION=PC - Inventario.xlsx#4800@2026-08-03
ASU-103535,AC PAT FLEX ANIMAL PRINT WS19030 52-17-140 C2,PRODUCTO_STOCKEABLE,Armazones,Hanis,,,,,UNIDAD,origen: ASUNCION=PC - Inventario.xlsx#4806@2026-08-03
ASU-103544,AC PAT FLEX ANIMAL PRINT ROSA OSCURO H3009 52-16-138 COL.625,PRODUCTO_STOCKEABLE,Armazones,Unicity,,,,,UNIDAD,origen: ASUNCION=PC - Inventario.xlsx#5053@2026-08-03
ASU-103546,AC PAT FLEX ROSA TJ2181 53-20-143 C3,PRODUCTO_STOCKEABLE,Armazones,Hanis,,,,,UNIDAD,origen: ASUNCION=PC - Inventario.xlsx#4762@2026-08-03
ASU-103558,AC PAT FLEX AZUL TL3663 C4 55-17-145,PRODUCTO_STOCKEABLE,Armazones,Cambridge,,,,,UNIDAD,origen: ASUNCION=PC - Inventario.xlsx#2737@2026-08-03
ASU-103570,AC PAT FLEX AZUL ROJO 4111 C1 45-21-130,PRODUCTO_STOCKEABLE,Armazones,Bugsy,,,,,UNIDAD,origen: ASUNCION=PC - Inventario.xlsx#4830@2026-08-03
ASU-103574,AC PAT FLEX GRIS 9045 C3 51-17-135,PRODUCTO_STOCKEABLE,Armazones,Yinoa,,,,,UNIDAD,origen: ASUNCION=PC - Inventario.xlsx#4844@2026-08-03
ASU-103579,AC PAT FIJA VERDE 7502 C4 42-14-130,PRODUCTO_STOCKEABLE,Armazones,Emeflex,,,,,UNIDAD,origen: ASUNCION=PC - Inventario.xlsx#4854@2026-08-03
ASU-103586,AH PAT FLEX ROSA 9037 C3 46-20-130,PRODUCTO_STOCKEABLE,Armazones,Yinoa,,,,,UNIDAD,origen: ASUNCION=PC - Inventario.xlsx#4848@2026-08-03
ASU-103589,AC PAT FIJA AZUL 7500 C3 38-12-120,PRODUCTO_STOCKEABLE,Armazones,Emeflex,,,,,UNIDAD,origen: ASUNCION=PC - Inventario.xlsx#4856@2026-08-03
ASU-103590,AC PAT FIJA LILA 7500 C2 38-12-120,PRODUCTO_STOCKEABLE,Armazones,Emeflex,,,,,UNIDAD,origen: ASUNCION=PC - Inventario.xlsx#4858@2026-08-03
ASU-103612,AC PAT FIJA NEGRO 97152 C5 55-22-145,PRODUCTO_STOCKEABLE,Armazones,Betania,,,,,UNIDAD,origen: ASUNCION=PC - Inventario.xlsx#4753@2026-08-03
ASU-103616,AC PAT FLEX BLANCO DORADO 50-23-140 P14,PRODUCTO_STOCKEABLE,Armazones,Bacchio,,,,,UNIDAD,origen: ASUNCION=PC - Inventario.xlsx#4756@2026-08-03
ASU-103641,AC PAT FLEX NEGRO BC9001 47-18-135 C7,PRODUCTO_STOCKEABLE,Armazones,Hanis,,,,,UNIDAD,origen: ASUNCION=PC - Inventario.xlsx#4792@2026-08-03
ASU-103647,AC PAT FLEX GRIS NEGRO TJ2181 53-20-143 C1,PRODUCTO_STOCKEABLE,Armazones,Hanis,,,,,UNIDAD,origen: ASUNCION=PC - Inventario.xlsx#6137@2026-08-03
ASU-103665,"Terminado +1,50",PRODUCTO_STOCKEABLE,Armazones,Proray,,,,,UNIDAD,origen: ASUNCION=PC - Inventario.xlsx#4745@2026-08-03
ASU-103666,"Terminado +2,25",PRODUCTO_STOCKEABLE,Armazones,Proray,,,,,UNIDAD,origen: ASUNCION=PC - Inventario.xlsx#4741@2026-08-03
ASU-103672,AC PAT FLEX NEGRO RX 5390 8055 52-18-145,PRODUCTO_STOCKEABLE,Armazones,Hanis,,,,,UNIDAD,origen: ASUNCION=PC - Inventario.xlsx#4788@2026-08-03
ASU-103683,AC PAT FLEX GRIS K6671 49-20-135 COL.8,PRODUCTO_STOCKEABLE,Armazones,Steffani,,,,,UNIDAD,origen: ASUNCION=PC - Inventario.xlsx#5086@2026-08-03
ASU-103707,AH PAT FLEX NEGRO BLANCO K9123 51-17-135 COL.74,PRODUCTO_STOCKEABLE,Armazones,Steffani,,,,,UNIDAD,origen: ASUNCION=PC - Inventario.xlsx#5100@2026-08-03
ASU-103713,AC PAT FLEX ROSA H3009 52-16-138 C625,PRODUCTO_STOCKEABLE,Armazones,Unicity,,,,,UNIDAD,origen: ASUNCION=PC - Inventario.xlsx#5118@2026-08-03
ASU-103714,AH PAT FLEX GRIS K9162 55-19-135 COL.71,PRODUCTO_STOCKEABLE,Armazones,Steffani,,,,,UNIDAD,origen: ASUNCION=PC - Inventario.xlsx#5093@2026-08-03
ASU-103743,AC PAT FLEX MARRON K8861 51-15-135 COL39,PRODUCTO_STOCKEABLE,Armazones,Steffani,,,,,UNIDAD,origen: ASUNCION=PC - Inventario.xlsx#5108@2026-08-03
ASU-103762,AC PAT FIJA NEGRO T475 C1 50-18-0140,PRODUCTO_STOCKEABLE,Armazones,Traffic,,,,,UNIDAD,origen: ASUNCION=PC - Inventario.xlsx#3721@2026-08-03
ASU-103790,AC PAT FLEX VERDE TRANSLUCIDO A7702 48-16-135 C2,PRODUCTO_STOCKEABLE,Armazones,Hanis,,,,,UNIDAD,origen: ASUNCION=PC - Inventario.xlsx#5158@2026-08-03
ASU-103805,AT PAT FLEX DORADO NEGRO R3003 C3 54-19-140,PRODUCTO_STOCKEABLE,Armazones,Hanis,,,,,UNIDAD,origen: ASUNCION=PC - Inventario.xlsx#5143@2026-08-03
ASU-103806,AH PAT FLEX NEGRO DORADO 87009 53-17-143 C4,PRODUCTO_STOCKEABLE,Armazones,Hanis,,,,,UNIDAD,origen: ASUNCION=PC - Inventario.xlsx#5145@2026-08-03
ASU-103808,AC PAT FIJA MARRON 22213 53-16-142 C3,PRODUCTO_STOCKEABLE,Armazones,Hanis,,,,,UNIDAD,origen: ASUNCION=PC - Inventario.xlsx#6136@2026-08-03
ASU-103836,AC PAT FLEX NEGRO GRIS BA2211 53-20-142 F3,PRODUCTO_STOCKEABLE,Armazones,Bacchio,,,,,UNIDAD,origen: ASUNCION=PC - Inventario.xlsx#5747@2026-08-03
ASU-103839,AC PAT FIJA NEGRO T007 49-24-142 C2,PRODUCTO_STOCKEABLE,Armazones,Cambridge,,,,,UNIDAD,origen: ASUNCION=PC - Inventario.xlsx#2740@2026-08-03
ASU-103856,AC PAT FLEX VERDE 48-15-124 C797,PRODUCTO_STOCKEABLE,Lentes de Sol,Alfani,,,,,UNIDAD,origen: ASUNCION=PC - Inventario.xlsx#8366@2026-08-03
ASU-103857,AC PAT FLEX MARRON 4507 53-16 COL.BE2,PRODUCTO_STOCKEABLE,Armazones,Hanis,,,,,UNIDAD,origen: ASUNCION=PC - Inventario.xlsx#5289@2026-08-03
ASU-103868,AC PAT FIJA NEGRO 22213 53-16-142 C1,PRODUCTO_STOCKEABLE,Armazones,Hanis,,,,,UNIDAD,origen: ASUNCION=PC - Inventario.xlsx#5250@2026-08-03
ASU-103876,Hanis negro,PRODUCTO_STOCKEABLE,Armazones,Hanis,,,,,UNIDAD,origen: ASUNCION=PC - Inventario.xlsx#6049@2026-08-03
ASU-103886,AC PAT FIJA NEGRO ANSI Z87.1 SP0860 50-20,PRODUCTO_STOCKEABLE,Armazones,Proray,,,,,UNIDAD,origen: ASUNCION=PC - Inventario.xlsx#5228@2026-08-03
ASU-103888,AC PAT FIJA ROJO DEPORTIVO PRO RAY,PRODUCTO_STOCKEABLE,Armazones,Proray,,,,,UNIDAD,origen: ASUNCION=PC - Inventario.xlsx#5229@2026-08-03
ASU-103898,AH PAT FLEX GRIS K9123 51-17-135 COL.74,PRODUCTO_STOCKEABLE,Armazones,Steffani,,,,,UNIDAD,origen: ASUNCION=PC - Inventario.xlsx#5225@2026-08-03
ASU-103907,AH PAT FLEX GRIS K9162 55-19-135 COL.71,PRODUCTO_STOCKEABLE,Armazones,Steffani,,,,,UNIDAD,origen: ASUNCION=PC - Inventario.xlsx#5223@2026-08-03
ASU-103909,AC PAT FLEX AZUL NY AM047 C07 532-17-145,PRODUCTO_STOCKEABLE,Armazones,New York,,,,,UNIDAD,origen: ASUNCION=PC - Inventario.xlsx#3343@2026-08-03
ASU-103919,AC PAT FLEX NEGRO YC82006 55-17-140 C4,PRODUCTO_STOCKEABLE,Armazones,Hanis,,,,,UNIDAD,origen: ASUNCION=PC - Inventario.xlsx#5272@2026-08-03
ASU-103927,AC PAT FLEX ROSA 48-15-124 C132,PRODUCTO_STOCKEABLE,Lentes de Sol,Alfani,,,,,UNIDAD,origen: ASUNCION=PC - Inventario.xlsx#8365@2026-08-03
ASU-103929,AC PAT FIJA NEGRO TP B5491 52-12-121 C717,PRODUCTO_STOCKEABLE,Lentes de Sol,Alfani,,,,,UNIDAD,origen: ASUNCION=PC - Inventario.xlsx#8307@2026-08-03
ASU-103930,AC PAT FIJA AZUL DORADO P5422,PRODUCTO_STOCKEABLE,Lentes de Sol,Gallera,,,,,UNIDAD,origen: ASUNCION=PC - Inventario.xlsx#8364@2026-08-03
ASU-103931,AC PAT FIJA NEGRO CELESTE TP B5491 52-12-121 C740,PRODUCTO_STOCKEABLE,Lentes de Sol,Alfani,,,,,UNIDAD,origen: ASUNCION=PC - Inventario.xlsx#8306@2026-08-03
ASU-103933,AC PAT FLEX NEGRO ROJO H2030 50-16-130 C609,PRODUCTO_STOCKEABLE,Armazones,Unicity,,,,,UNIDAD,origen: ASUNCION=PC - Inventario.xlsx#5327@2026-08-03
ASU-103950,AC PAT FLEX TRANSPARENTE H2962 49-16-135 C612,PRODUCTO_STOCKEABLE,Armazones,Unicity,,,,,UNIDAD,origen: ASUNCION=PC - Inventario.xlsx#5312@2026-08-03
ASU-103952,AC PAT FIJA MARRON 22203 54-18-143 C5,PRODUCTO_STOCKEABLE,Armazones,Hanis,,,,,UNIDAD,origen: ASUNCION=PC - Inventario.xlsx#5264@2026-08-03
ASU-103958,AC PAT FLEX DORADO NEGRO TJ2183 52-19-143 C23,PRODUCTO_STOCKEABLE,Armazones,Hanis,,,,,UNIDAD,origen: ASUNCION=PC - Inventario.xlsx#5251@2026-08-03
ASU-103966,AC PAT FIJA ROSA DEGRADE TJ2213 52-2-145 C5,PRODUCTO_STOCKEABLE,Armazones,Hanis,,,,,UNIDAD,origen: ASUNCION=PC - Inventario.xlsx#5271@2026-08-03
ASU-103994,"AC PAT FLEX CELESTE NEGRO TERMINADO +3,50",PRODUCTO_STOCKEABLE,Armazones,Proray,,,,,UNIDAD,origen: ASUNCION=PC - Inventario.xlsx#6234@2026-08-03
ASU-103998,"AC PAT FLEX BLANCO NEGRO TERMINADO +3,50",PRODUCTO_STOCKEABLE,Armazones,Proray,,,,,UNIDAD,origen: ASUNCION=PC - Inventario.xlsx#6236@2026-08-03
ASU-104000,"AC PAT FLEX NEGRO TERMINADO +3,50",PRODUCTO_STOCKEABLE,Armazones,Proray,,,,,UNIDAD,origen: ASUNCION=PC - Inventario.xlsx#6237@2026-08-03
ASU-104013,"AC PAT FLEX NEGROTERMINADO +2,50",PRODUCTO_STOCKEABLE,Armazones,Proray,,,,,UNIDAD,origen: ASUNCION=PC - Inventario.xlsx#6227@2026-08-03
ASU-104014,AC PAT FLEX TRANSPARENTE XH23018A 53-17-145 C3,PRODUCTO_STOCKEABLE,Armazones,Hanis,,,,,UNIDAD,origen: ASUNCION=PC - Inventario.xlsx#5344@2026-08-03
ASU-104016,AC PAT FLEX ROJO TRANSLUCIDO 3907M 52-16 COL.BT2,PRODUCTO_STOCKEABLE,Armazones,Hanis,,,,,UNIDAD,origen: ASUNCION=PC - Inventario.xlsx#5331@2026-08-03
ASU-104024,"AC PAT FLEX CELESTE NEGRO TERMINADO +2,75",PRODUCTO_STOCKEABLE,Armazones,Proray,,,,,UNIDAD,origen: ASUNCION=PC - Inventario.xlsx#6229@2026-08-03
ASU-104026,"AC PAT FLEX ROSA NEGRO TERMINADO +3,50",PRODUCTO_STOCKEABLE,Armazones,Proray,,,,,UNIDAD,origen: ASUNCION=PC - Inventario.xlsx#6235@2026-08-03
ASU-104033,AC PAT FIJA NEGRO SD9308N 64-15-130 COL.108S,PRODUCTO_STOCKEABLE,Armazones,Bosani,,,,,UNIDAD,origen: ASUNCION=PC - Inventario.xlsx#6203@2026-08-03
ASU-104039,AC PAT FIJA AZUL GRIS DCP23020 58-17-141 COL.CB3,PRODUCTO_STOCKEABLE,Armazones,Discovery,,,,,UNIDAD,origen: ASUNCION=PC - Inventario.xlsx#6211@2026-08-03
ASU-104047,AC PAT FIJA ANIMAL PRINT DCP23009 56-19-140 COL.CCT13,PRODUCTO_STOCKEABLE,Armazones,Discovery,,,,,UNIDAD,origen: ASUNCION=PC - Inventario.xlsx#6209@2026-08-03
ASU-104048,AC PAT FIJA NEGRO MARRON DCP23008 57-15-140 COL.CF2,PRODUCTO_STOCKEABLE,Armazones,Discovery,,,,,UNIDAD,origen: ASUNCION=PC - Inventario.xlsx#5357@2026-08-03
ASU-104050,AC PA FIJA ANIMAL PRINT DCP23009 56-19-140 COL.CCT2,PRODUCTO_STOCKEABLE,Armazones,Discovery,,,,,UNIDAD,origen: ASUNCION=PC - Inventario.xlsx#5359@2026-08-03
ASU-104066,"AC PAT FLEX CELESTE NEGRO TERMINADO  +3,00",PRODUCTO_STOCKEABLE,Armazones,Proray,,,,,UNIDAD,origen: ASUNCION=PC - Inventario.xlsx#6233@2026-08-03
ASU-104068,"AC PAT FLEX NEGRO TERMINADO +3,00",PRODUCTO_STOCKEABLE,Armazones,Proray,,,,,UNIDAD,origen: ASUNCION=PC - Inventario.xlsx#6231@2026-08-03
ASU-104078,AC PAT FLEX ROJO H3151 52-16-140 C603,PRODUCTO_STOCKEABLE,Armazones,Unicity,,,,,UNIDAD,origen: ASUNCION=PC - Inventario.xlsx#6364@2026-08-03
ASU-104079,AC PAT FLEX NEGRO H3151 52-16-140 C613,PRODUCTO_STOCKEABLE,Armazones,Unicity,,,,,UNIDAD,origen: ASUNCION=PC - Inventario.xlsx#6359@2026-08-03
ASU-104095,AC PAT FLEX NEGRO ROJO K9283 57-19-145 C208,PRODUCTO_STOCKEABLE,Armazones,Steffani,,,,,UNIDAD,origen: ASUNCION=PC - Inventario.xlsx#6330@2026-08-03
ASU-104106,AC PAT FLEX DORADO NEGRO 3020 JK 54-18-138,PRODUCTO_STOCKEABLE,Armazones,Tio Smith,,,,,UNIDAD,origen: ASUNCION=PC - Inventario.xlsx#6255@2026-08-03
ASU-104121,"AC PAT FLEX BLANCO NEGRO TERMINADO +4,00",PRODUCTO_STOCKEABLE,Armazones,Proray,,,,,UNIDAD,origen: ASUNCION=PC - Inventario.xlsx#6240@2026-08-03
ASU-104127,AC PAT FLEX DORADO MARRON G-8262 C3 56-16-140,PRODUCTO_STOCKEABLE,Armazones,Graffiti,,,,,UNIDAD,origen: ASUNCION=PC - Inventario.xlsx#6272@2026-08-03
ASU-104131,AC PAT FLEX AZUL G-8243 C2 52-19-140,PRODUCTO_STOCKEABLE,Armazones,Graffiti,,,,,UNIDAD,origen: ASUNCION=PC - Inventario.xlsx#6268@2026-08-03
ASU-104138,AC PAT FLEX NEGRO GRIS G-8261 C2 54-17-140,PRODUCTO_STOCKEABLE,Armazones,Graffiti,,,,,UNIDAD,origen: ASUNCION=PC - Inventario.xlsx#6271@2026-08-03
ASU-104140,AC PAT FLEX VERDE K9734 55-16-140 C526,PRODUCTO_STOCKEABLE,Armazones,Steffani,,,,,UNIDAD,origen: ASUNCION=PC - Inventario.xlsx#6325@2026-08-03
ASU-104164,AC PAT FLEX LILA F88197 46-20-140 C2,PRODUCTO_STOCKEABLE,Armazones,Betania,,,,,UNIDAD,origen: ASUNCION=PC - Inventario.xlsx#4984@2026-08-03
ASU-104165,AC PAT FIJA AZUL OSCURO MAYAN 2 42-15-125 COL.DS,PRODUCTO_STOCKEABLE,Armazones,Mira Flex,,,,,UNIDAD,origen: ASUNCION=PC - Inventario.xlsx#3118@2026-08-03
ASU-104172,AC PAT FLEX TRANSP V1268 52-15-140 C319,PRODUCTO_STOCKEABLE,Armazones,Steffani,,,,,UNIDAD,origen: ASUNCION=PC - Inventario.xlsx#6314@2026-08-03
ASU-104174,AH PAT FLEX MARRON G-8203B C3 51-20-140,PRODUCTO_STOCKEABLE,Armazones,Graffiti,,,,,UNIDAD,origen: ASUNCION=PC - Inventario.xlsx#6282@2026-08-03
ASU-104175,AC PAT FLEX ROJO MULTICOLOR  4093 C2 45-16-125,PRODUCTO_STOCKEABLE,Armazones,Bugsy,,,,,UNIDAD,origen: ASUNCION=PC - Inventario.xlsx#4831@2026-08-03
ASU-104183,AC PAT FLEX AZUL TI MM096 C07 46-18-130,PRODUCTO_STOCKEABLE,Armazones,Titeuf,,,,,UNIDAD,origen: ASUNCION=PC - Inventario.xlsx#3504@2026-08-03
ASU-104198,AC PAR FLEX VERDE/ROSA EMY 45-17-125 PINK-M.CRY 549U,PRODUCTO_STOCKEABLE,Armazones,Mira Flex,,,,,UNIDAD,origen: ASUNCION=PC - Inventario.xlsx#3090@2026-08-03
ASU-104211,AC PAT FLEX NEGRO CELESTE K9812 57-17-145 C201,PRODUCTO_STOCKEABLE,Armazones,Steffani,,,,,UNIDAD,origen: ASUNCION=PC - Inventario.xlsx#6317@2026-08-03
ASU-104212,AC PAT FLEX AZUL K9811 53-15-143 C756,PRODUCTO_STOCKEABLE,Armazones,Steffani,,,,,UNIDAD,origen: ASUNCION=PC - Inventario.xlsx#6319@2026-08-03
ASU-104215,AC PAT FLEX MARRON K9724 54-17-138 C513,PRODUCTO_STOCKEABLE,Armazones,Steffani,,,,,UNIDAD,origen: ASUNCION=PC - Inventario.xlsx#6324@2026-08-03
ASU-104224,AC PAT FIJA AZUL NEGRO NG-4521 55-18-145 C3,PRODUCTO_STOCKEABLE,Armazones,Niquel & Gold,,,,,UNIDAD,origen: ASUNCION=PC - Inventario.xlsx#6309@2026-08-03
ASU-104239,AC PAT FLEX ROSA OSCURO LE012 C2 53-17-140,PRODUCTO_STOCKEABLE,Armazones,Graffiti,,,,,UNIDAD,origen: ASUNCION=PC - Inventario.xlsx#6125@2026-08-03
ASU-104244,AC PAT FLEX NEGRO AZUL CON IMAN 1495 CC4 +2.50,PRODUCTO_STOCKEABLE,Armazones,Bosani,,,,,UNIDAD,origen: ASUNCION=PC - Inventario.xlsx#6384@2026-08-03
ASU-104246,AH PAT FLEX GRIS K9160 55-19-132 C10,PRODUCTO_STOCKEABLE,Armazones,Steffani,,,,,UNIDAD,origen: ASUNCION=PC - Inventario.xlsx#6381@2026-08-03
ASU-104251,AC PAT FLEX NARANJA 88869 52-17-140 C6,PRODUCTO_STOCKEABLE,Armazones,Betania,,,,,UNIDAD,origen: ASUNCION=PC - Inventario.xlsx#6167@2026-08-03
ASU-104257,AC PAT FLEX PLATEADO K9790 54-18-145 C600,PRODUCTO_STOCKEABLE,Armazones,Steffani,,,,,UNIDAD,origen: ASUNCION=PC - Inventario.xlsx#6127@2026-08-03
ASU-104260,AC PAT FLEX AZUL RX 5395 5541 49-18-140,PRODUCTO_STOCKEABLE,Armazones,Hanis,,,,,UNIDAD,origen: ASUNCION=PC - Inventario.xlsx#6129@2026-08-03
ASU-104261,AC PAT FLEX ANIMAL PRINT RX 5395 2012 49-18-140,PRODUCTO_STOCKEABLE,Armazones,Hanis,,,,,UNIDAD,origen: ASUNCION=PC - Inventario.xlsx#6374@2026-08-03
ASU-104262,AC PAT FLEX TRANSPARENTE 88858 54-18-140 C3,PRODUCTO_STOCKEABLE,Armazones,Betania,,,,,UNIDAD,origen: ASUNCION=PC - Inventario.xlsx#6163@2026-08-03
ASU-104266,AC PAT FLEX NEGRO/GRIS GH7366 54-16-140 C01,PRODUCTO_STOCKEABLE,Armazones,Betania,,,,,UNIDAD,origen: ASUNCION=PC - Inventario.xlsx#6151@2026-08-03
ASU-104272,AH PAT FLEX GRIS K8885 52-17-135 C63,PRODUCTO_STOCKEABLE,Armazones,Steffani,,,,,UNIDAD,origen: ASUNCION=PC - Inventario.xlsx#6382@2026-08-03
ASU-104274,AC PAT FIJA NEGRO BORDO BFP812 61-14-141 C5,PRODUCTO_STOCKEABLE,Lentes de Sol,Bossi,,,,,UNIDAD,origen: ASUNCION=PC - Inventario.xlsx#8320@2026-08-03
ASU-104276,AC PAT FLEX MARRON 8014 52-18-145 C4,PRODUCTO_STOCKEABLE,Armazones,Betania,,,,,UNIDAD,origen: ASUNCION=PC - Inventario.xlsx#6161@2026-08-03
ASU-104277,AC PAT FLEX GRIS H2682 60-15-143 C607,PRODUCTO_STOCKEABLE,Armazones,Unicity,,,,,UNIDAD,origen: ASUNCION=PC - Inventario.xlsx#6368@2026-08-03
ASU-104279,AC PAT FIJA NEGRO ROSA 8447/12,PRODUCTO_STOCKEABLE,Armazones,Union Pacific,,,,,UNIDAD,origen: ASUNCION=PC - Inventario.xlsx#6124@2026-08-03
ASU-104283,AC PAT FIJA ROSA DCP23044 54-20-140 CCC2,PRODUCTO_STOCKEABLE,Lentes de Sol,Discovery,,,,,UNIDAD,origen: ASUNCION=PC - Inventario.xlsx#8309@2026-08-03
ASU-104298,AC PAT FLEX MARRON CON IMAN 1495 CC2 +2.00,PRODUCTO_STOCKEABLE,Armazones,Bosani,,,,,UNIDAD,origen: ASUNCION=PC - Inventario.xlsx#6386@2026-08-03
ASU-104300,AC PAT FLEX ROSA 88858 54-18-140 C6,PRODUCTO_STOCKEABLE,Armazones,Betania,,,,,UNIDAD,origen: ASUNCION=PC - Inventario.xlsx#6162@2026-08-03
ASU-104304,AC PAT FLEX DORADO NARANJA M8011 57-16-143 C4,PRODUCTO_STOCKEABLE,Armazones,Graffiti,,,,,UNIDAD,origen: ASUNCION=PC - Inventario.xlsx#6130@2026-08-03
ASU-104312,AC PAT FLEX TRANSPARENTE LE001 C2 51-18-140,PRODUCTO_STOCKEABLE,Armazones,Graffiti,,,,,UNIDAD,origen: ASUNCION=PC - Inventario.xlsx#6133@2026-08-03
ASU-104313,AC PAT FLEX TRANSPARENTE FD8812 52-19-145 C5,PRODUCTO_STOCKEABLE,Armazones,Hanis,,,,,UNIDAD,origen: ASUNCION=PC - Inventario.xlsx#6074@2026-08-03
ASU-104317,AC PAT FLEX LILA F2668 54-17-145 C3,PRODUCTO_STOCKEABLE,Armazones,Hanis,,,,,UNIDAD,origen: ASUNCION=PC - Inventario.xlsx#6069@2026-08-03
ASU-104321,AC PAT FLEX AZUL +2.25,PRODUCTO_STOCKEABLE,Armazones,Proray,,,,,UNIDAD,origen: ASUNCION=PC - Inventario.xlsx#6060@2026-08-03
ASU-104323,AC PAT FLEX TRANSPARENTE FD88862 51-20-145 C5,PRODUCTO_STOCKEABLE,Armazones,Hanis,,,,,UNIDAD,origen: ASUNCION=PC - Inventario.xlsx#6076@2026-08-03
ASU-104326,AC PAT FLEX DORADO MAVERICK C2,PRODUCTO_STOCKEABLE,Lentes de Sol,Polar,,,,,UNIDAD,origen: ASUNCION=PC - Inventario.xlsx#8302@2026-08-03
ASU-104327,AC PAT FIJA ROSA/LILA NICOLE C08,PRODUCTO_STOCKEABLE,Lentes de Sol,Polar,,,,,UNIDAD,origen: ASUNCION=PC - Inventario.xlsx#8305@2026-08-03
ASU-104329,AC PAT FIJA MARRON MULHACEN RS846-2 M.D.BRN/M.GOLD 49-22-145,PRODUCTO_STOCKEABLE,Lentes de Sol,Ricky Sarkany,,,,,UNIDAD,origen: ASUNCION=PC - Inventario.xlsx#8303@2026-08-03
ASU-104332,AH PAT FLEX DORADO K9069 53-17-135 C84,PRODUCTO_STOCKEABLE,Armazones,Steffani,,,,,UNIDAD,origen: ASUNCION=PC - Inventario.xlsx#6678@2026-08-03
ASU-104335,AC PAT FLEX AZUL +1.25,PRODUCTO_STOCKEABLE,Armazones,Proray,,,,,UNIDAD,origen: ASUNCION=PC - Inventario.xlsx#6054@2026-08-03
ASU-104339,AC PAT FEX GRIS 54-16-135 C2 BA2025,PRODUCTO_STOCKEABLE,Armazones,Bacchio,,,,,UNIDAD,origen: ASUNCION=PC - Inventario.xlsx#6068@2026-08-03
ASU-104342,AC PAT FIJA NEGRO CS064 C20GY 57-17-138,PRODUCTO_STOCKEABLE,Armazones,Crocs,,,,,UNIDAD,origen: ASUNCION=PC - Inventario.xlsx#6065@2026-08-03
ASU-104352,AH PAT FLEX DORADO K9069 53-17-135 C84,PRODUCTO_STOCKEABLE,Armazones,Steffani,,,,,UNIDAD,origen: ASUNCION=PC - Inventario.xlsx#6679@2026-08-03
ASU-104357,AC PAT FLEX AZUL 8104 54-18-145 C5,PRODUCTO_STOCKEABLE,Armazones,Betania,,,,,UNIDAD,origen: ASUNCION=PC - Inventario.xlsx#6182@2026-08-03
ASU-104361,AH PAT FLEX GRIS TL3961 C3 55-19-145,PRODUCTO_STOCKEABLE,Armazones,Betania,,,,,UNIDAD,origen: ASUNCION=PC - Inventario.xlsx#6194@2026-08-03
ASU-104362,AC PAT FLEX NEGRO GM7455 56-19-140 C01,PRODUCTO_STOCKEABLE,Armazones,Betania,,,,,UNIDAD,origen: ASUNCION=PC - Inventario.xlsx#6196@2026-08-03
ASU-104365,AC PAT FLEX NEGRO +1.50,PRODUCTO_STOCKEABLE,Armazones,Proray,,,,,UNIDAD,origen: ASUNCION=PC - Inventario.xlsx#6056@2026-08-03
ASU-104371,AC PAT FLEX GRIS 88865 54-17-140 C2,PRODUCTO_STOCKEABLE,Armazones,Betania,,,,,UNIDAD,origen: ASUNCION=PC - Inventario.xlsx#6172@2026-08-03
ASU-104373,AC PAT FLEX AZUL 8102 53-18-145 C5,PRODUCTO_STOCKEABLE,Armazones,Betania,,,,,UNIDAD,origen: ASUNCION=PC - Inventario.xlsx#6198@2026-08-03
ASU-104392,AC PAT FLEX ROSA 88706 51-16-140 C8,PRODUCTO_STOCKEABLE,Armazones,Betania,,,,,UNIDAD,origen: ASUNCION=PC - Inventario.xlsx#6174@2026-08-03
ASU-104393,AC PAT FIJA MARRON DG 5088 3295 55-19-145,PRODUCTO_STOCKEABLE,Armazones,Dolce&Gabbana,,,,,UNIDAD,origen: ASUNCION=PC - Inventario.xlsx#6461@2026-08-03
ASU-104395,AC PAT FIJA NEGRO DG5101 501 52-18-145 A,PRODUCTO_STOCKEABLE,Armazones,Dolce&Gabbana,,,,,UNIDAD,origen: ASUNCION=PC - Inventario.xlsx#6460@2026-08-03
ASU-104402,AC PAT FIJA NEGRO CLIP ON BOC24006 54-16-145 COL.F1,PRODUCTO_STOCKEABLE,Armazones,Bosani,,,,,UNIDAD,origen: ASUNCION=PC - Inventario.xlsx#6112@2026-08-03
ASU-104405,AC PAT FIJA AZUL BV500181 090 56-17-145,PRODUCTO_STOCKEABLE,Armazones,Bvlgari,,,,,UNIDAD,origen: ASUNCION=PC - Inventario.xlsx#6462@2026-08-03
ASU-104411,AC PAT FIJA  AZUL CLIP ON BOC24006 54-16-145 COL.F3,PRODUCTO_STOCKEABLE,Armazones,Bosani,,,,,UNIDAD,origen: ASUNCION=PC - Inventario.xlsx#6113@2026-08-03
ASU-104419,AC PAT FIJA ROJO FES00046F 066 53-18-140 B,PRODUCTO_STOCKEABLE,Armazones,Fendi,,,,,UNIDAD,origen: ASUNCION=PC - Inventario.xlsx#6458@2026-08-03
ASU-104426,AC PAT FLEX NEGRO DB1083 51-18-145 C1,PRODUCTO_STOCKEABLE,Armazones,Hanis,,,,,UNIDAD,origen: ASUNCION=PC - Inventario.xlsx#6080@2026-08-03
ASU-104431,AC PAT FIJA AZUL CLIP-ON EA 4189U 5088/1W 55-17-145,PRODUCTO_STOCKEABLE,Armazones,Emporio Armani,,,,,UNIDAD,origen: ASUNCION=PC - Inventario.xlsx#6459@2026-08-03
ASU-104443,AC PAT FLEX AZUL CLIP ON G5077 49-19-140 C3,PRODUCTO_STOCKEABLE,Armazones,Hanis,,,,,UNIDAD,origen: ASUNCION=PC - Inventario.xlsx#6104@2026-08-03
ASU-104444,AC PAT FLEX ROSA CLIP ON AT305 53-18-140 C2,PRODUCTO_STOCKEABLE,Armazones,Hanis,,,,,UNIDAD,origen: ASUNCION=PC - Inventario.xlsx#6109@2026-08-03
ASU-104445,AC PAT FLEX MARRON CLIP ON BS2418 54-17-140 CBC2,PRODUCTO_STOCKEABLE,Armazones,Bosani,,,,,UNIDAD,origen: ASUNCION=PC - Inventario.xlsx#6095@2026-08-03
ASU-104486,AC PAT FIJA MARRON DCP23010 56-17-143 COL.CET2,PRODUCTO_STOCKEABLE,Lentes de Sol,Discovery,,,,,UNIDAD,origen: ASUNCION=PC - Inventario.xlsx#8325@2026-08-03
ASU-104495,AC PAT FIJA NEGRO PLD D431/F 807 145,PRODUCTO_STOCKEABLE,Armazones,Polaroid,,,,,UNIDAD,origen: ASUNCION=PC - Inventario.xlsx#6475@2026-08-03
ASU-104515,AC PAT FIJA TRANSPARENTE 3255 54-17-140,PRODUCTO_STOCKEABLE,Armazones,Michael Kors,,,,,UNIDAD,origen: ASUNCION=PC - Inventario.xlsx#6467@2026-08-03
ASU-104517,AC PAT FIJA NEGRO BOC24016 57-14-140 COL.FE4,PRODUCTO_STOCKEABLE,Lentes de Sol,Bosani,,,,,UNIDAD,origen: ASUNCION=PC - Inventario.xlsx#8339@2026-08-03
ASU-104522,AC PAT FIJA  ANIMAL PRINT BOC24034 56-18-145 COL.BM9,PRODUCTO_STOCKEABLE,Lentes de Sol,Bosani,,,,,UNIDAD,origen: ASUNCION=PC - Inventario.xlsx#8332@2026-08-03
ASU-104530,AC PAT FIJA TRANSPARENTE VO 5537-SD W74536 58-19-145,PRODUCTO_STOCKEABLE,Lentes de Sol,Vogue,,,,,UNIDAD,origen: ASUNCION=PC - Inventario.xlsx#8360@2026-08-03
ASU-104539,AC PAT FIJA BLANCO BS0019 26C 59-16-140,PRODUCTO_STOCKEABLE,Lentes de Sol,BMW Motorsport,,,,,UNIDAD,origen: ASUNCION=PC - Inventario.xlsx#8361@2026-08-03
ASU-104546,AC PAT FLEX MARRON K9827 53-18-140 COL-529,PRODUCTO_STOCKEABLE,Armazones,Steffani,,,,,UNIDAD,origen: ASUNCION=PC - Inventario.xlsx#6398@2026-08-03
ASU-104554,AC PAT FLEX BLANCO H2797 51-17-135 COL-621,PRODUCTO_STOCKEABLE,Armazones,Unicity,,,,,UNIDAD,origen: ASUNCION=PC - Inventario.xlsx#6417@2026-08-03
ASU-104565,AH PAT FLEX GRIS OSCURO K9160 55-19-132 COL-10,PRODUCTO_STOCKEABLE,Armazones,Steffani,,,,,UNIDAD,origen: ASUNCION=PC - Inventario.xlsx#6520@2026-08-03
ASU-104568,AC PAT FIJA TRANSPARENTE K9845 54-16-140 COL-19,PRODUCTO_STOCKEABLE,Armazones,Steffani,,,,,UNIDAD,origen: ASUNCION=PC - Inventario.xlsx#6449@2026-08-03
ASU-104576,AC PAT FLEX NEGRO K9424 51-18-140 COL-202,PRODUCTO_STOCKEABLE,Armazones,Steffani,,,,,UNIDAD,origen: ASUNCION=PC - Inventario.xlsx#6423@2026-08-03
ASU-104585,AH PAT FLEX GRIS K9685 53-17-140 COL-606,PRODUCTO_STOCKEABLE,Armazones,Steffani,,,,,UNIDAD,origen: ASUNCION=PC - Inventario.xlsx#6435@2026-08-03
ASU-104590,AH PAT FLEX GRIS K9030 54-17-135 COL-63,PRODUCTO_STOCKEABLE,Armazones,Steffani,,,,,UNIDAD,origen: ASUNCION=PC - Inventario.xlsx#6523@2026-08-03
ASU-104593,AC PAT FIJA NEGRO RB 5377 METEOR 2000 52-20-150,PRODUCTO_STOCKEABLE,Armazones,Rayban,,,,,UNIDAD,origen: ASUNCION=PC - Inventario.xlsx#1278@2026-08-03
ASU-104599,AC PAT FLEX AZUL MOS603 QM4 140,PRODUCTO_STOCKEABLE,Armazones,Moschino,,,,,UNIDAD,origen: ASUNCION=PC - Inventario.xlsx#6389@2026-08-03
ASU-104602,AC PAT FIJA VERDE K9845 54-16-140 COL-26,PRODUCTO_STOCKEABLE,Armazones,Steffani,,,,,UNIDAD,origen: ASUNCION=PC - Inventario.xlsx#6450@2026-08-03
ASU-104610,AC PAT FLEX DORADO HD0903 032 55-17-145,PRODUCTO_STOCKEABLE,Armazones,Harley Davidson,,,,,UNIDAD,origen: ASUNCION=PC - Inventario.xlsx#1277@2026-08-03
ASU-104611,AC PAT FIJA MARRON K9845 54-16-140 COL-13,PRODUCTO_STOCKEABLE,Armazones,Steffani,,,,,UNIDAD,origen: ASUNCION=PC - Inventario.xlsx#6448@2026-08-03
ASU-104616,AC PAT FLEX NEGRO TB1774-H 001 50-19-145,PRODUCTO_STOCKEABLE,Armazones,Timberland,,,,,UNIDAD,origen: ASUNCION=PC - Inventario.xlsx#6391@2026-08-03
ASU-104621,AC PAT FLEX NEGRO H3118 55-19-145 COL-602,PRODUCTO_STOCKEABLE,Armazones,Unicity,,,,,UNIDAD,origen: ASUNCION=PC - Inventario.xlsx#6437@2026-08-03
ASU-104623,AC PAT FIJA ROSA 50067U 028 54-17-145,PRODUCTO_STOCKEABLE,Armazones,Givenchy,,,,,UNIDAD,origen: ASUNCION=PC - Inventario.xlsx#1279@2026-08-03
ASU-104627,AC PAT FIJA ROJO TH 1771 C9A 145,PRODUCTO_STOCKEABLE,Armazones,Tommy Hilfiger,,,,,UNIDAD,origen: ASUNCION=PC - Inventario.xlsx#1276@2026-08-03
ASU-104643,AC PAT GOMA ROJO L011,PRODUCTO_STOCKEABLE,Armazones,Proray,,,,,UNIDAD,origen: ASUNCION=PC - Inventario.xlsx#6509@2026-08-03
ASU-104655,AC PAT FLEX VERDE 26020 54-17-143 C2,PRODUCTO_STOCKEABLE,Armazones,Betania,,,,,UNIDAD,origen: ASUNCION=PC - Inventario.xlsx#6540@2026-08-03
ASU-104674,AC PAT FLEX MARRON 26079 53-19-142 C3,PRODUCTO_STOCKEABLE,Armazones,Betania,,,,,UNIDAD,origen: ASUNCION=PC - Inventario.xlsx#6547@2026-08-03
ASU-104688,AC PAT FLEX AZUL AY6865 54-18-143 C5,PRODUCTO_STOCKEABLE,Armazones,Betania,,,,,UNIDAD,origen: ASUNCION=PC - Inventario.xlsx#6543@2026-08-03
ASU-104699,AH PAT FLEX MARRON 3027 JK 54-18-138,PRODUCTO_STOCKEABLE,Armazones,Tio Smith,,,,,UNIDAD,origen: ASUNCION=PC - Inventario.xlsx#6488@2026-08-03
ASU-104719,AC PAT FLEX TRANSPARENTE AY6934 56-18-145 C5,PRODUCTO_STOCKEABLE,Armazones,Betania,,,,,UNIDAD,origen: ASUNCION=PC - Inventario.xlsx#6594@2026-08-03
ASU-104722,AC PAT FLEX LILA 28042 52-18-140 C6,PRODUCTO_STOCKEABLE,Armazones,Betania,,,,,UNIDAD,origen: ASUNCION=PC - Inventario.xlsx#6597@2026-08-03
ASU-104732,AH PAT FLEX PLATEADO K9029 51-17-135 C63,PRODUCTO_STOCKEABLE,Armazones,Steffani,,,,,UNIDAD,origen: ASUNCION=PC - Inventario.xlsx#6612@2026-08-03
ASU-104733,AC PAT FLEX NEGRO HT2111 49-18-135 C4,PRODUCTO_STOCKEABLE,Armazones,Altania,,,,,UNIDAD,origen: ASUNCION=PC - Inventario.xlsx#6576@2026-08-03
ASU-104738,AH PAT FLEX GRIS K9123 51-17-135 C74,PRODUCTO_STOCKEABLE,Armazones,Steffani,,,,,UNIDAD,origen: ASUNCION=PC - Inventario.xlsx#6615@2026-08-03
ASU-104739,AC PAT FLEX NEGRO HT2104 45-18-140 C5,PRODUCTO_STOCKEABLE,Armazones,Betania,,,,,UNIDAD,origen: ASUNCION=PC - Inventario.xlsx#6567@2026-08-03
ASU-104745,AC PAT FLEX NEGRO BC4466 48-16-130 C2,PRODUCTO_STOCKEABLE,Armazones,Altania,,,,,UNIDAD,origen: ASUNCION=PC - Inventario.xlsx#6578@2026-08-03
ASU-104747,AC PAT FLEX CELESTE BC4470 47-16-130 C3,PRODUCTO_STOCKEABLE,Armazones,Altania,,,,,UNIDAD,origen: ASUNCION=PC - Inventario.xlsx#6588@2026-08-03
ASU-104748,AC PAT FLEX ROJO BC4470 47-16-130 C1,PRODUCTO_STOCKEABLE,Armazones,Altania,,,,,UNIDAD,origen: ASUNCION=PC - Inventario.xlsx#6571@2026-08-03
ASU-104749,AC PAT FLEX AZUL HT2104 45-18-140 C2,PRODUCTO_STOCKEABLE,Armazones,Betania,,,,,UNIDAD,origen: ASUNCION=PC - Inventario.xlsx#6568@2026-08-03
ASU-104751,AC PAT FLEX GRIS HT2104 45-18-140 C4,PRODUCTO_STOCKEABLE,Armazones,Betania,,,,,UNIDAD,origen: ASUNCION=PC - Inventario.xlsx#6570@2026-08-03
ASU-104755,AC PAT FLX NARANJA BC4468 46-16-130 C5,PRODUCTO_STOCKEABLE,Armazones,Altania,,,,,UNIDAD,origen: ASUNCION=PC - Inventario.xlsx#6585@2026-08-03
ASU-104756,AC PAT FLEX NEGRO BC4469 45-18-130 C4,PRODUCTO_STOCKEABLE,Armazones,Altania,,,,,UNIDAD,origen: ASUNCION=PC - Inventario.xlsx#6583@2026-08-03
ASU-104757,AC PAT FLEX ROJO BC4469 45-18-130 C3,PRODUCTO_STOCKEABLE,Armazones,Altania,,,,,UNIDAD,origen: ASUNCION=PC - Inventario.xlsx#6581@2026-08-03
ASU-104759,AC PAT FLEX NARANJA BC470 47-16-130 C6,PRODUCTO_STOCKEABLE,Armazones,Altania,,,,,UNIDAD,origen: ASUNCION=PC - Inventario.xlsx#6572@2026-08-03
ASU-104763,AC PAT FLEX LILA 4078 54-14-135 C2,PRODUCTO_STOCKEABLE,Armazones,Bugsy,,,,,UNIDAD,origen: ASUNCION=PC - Inventario.xlsx#6889@2026-08-03
ASU-104764,AC PAT FLEX AZUL HT2111 49-18-135 C2,PRODUCTO_STOCKEABLE,Armazones,Altania,,,,,UNIDAD,origen: ASUNCION=PC - Inventario.xlsx#6589@2026-08-03
ASU-104765,AC PAT FLEX AZUL BC4468 46-16-130 C4,PRODUCTO_STOCKEABLE,Armazones,Altania,,,,,UNIDAD,origen: ASUNCION=PC - Inventario.xlsx#6586@2026-08-03
ASU-104766,AC PAT FLEX LILA HT2111 49-18-135 C3,PRODUCTO_STOCKEABLE,Armazones,Altania,,,,,UNIDAD,origen: ASUNCION=PC - Inventario.xlsx#6574@2026-08-03
ASU-104767,AC PAT FLEX AZUL BC446 48-16-130 C4,PRODUCTO_STOCKEABLE,Armazones,Altania,,,,,UNIDAD,origen: ASUNCION=PC - Inventario.xlsx#6580@2026-08-03
ASU-104770,AC PAT FLEX NEGRO BC4469 45-18-130 C1,PRODUCTO_STOCKEABLE,Armazones,Altania,,,,,UNIDAD,origen: ASUNCION=PC - Inventario.xlsx#6582@2026-08-03
ASU-104789,AC PAT FLEX NEGRO BC4466 48-16-130 C1,PRODUCTO_STOCKEABLE,Armazones,Altania,,,,,UNIDAD,origen: ASUNCION=PC - Inventario.xlsx#6579@2026-08-03
ASU-104792,AH PAT FLEX NEGRO K8884 55-16-135 C63,PRODUCTO_STOCKEABLE,Armazones,Steffani,,,,,UNIDAD,origen: ASUNCION=PC - Inventario.xlsx#6607@2026-08-03
ASU-104799,AC PAT FLEX TRANSPARENTE RAM048 57-18-145 C2,PRODUCTO_STOCKEABLE,Armazones,Betania,,,,,UNIDAD,origen: ASUNCION=PC - Inventario.xlsx#6639@2026-08-03
ASU-104802,AC PAT FLEX LILA LE012 53-17-140 C4,PRODUCTO_STOCKEABLE,Armazones,Graffiti,,,,,UNIDAD,origen: ASUNCION=PC - Inventario.xlsx#6629@2026-08-03
ASU-104803,AC PAT FLEX ROSA TA1025 52-17-140 C2,PRODUCTO_STOCKEABLE,Armazones,Altania,,,,,UNIDAD,origen: ASUNCION=PC - Inventario.xlsx#6637@2026-08-03
ASU-104807,AC PAT FLEX GRIS RAM048 57-18-145 C5,PRODUCTO_STOCKEABLE,Armazones,Altania,,,,,UNIDAD,origen: ASUNCION=PC - Inventario.xlsx#6642@2026-08-03
ASU-104812,AC PAT FLEX AZUL NATT8249 50-22-140 C2,PRODUCTO_STOCKEABLE,Armazones,Natt,,,,,UNIDAD,origen: ASUNCION=PC - Inventario.xlsx#6624@2026-08-03
ASU-104815,AC PAT FLEX MARRON 9023 52-17-138 C1,PRODUCTO_STOCKEABLE,Armazones,Yinoa,,,,,UNIDAD,origen: ASUNCION=PC - Inventario.xlsx#6881@2026-08-03
ASU-104823,AC PAT FLEX GRIS VOS3414 50-19-142 C1,PRODUCTO_STOCKEABLE,Armazones,Graffiti,,,,,UNIDAD,origen: ASUNCION=PC - Inventario.xlsx#6667@2026-08-03
ASU-104826,AH PAT FLEX ROJO NATT8221C 48-18-135 C5,PRODUCTO_STOCKEABLE,Armazones,Natt,,,,,UNIDAD,origen: ASUNCION=PC - Inventario.xlsx#6878@2026-08-03
ASU-104830,AH PAT FLEX GRIS M8107 59-16-145 C2,PRODUCTO_STOCKEABLE,Armazones,Graffiti,,,,,UNIDAD,origen: ASUNCION=PC - Inventario.xlsx#6676@2026-08-03
ASU-104844,AC PAT FLEX TRANSPARENTE CLIP-ON R6054 52-18-145 C2,PRODUCTO_STOCKEABLE,Armazones,Graffiti,,,,,UNIDAD,origen: ASUNCION=PC - Inventario.xlsx#6681@2026-08-03
ASU-104857,AC PAT FIJA MARRON CLIP-ON NG1922 54-16-146 C5,PRODUCTO_STOCKEABLE,Armazones,Niquel & Gold,,,,,UNIDAD,origen: ASUNCION=PC - Inventario.xlsx#6651@2026-08-03
ASU-104867,AC PAT FIJA ANIMAL PRINT 7010 51-21-145 C3,PRODUCTO_STOCKEABLE,Armazones,Eme,,,,,UNIDAD,origen: ASUNCION=PC - Inventario.xlsx#6887@2026-08-03
ASU-104885,AC PAT FLEX AZUL K9853 53-17-140 C700,PRODUCTO_STOCKEABLE,Armazones,Steffani,,,,,UNIDAD,origen: ASUNCION=PC - Inventario.xlsx#6752@2026-08-03
ASU-104887,AC PAT FLEX AZL K9853 57-19-145 C702,PRODUCTO_STOCKEABLE,Armazones,Steffani,,,,,UNIDAD,origen: ASUNCION=PC - Inventario.xlsx#6718@2026-08-03
ASU-104891,AC PAT FLEX DORADO K9546 53--17-140 C529,PRODUCTO_STOCKEABLE,Armazones,Unicity,,,,,UNIDAD,origen: ASUNCION=PC - Inventario.xlsx#6735@2026-08-03
ASU-104897,AC PAT FLEX NEGRO ROJO M8105 59-16-145 C1,PRODUCTO_STOCKEABLE,Armazones,Graffiti,,,,,UNIDAD,origen: ASUNCION=PC - Inventario.xlsx#6684@2026-08-03
ASU-104898,AC PAT FLEX AZUL V1317 48-21-145 C700,PRODUCTO_STOCKEABLE,Armazones,Steffani,,,,,UNIDAD,origen: ASUNCION=PC - Inventario.xlsx#6767@2026-08-03
ASU-104903,AC PAT FLEX NEGRO H2678 56-21-140 C602,PRODUCTO_STOCKEABLE,Armazones,Steffani,,,,,UNIDAD,origen: ASUNCION=PC - Inventario.xlsx#6733@2026-08-03
ASU-104907,AC PAT FLEX MARRON K9838 49-22-144 C13,PRODUCTO_STOCKEABLE,Armazones,Steffani,,,,,UNIDAD,origen: ASUNCION=PC - Inventario.xlsx#6744@2026-08-03
ASU-104917,AC PAT FIJA AZUL SP5019 091 58-16-135,PRODUCTO_STOCKEABLE,Armazones,Adidas,,,,,UNIDAD,origen: ASUNCION=PC - Inventario.xlsx#6690@2026-08-03
ASU-104919,AC PAT FLEX NEGRO PLD D39 7C5 145,PRODUCTO_STOCKEABLE,Armazones,Polaroid,,,,,UNIDAD,origen: ASUNCION=PC - Inventario.xlsx#6689@2026-08-03
ASU-104922,AC PAT FIJA DORADO K9857 52-17-142 C20,PRODUCTO_STOCKEABLE,Armazones,Steffani,,,,,UNIDAD,origen: ASUNCION=PC - Inventario.xlsx#6721@2026-08-03
ASU-104927,AC PAT FIJA PLATEADO K9858 51-20-140 C600,PRODUCTO_STOCKEABLE,Armazones,Steffani,,,,,UNIDAD,origen: ASUNCION=PC - Inventario.xlsx#6723@2026-08-03
ASU-104933,AC PAT FLEX VERDE K9851 54-16-140 C526,PRODUCTO_STOCKEABLE,Armazones,Steffani,,,,,UNIDAD,origen: ASUNCION=PC - Inventario.xlsx#6712@2026-08-03
ASU-104964,AC PAT FLEX NEGRO YC-24008 C3 55-18-140,PRODUCTO_STOCKEABLE,Armazones,Cambridge,,,,,UNIDAD,origen: ASUNCION=PC - Inventario.xlsx#6864@2026-08-03
ASU-104968,AC PAT FLEX NEGRO F8752 54-17-140 C1,PRODUCTO_STOCKEABLE,Armazones,Hanis,,,,,UNIDAD,origen: ASUNCION=PC - Inventario.xlsx#6824@2026-08-03
ASU-104970,AC PAT FIJA MARRON RB 4378V 8172 54-16-145,PRODUCTO_STOCKEABLE,Armazones,Rayban,,,,,UNIDAD,origen: ASUNCION=PC - Inventario.xlsx#6868@2026-08-03
ASU-104976,AC PAT FLEX VERDE XB07 55-17-145 C5,PRODUCTO_STOCKEABLE,Armazones,Bosani,,,,,UNIDAD,origen: ASUNCION=PC - Inventario.xlsx#6835@2026-08-03
ASU-104982,AH PAT FLEX ROSA TL3921 54-18-140 C4,PRODUCTO_STOCKEABLE,Armazones,Betania,,,,,UNIDAD,origen: ASUNCION=PC - Inventario.xlsx#6786@2026-08-03
ASU-104987,AC PAT FIJA NEGRO K9857 52-17-142 CF200,PRODUCTO_STOCKEABLE,Armazones,Steffani,,,,,UNIDAD,origen: ASUNCION=PC - Inventario.xlsx#6785@2026-08-03
ASU-104992,AC PAT FLEX VERDE XB2012 53-22-145 C8,PRODUCTO_STOCKEABLE,Armazones,Bosani,,,,,UNIDAD,origen: ASUNCION=PC - Inventario.xlsx#6825@2026-08-03
ASU-104996,AC PAT FLEX ANIMAL PRINT K9736 55-17-145 C512,PRODUCTO_STOCKEABLE,Armazones,Vicrola,,,,,UNIDAD,origen: ASUNCION=PC - Inventario.xlsx#6852@2026-08-03
ASU-105024,AC PAT FLEX BLANCO GU50113 021 53-18-145,PRODUCTO_STOCKEABLE,Armazones,Guess,,,,,UNIDAD,origen: ASUNCION=PC - Inventario.xlsx#6872@2026-08-03
ASU-105026,AC PAT FLEX NEGRO K9843 57-16-146 CF200,PRODUCTO_STOCKEABLE,Armazones,Steffani,,,,,UNIDAD,origen: ASUNCION=PC - Inventario.xlsx#6929@2026-08-03
ASU-105035,AC PAT FLEX NEGRO MS20005 53-18-140 C1,PRODUCTO_STOCKEABLE,Armazones,Hanis,,,,,UNIDAD,origen: ASUNCION=PC - Inventario.xlsx#6843@2026-08-03
ASU-105039,AC PAT FIJA NEGRO CLIP ON BS2405 53-17-145 CF13,PRODUCTO_STOCKEABLE,Armazones,Bosani,,,,,UNIDAD,origen: ASUNCION=PC - Inventario.xlsx#6851@2026-08-03
ASU-105051,AC PAT FLEX NEGRO XB2018 50-23-145 C1,PRODUCTO_STOCKEABLE,Armazones,Bosani,,,,,UNIDAD,origen: ASUNCION=PC - Inventario.xlsx#6838@2026-08-03
ASU-105056,AC PAT FLEX AZUL V1255 59-18-150 CF700,PRODUCTO_STOCKEABLE,Armazones,Vicrola,,,,,UNIDAD,origen: ASUNCION=PC - Inventario.xlsx#6947@2026-08-03
ASU-105060,AC PAT FLEX TRANSPARENTE XB2015 52-25-145 C2,PRODUCTO_STOCKEABLE,Armazones,Bosani,,,,,UNIDAD,origen: ASUNCION=PC - Inventario.xlsx#6833@2026-08-03
ASU-105066,AC PAT FLEX ROSA CLIP-ON 7002 54-14-142,PRODUCTO_STOCKEABLE,Armazones,Betania,,,,,UNIDAD,origen: ASUNCION=PC - Inventario.xlsx#7081@2026-08-03
ASU-105070,AC PAT FLEX AZUL V1265 58-19-150 C700,PRODUCTO_STOCKEABLE,Armazones,Vicrola,,,,,UNIDAD,origen: ASUNCION=PC - Inventario.xlsx#6950@2026-08-03
ASU-105086,AH PAT FIJA NEGRO FZ 7003 101 57-17-145,PRODUCTO_STOCKEABLE,Armazones,Ferrari,,,,,UNIDAD,origen: ASUNCION=PC - Inventario.xlsx#6876@2026-08-03
ASU-105092,AC PAT FIJA ANIMAL PRINT 9901 53-15-140 C2,PRODUCTO_STOCKEABLE,Armazones,Hanis,,,,,UNIDAD,origen: ASUNCION=PC - Inventario.xlsx#6799@2026-08-03
ASU-105104,AC PAT FLEX GRIS DB1018 46-18-145 C2,PRODUCTO_STOCKEABLE,Armazones,Hanis,,,,,UNIDAD,origen: ASUNCION=PC - Inventario.xlsx#6793@2026-08-03
ASU-105115,AC PAT FLEX AZUL V1263 54-17-145 C700,PRODUCTO_STOCKEABLE,Armazones,Vicrola,,,,,UNIDAD,origen: ASUNCION=PC - Inventario.xlsx#6958@2026-08-03
ASU-105119,AC PAT FLEX NEGRO V1319 58-18-150 C207,PRODUCTO_STOCKEABLE,Armazones,Vicrola,,,,,UNIDAD,origen: ASUNCION=PC - Inventario.xlsx#6951@2026-08-03
ASU-105127,AC PAT FLEX NEGRO V1255 59-18-150 C208,PRODUCTO_STOCKEABLE,Armazones,Vicrola,,,,,UNIDAD,origen: ASUNCION=PC - Inventario.xlsx#6953@2026-08-03
ASU-105129,AH PAT FLEX ROJO JS062 52-17-140 C2,PRODUCTO_STOCKEABLE,Armazones,Graffiti,,,,,UNIDAD,origen: ASUNCION=PC - Inventario.xlsx#6964@2026-08-03
ASU-105143,AC PAT FLEX NEGRO K9670 53-19-145 C502,PRODUCTO_STOCKEABLE,Armazones,Steffani,,,,,UNIDAD,origen: ASUNCION=PC - Inventario.xlsx#6921@2026-08-03
ASU-105150,AC PAT FLEX VERDE K9843 57-16-146 C400,PRODUCTO_STOCKEABLE,Armazones,Steffani,,,,,UNIDAD,origen: ASUNCION=PC - Inventario.xlsx#6918@2026-08-03
ASU-105161,AC PAT FLEX ANIMAL PRINT G-8264 C2 55-16-140,PRODUCTO_STOCKEABLE,Armazones,Graffiti,,,,,UNIDAD,origen: ASUNCION=PC - Inventario.xlsx#6963@2026-08-03
ASU-105166,AC PAT FLEX NEGRO V1265 58-19-150 C219,PRODUCTO_STOCKEABLE,Armazones,Vicrola,,,,,UNIDAD,origen: ASUNCION=PC - Inventario.xlsx#6952@2026-08-03
ASU-105182,AC PAT FLEX NEGRO K9383 59-18-145 C214,PRODUCTO_STOCKEABLE,Armazones,Steffani,,,,,UNIDAD,origen: ASUNCION=PC - Inventario.xlsx#6906@2026-08-03
ASU-105188,AC PAT FLEX AZUL H3086 56-18-143 CF624,PRODUCTO_STOCKEABLE,Armazones,Unicity,,,,,UNIDAD,origen: ASUNCION=PC - Inventario.xlsx#6935@2026-08-03
ASU-105192,AC PAT FLEX CELESTE K9807 55-16-145 C507,PRODUCTO_STOCKEABLE,Armazones,Steffani,,,,,UNIDAD,origen: ASUNCION=PC - Inventario.xlsx#6910@2026-08-03
ASU-105201,AC PAT FIJA ROSA BSC1905 55-17-139 COL.TCK7,PRODUCTO_STOCKEABLE,Lentes de Sol,Bossi,,,,,UNIDAD,origen: ASUNCION=PC - Inventario.xlsx#8263@2026-08-03
ASU-105208,AC PAT FIJA ROJO SP1017 64-18-132 C3,PRODUCTO_STOCKEABLE,Lentes de Sol,Hanis,,,,,UNIDAD,origen: ASUNCION=PC - Inventario.xlsx#8285@2026-08-03
ASU-105209,AC PAT FIJA NEGRO SD9303N 65-17-120 C108RS,PRODUCTO_STOCKEABLE,Lentes de Sol,Bosani,,,,,UNIDAD,origen: ASUNCION=PC - Inventario.xlsx#8283@2026-08-03
ASU-105210,AC PAT FIJA DORADO DCP23003 59-16-144 CCET2,PRODUCTO_STOCKEABLE,Lentes de Sol,Discovery,,,,,UNIDAD,origen: ASUNCION=PC - Inventario.xlsx#8294@2026-08-03
ASU-105211,AH PAT FLEX NEGRO K8885 52-17-135 COL-194,PRODUCTO_STOCKEABLE,Armazones,Steffani,,,,,UNIDAD,origen: ASUNCION=PC - Inventario.xlsx#6982@2026-08-03
ASU-105215,AC PAT FIJA LILA BSC1903 51-18-140 COL.T75,PRODUCTO_STOCKEABLE,Lentes de Sol,Bossi,,,,,UNIDAD,origen: ASUNCION=PC - Inventario.xlsx#8262@2026-08-03
ASU-105216,AH PAT FLEX GRIS CLIP-ON K6671 49-20-135 COL-8,PRODUCTO_STOCKEABLE,Armazones,Steffani,,,,,UNIDAD,origen: ASUNCION=PC - Inventario.xlsx#6984@2026-08-03
ASU-105220,AC PAT FIJA NEGRO BSC1902 56-15-140 COL.B1,PRODUCTO_STOCKEABLE,Lentes de Sol,Bossi,,,,,UNIDAD,origen: ASUNCION=PC - Inventario.xlsx#8260@2026-08-03
ASU-105222,AC PAT FLEX NEGRO GAS1119 53-18-145 C1,PRODUCTO_STOCKEABLE,Armazones,Graffiti,,,,,UNIDAD,origen: ASUNCION=PC - Inventario.xlsx#1397@2026-08-03
ASU-105227,AC PAT FLEX NARANJA K9397 53-17-140 C980,PRODUCTO_STOCKEABLE,Armazones,Steffani,,,,,UNIDAD,origen: ASUNCION=PC - Inventario.xlsx#6968@2026-08-03
ASU-105233,AH PAT FLEX GRIS CLIP-ON K6671 49-20-135 COL-8,PRODUCTO_STOCKEABLE,Armazones,Betania,,,,,UNIDAD,origen: ASUNCION=PC - Inventario.xlsx#6985@2026-08-03
ASU-105235,AC PAT FLEX ROSA CLARO V1163 53-17-145 COL.11,PRODUCTO_STOCKEABLE,Armazones,Vicrola,,,,,UNIDAD,origen: ASUNCION=PC - Inventario.xlsx#1282@2026-08-03
ASU-105242,AT PAT FIJA PLATEADO DP020-014 C31,PRODUCTO_STOCKEABLE,Lentes de Sol,Discovery,,,,,UNIDAD,origen: ASUNCION=PC - Inventario.xlsx#8292@2026-08-03
ASU-105252,AC PAT FIJA TURQUESA BSC1904 50-23-143 COL.HT34,PRODUCTO_STOCKEABLE,Lentes de Sol,Bossi,,,,,UNIDAD,origen: ASUNCION=PC - Inventario.xlsx#8264@2026-08-03
ASU-105257,AC PAT FIJA CREMA BOC1916 54-19-140 CC0,PRODUCTO_STOCKEABLE,Lentes de Sol,Bosani,,,,,UNIDAD,origen: ASUNCION=PC - Inventario.xlsx#8273@2026-08-03
ASU-105258,AC PAT FLEX BLANCO MQ5334 55-16-142 C5,PRODUCTO_STOCKEABLE,Armazones,Betania,,,,,UNIDAD,origen: ASUNCION=PC - Inventario.xlsx#7000@2026-08-03
ASU-105268,AH PAT FLEX GRIS K9160 55-19-132 COL-10,PRODUCTO_STOCKEABLE,Armazones,Steffani,,,,,UNIDAD,origen: ASUNCION=PC - Inventario.xlsx#6980@2026-08-03
ASU-105272,AC PAT FIJA DORADO DCP23005 59-16-140 CCBK0,PRODUCTO_STOCKEABLE,Lentes de Sol,Discovery,,,,,UNIDAD,origen: ASUNCION=PC - Inventario.xlsx#8291@2026-08-03
ASU-105273,AC PAT FLEX VERDE CLIP-ON G5376 54-17-145 C3,PRODUCTO_STOCKEABLE,Armazones,Altania,,,,,UNIDAD,origen: ASUNCION=PC - Inventario.xlsx#7064@2026-08-03
ASU-105274,AC PAT FLEX LILA L23002 51-18-142 C6,PRODUCTO_STOCKEABLE,Armazones,Altania,,,,,UNIDAD,origen: ASUNCION=PC - Inventario.xlsx#7054@2026-08-03
ASU-105275,AC PAT FIJA BORDO CLIP-ON YC3037 53-18-140 C3,PRODUCTO_STOCKEABLE,Armazones,Betania,,,,,UNIDAD,origen: ASUNCION=PC - Inventario.xlsx#7075@2026-08-03
ASU-105278,AC PAT FLEX AZUL CLIP-ON G5166 56-19-150 C6,PRODUCTO_STOCKEABLE,Armazones,Altania,,,,,UNIDAD,origen: ASUNCION=PC - Inventario.xlsx#7062@2026-08-03
ASU-105279,AC PAT FLEX CELESTE CLIP-ON G5519 54-17-145 C5,PRODUCTO_STOCKEABLE,Armazones,Altania,,,,,UNIDAD,origen: ASUNCION=PC - Inventario.xlsx#7069@2026-08-03
ASU-105282,AC PAT FIJA MARRON CLIP ON BS2404 55-16-140 CF2,PRODUCTO_STOCKEABLE,Armazones,Bosani,,,,,UNIDAD,origen: ASUNCION=PC - Inventario.xlsx#1402@2026-08-03
ASU-105295,AC PAT FLEX NEGRO FZ 8004U 501 57-17-145,PRODUCTO_STOCKEABLE,Armazones,Ferrari,,,,,UNIDAD,origen: ASUNCION=PC - Inventario.xlsx#1401@2026-08-03
ASU-105297,AC PAT FLEX AZUL CLIP-ON G5376 54-17-145 C4,PRODUCTO_STOCKEABLE,Armazones,Altania,,,,,UNIDAD,origen: ASUNCION=PC - Inventario.xlsx#7070@2026-08-03
ASU-105302,AC PAT FLEX NEGRO AZUL H2682 60-15-143 C602,PRODUCTO_STOCKEABLE,Armazones,Unicity,,,,,UNIDAD,origen: ASUNCION=PC - Inventario.xlsx#1399@2026-08-03
ASU-105304,AC PAT FIJA NEGRO CLIP-ON YC3038 49-19-140 C1,PRODUCTO_STOCKEABLE,Armazones,Betania,,,,,UNIDAD,origen: ASUNCION=PC - Inventario.xlsx#7077@2026-08-03
ASU-105305,AC PAT FIJA BORDO CLIP-ON YC3037 53-18-140 C3,PRODUCTO_STOCKEABLE,Armazones,Betania,,,,,UNIDAD,origen: ASUNCION=PC - Inventario.xlsx#7073@2026-08-03
ASU-105309,AC PAT FIJA AZUL CLIP-ON YC3036 51-18-140 C5,PRODUCTO_STOCKEABLE,Armazones,Betania,,,,,UNIDAD,origen: ASUNCION=PC - Inventario.xlsx#1400@2026-08-03
ASU-105313,AC PAT FIJA NEGRO CLIP-ON YC3038 49-19-140 C4,PRODUCTO_STOCKEABLE,Armazones,Betania,,,,,UNIDAD,origen: ASUNCION=PC - Inventario.xlsx#7074@2026-08-03
ASU-105315,AC PAT FLEX NEGRO CLIP-ON CH9110 55-17-145 C5,PRODUCTO_STOCKEABLE,Armazones,Altania,,,,,UNIDAD,origen: ASUNCION=PC - Inventario.xlsx#7063@2026-08-03
ASU-105321,AC PAT FIJA NEGRO CLIP-ON YC3036 51-18-140 C4,PRODUCTO_STOCKEABLE,Armazones,Betania,,,,,UNIDAD,origen: ASUNCION=PC - Inventario.xlsx#7082@2026-08-03
ASU-105322,AC PAT FLEX NEGRO L23001 50-18-142 C2,PRODUCTO_STOCKEABLE,Armazones,Altania,,,,,UNIDAD,origen: ASUNCION=PC - Inventario.xlsx#7057@2026-08-03
ASU-105323,AC PAT FLEX NEGRO H2046 45-17-130 C3,PRODUCTO_STOCKEABLE,Armazones,Altania,,,,,UNIDAD,origen: ASUNCION=PC - Inventario.xlsx#7055@2026-08-03
ASU-105326,AC PAT FLEX GRIS HT2104 45-18-140 C4,PRODUCTO_STOCKEABLE,Armazones,Betania,,,,,UNIDAD,origen: ASUNCION=PC - Inventario.xlsx#7030@2026-08-03
ASU-105328,AC PAT FLEX ROSA J0048 48-17-138,PRODUCTO_STOCKEABLE,Armazones,Betania,,,,,UNIDAD,origen: ASUNCION=PC - Inventario.xlsx#7034@2026-08-03
ASU-105335,AC PAT FLEX AZUL HT2113 47-20-135 C2,PRODUCTO_STOCKEABLE,Armazones,Altania,,,,,UNIDAD,origen: ASUNCION=PC - Inventario.xlsx#7053@2026-08-03
ASU-105336,AC PAT FLEX MARRON-AZUL 51048 46-16-130 C5,PRODUCTO_STOCKEABLE,Armazones,Betania,,,,,UNIDAD,origen: ASUNCION=PC - Inventario.xlsx#7033@2026-08-03
ASU-105355,AC PAT FLEX GRIS K9889 54-19-140 COL-600,PRODUCTO_STOCKEABLE,Armazones,Steffani,,,,,UNIDAD,origen: ASUNCION=PC - Inventario.xlsx#1355@2026-08-03
ASU-105363,AC PAT FLEX NEGRO K9889 54-19-140 COL-F200,PRODUCTO_STOCKEABLE,Armazones,Steffani,,,,,UNIDAD,origen: ASUNCION=PC - Inventario.xlsx#1356@2026-08-03
ASU-105368,AC PAT FLEX DORADO K9881 53-17-145 C508,PRODUCTO_STOCKEABLE,Armazones,Steffani,,,,,UNIDAD,origen: ASUNCION=PC - Inventario.xlsx#1343@2026-08-03
ASU-105371,AC PAT FLEX NEGRO K9831 56-17-145 COL-602,PRODUCTO_STOCKEABLE,Armazones,Steffani,,,,,UNIDAD,origen: ASUNCION=PC - Inventario.xlsx#1325@2026-08-03
ASU-105390,AC PAT FLEX NEGRO K9856 51-20-142 COL-F200,PRODUCTO_STOCKEABLE,Armazones,Steffani,,,,,UNIDAD,origen: ASUNCION=PC - Inventario.xlsx#1318@2026-08-03
ASU-105393,AC PAT FIJA NEGRO K9876 53-19-145 COL-F200,PRODUCTO_STOCKEABLE,Armazones,Steffani,,,,,UNIDAD,origen: ASUNCION=PC - Inventario.xlsx#1352@2026-08-03
ASU-105395,AC PAT FIJA MARRON K9876 53-19-145 COL-26,PRODUCTO_STOCKEABLE,Armazones,Steffani,,,,,UNIDAD,origen: ASUNCION=PC - Inventario.xlsx#1353@2026-08-03
ASU-105405,AC PAT FLEX DORADO K9870 53-19-144 COL-22,PRODUCTO_STOCKEABLE,Armazones,Steffani,,,,,UNIDAD,origen: ASUNCION=PC - Inventario.xlsx#1364@2026-08-03
ASU-105415,AC PAT FLEX GRIS K9854 54-18-142 C626,PRODUCTO_STOCKEABLE,Armazones,Steffani,,,,,UNIDAD,origen: ASUNCION=PC - Inventario.xlsx#1341@2026-08-03
ASU-105426,AC PAT FLEX ROSA K9863 54-17-140 C524,PRODUCTO_STOCKEABLE,Armazones,Steffani,,,,,UNIDAD,origen: ASUNCION=PC - Inventario.xlsx#1348@2026-08-03
ASU-105434,AC PAT FLEX AZUL GV1032 59-18-150 C3,PRODUCTO_STOCKEABLE,Armazones,CG,,,,,UNIDAD,origen: ASUNCION=PC - Inventario.xlsx#7113@2026-08-03
ASU-105435,AC PAT FLEX NEGRO GV1032 59-18-150 C2,PRODUCTO_STOCKEABLE,Armazones,CG,,,,,UNIDAD,origen: ASUNCION=PC - Inventario.xlsx#7112@2026-08-03
ASU-105436,AC PAT FIJA NEGRO K9876 53-19-145 COL-F200,PRODUCTO_STOCKEABLE,Armazones,Steffani,,,,,UNIDAD,origen: ASUNCION=PC - Inventario.xlsx#1211@2026-08-03
ASU-105443,AC PAT FLEX ROJO G8008 53-16-142 C5,PRODUCTO_STOCKEABLE,Armazones,CG,,,,,UNIDAD,origen: ASUNCION=PC - Inventario.xlsx#7111@2026-08-03
ASU-105444,AC PAT FLEX BLANCO G8053 54-17-142 C4,PRODUCTO_STOCKEABLE,Armazones,CG,,,,,UNIDAD,origen: ASUNCION=PC - Inventario.xlsx#7115@2026-08-03
ASU-105454,AC PAT FLEX NEGRO KY146 51-17-140 C1,PRODUCTO_STOCKEABLE,Armazones,CG,,,,,UNIDAD,origen: ASUNCION=PC - Inventario.xlsx#7123@2026-08-03
ASU-105464,AC PAT FIJA TRANSPARENTE K9838 49-22-144 C19,PRODUCTO_STOCKEABLE,Armazones,Steffani,,,,,UNIDAD,origen: ASUNCION=PC - Inventario.xlsx#1388@2026-08-03
ASU-105471,AC PAT FLEX MARRON GV1050 60-18-150 C3,PRODUCTO_STOCKEABLE,Armazones,CG,,,,,UNIDAD,origen: ASUNCION=PC - Inventario.xlsx#7087@2026-08-03
ASU-105474,AC PAT FLEX ROSA GV1028 50-19-145 C3,PRODUCTO_STOCKEABLE,Armazones,CG,,,,,UNIDAD,origen: ASUNCION=PC - Inventario.xlsx#7095@2026-08-03
ASU-105478,AC PAT FIJA NEGRO K9838 49-22-144 C200,PRODUCTO_STOCKEABLE,Armazones,Steffani,,,,,UNIDAD,origen: ASUNCION=PC - Inventario.xlsx#1387@2026-08-03
ASU-105488,AC PAT FLEX AZUL HD5029 50-16-140 C9,PRODUCTO_STOCKEABLE,Armazones,CG,,,,,UNIDAD,origen: ASUNCION=PC - Inventario.xlsx#7100@2026-08-03
ASU-105489,AC PAT FLEX MARRON 9029 52-20-143 C3,PRODUCTO_STOCKEABLE,Armazones,CG,,,,,UNIDAD,origen: ASUNCION=PC - Inventario.xlsx#7128@2026-08-03
ASU-105496,AC PAT FLEX GRIS GU33056 54-19-140 C5,PRODUCTO_STOCKEABLE,Armazones,CG,,,,,UNIDAD,origen: ASUNCION=PC - Inventario.xlsx#7114@2026-08-03
ASU-105498,AC PAT FLEX AZUL BA2316 55-17-150 CFE3,PRODUCTO_STOCKEABLE,Armazones,Bacchio,,,,,UNIDAD,origen: ASUNCION=PC - Inventario.xlsx#7140@2026-08-03
ASU-105504,AH PAT FLEX NEGRO BA2310 56-18-145 CB1,PRODUCTO_STOCKEABLE,Armazones,Bacchio,,,,,UNIDAD,origen: ASUNCION=PC - Inventario.xlsx#7134@2026-08-03
ASU-105508,AC PAT FIJA ROSA CS064 C40BN 57-17-138,PRODUCTO_STOCKEABLE,Armazones,Crocs,,,,,UNIDAD,origen: ASUNCION=PC - Inventario.xlsx#1390@2026-08-03
ASU-105522,AC PAT FLEX AZUL RD26049 50-19-140 C3,PRODUCTO_STOCKEABLE,Armazones,Hanis,,,,,UNIDAD,origen: ASUNCION=PC - Inventario.xlsx#7149@2026-08-03
ASU-105525,AC PAT FLEX GRIS 97272 54-20-145 C5,PRODUCTO_STOCKEABLE,Armazones,Betania,,,,,UNIDAD,origen: ASUNCION=PC - Inventario.xlsx#7273@2026-08-03
ASU-105526,AC PAT FLEX NEGRO CLIP ON 8118 55-17-142 C3,PRODUCTO_STOCKEABLE,Armazones,CG,,,,,UNIDAD,origen: ASUNCION=PC - Inventario.xlsx#7203@2026-08-03
ASU-105529,AC PAT FLEX TRANSPARENTE A77004 48-19-135 C1,PRODUCTO_STOCKEABLE,Armazones,Hanis,,,,,UNIDAD,origen: ASUNCION=PC - Inventario.xlsx#7154@2026-08-03
ASU-105536,AC PAT FLEX NEGRO CLIP ON PY11002 54-16-143 C1,PRODUCTO_STOCKEABLE,Armazones,CG,,,,,UNIDAD,origen: ASUNCION=PC - Inventario.xlsx#7200@2026-08-03
ASU-105540,AC PAT FLEX NEGRO AY6938 58-18-150 C4,PRODUCTO_STOCKEABLE,Armazones,Betania,,,,,UNIDAD,origen: ASUNCION=PC - Inventario.xlsx#7281@2026-08-03
ASU-105542,AC PAT FLEX DORADO MARRON 3018B 56-16-135,PRODUCTO_STOCKEABLE,Armazones,Tio Smith,,,,,UNIDAD,origen: ASUNCION=PC - Inventario.xlsx#1210@2026-08-03
ASU-105543,AC PAT FLEX TRANSPARENTE RDA10054 52-19-145 C2,PRODUCTO_STOCKEABLE,Armazones,Betania,,,,,UNIDAD,origen: ASUNCION=PC - Inventario.xlsx#7275@2026-08-03
ASU-105546,AC PAT FIJA NEGRO DCP23013 54-20-141 COL.CF1,PRODUCTO_STOCKEABLE,Lentes de Sol,Discovery,,,,,UNIDAD,origen: ASUNCION=PC - Inventario.xlsx#7801@2026-08-03
ASU-105551,AC PAT FIJA NEGRO BS2422 50-20-145 CF13,PRODUCTO_STOCKEABLE,Armazones,Bosani,,,,,UNIDAD,origen: ASUNCION=PC - Inventario.xlsx#7204@2026-08-03
ASU-105559,AC PAT FIJA NEGRO PEI017 50-19-142 C2,PRODUCTO_STOCKEABLE,Armazones,Bacchio,,,,,UNIDAD,origen: ASUNCION=PC - Inventario.xlsx#7166@2026-08-03
ASU-105578,AC PAT FIJA GRIS BA2208 58-19-145 CBE12,PRODUCTO_STOCKEABLE,Armazones,Bacchio,,,,,UNIDAD,origen: ASUNCION=PC - Inventario.xlsx#7178@2026-08-03
ASU-105580,AC PAT FLEX TRANSPARENTE XB2011 58-18-145 C2,PRODUCTO_STOCKEABLE,Armazones,Bosani,,,,,UNIDAD,origen: ASUNCION=PC - Inventario.xlsx#7191@2026-08-03
ASU-105585,AC PAT FLEX MARRON XB2011 58-18-145 C7,PRODUCTO_STOCKEABLE,Armazones,Bosani,,,,,UNIDAD,origen: ASUNCION=PC - Inventario.xlsx#7193@2026-08-03
ASU-105588,AC PAT FLEX AZUL HM2010 55-16-145 C3,PRODUCTO_STOCKEABLE,Armazones,Hanis,,,,,UNIDAD,origen: ASUNCION=PC - Inventario.xlsx#7183@2026-08-03
ASU-105595,AC PAT FLEX ROJO MAYAN 2 42-15-125 COL I,PRODUCTO_STOCKEABLE,Armazones,Mira Flex,,,,,UNIDAD,origen: ASUNCION=PC - Inventario.xlsx#7213@2026-08-03
ASU-105596,AC PAT FLEX NEGRO NICKI 48-16-138 COL JS,PRODUCTO_STOCKEABLE,Armazones,Mira Flex,,,,,UNIDAD,origen: ASUNCION=PC - Inventario.xlsx#7217@2026-08-03
ASU-105598,AC PAT FLEX AZUL MAYAN 2 42-15-125 COL DS,PRODUCTO_STOCKEABLE,Armazones,Mira Flex,,,,,UNIDAD,origen: ASUNCION=PC - Inventario.xlsx#7214@2026-08-03
ASU-105599,AC PAT FLEX AZUL MIKE 1 42-17-130 COL DP,PRODUCTO_STOCKEABLE,Armazones,Mira Flex,,,,,UNIDAD,origen: ASUNCION=PC - Inventario.xlsx#7219@2026-08-03
ASU-105601,AC PAT FLEX LILA MAYAN 3 47-17-128 COL P,PRODUCTO_STOCKEABLE,Armazones,Mira Flex,,,,,UNIDAD,origen: ASUNCION=PC - Inventario.xlsx#7221@2026-08-03
ASU-105602,AC PAT FLEX GRIS MAYAN 2 42-15-125 COL J,PRODUCTO_STOCKEABLE,Armazones,Mira Flex,,,,,UNIDAD,origen: ASUNCION=PC - Inventario.xlsx#7216@2026-08-03
ASU-105604,AC PAT FLEX AZUL MIKE 1 42-17-130 COL CP,PRODUCTO_STOCKEABLE,Armazones,Mira Flex,,,,,UNIDAD,origen: ASUNCION=PC - Inventario.xlsx#7212@2026-08-03
ASU-105607,AC PAT FLEX AZUL WILL 47-16-135 C130,PRODUCTO_STOCKEABLE,Armazones,Mira Flex,,,,,UNIDAD,origen: ASUNCION=PC - Inventario.xlsx#7205@2026-08-03
ASU-105608,AC PAT FLEX NEGRO 97272 54-20-145 C5,PRODUCTO_STOCKEABLE,Armazones,Betania,,,,,UNIDAD,origen: ASUNCION=PC - Inventario.xlsx#7238@2026-08-03
ASU-105610,AC PAT FLEX MIKE 1 42-17-130 COL J,PRODUCTO_STOCKEABLE,Armazones,Mira Flex,,,,,UNIDAD,origen: ASUNCION=PC - Inventario.xlsx#7218@2026-08-03
ASU-105611,AC PAT FLEX NEGRO XH0021 48-20-145 C1,PRODUCTO_STOCKEABLE,Armazones,Betania,,,,,UNIDAD,origen: ASUNCION=PC - Inventario.xlsx#7245@2026-08-03
ASU-105612,AC PAT FLEX ROJO NICKI 50-19-142 COL KP,PRODUCTO_STOCKEABLE,Armazones,Mira Flex,,,,,UNIDAD,origen: ASUNCION=PC - Inventario.xlsx#7222@2026-08-03
ASU-105615,AC PAT FLEX AZUL WILL 47-16-135 C132,PRODUCTO_STOCKEABLE,Armazones,Mira Flex,,,,,UNIDAD,origen: ASUNCION=PC - Inventario.xlsx#7206@2026-08-03
ASU-105619,AC PAT FLEX MARRON AY6967 52-18-144 C5,PRODUCTO_STOCKEABLE,Armazones,Betania,,,,,UNIDAD,origen: ASUNCION=PC - Inventario.xlsx#7259@2026-08-03
ASU-105622,AC PAT FLEX AZUL 49-16-130 S.DK.BLUE,PRODUCTO_STOCKEABLE,Armazones,Mira Flex,,,,,UNIDAD,origen: ASUNCION=PC - Inventario.xlsx#7208@2026-08-03
ASU-105623,AC PAT FLEX AZUL VENUS 48-15-135 162,PRODUCTO_STOCKEABLE,Armazones,Mira Flex,,,,,UNIDAD,origen: ASUNCION=PC - Inventario.xlsx#7207@2026-08-03
ASU-105626,AC PAT FLEX ROSA 88928 54-17-142 C8,PRODUCTO_STOCKEABLE,Armazones,Betania,,,,,UNIDAD,origen: ASUNCION=PC - Inventario.xlsx#7260@2026-08-03
ASU-105627,AC PAT FLEX AZUL BABY ONE 2 44-16 COL D,PRODUCTO_STOCKEABLE,Armazones,Mira Flex,,,,,UNIDAD,origen: ASUNCION=PC - Inventario.xlsx#7209@2026-08-03
ASU-105629,AC PAT FLEX AZUL 97270 55-18-145 C7,PRODUCTO_STOCKEABLE,Armazones,Betania,,,,,UNIDAD,origen: ASUNCION=PC - Inventario.xlsx#7249@2026-08-03
ASU-105631,AC PAT FLEX CELESTE MAYAN 2 42-15-125 COL DV,PRODUCTO_STOCKEABLE,Armazones,Mira Flex,,,,,UNIDAD,origen: ASUNCION=PC - Inventario.xlsx#7215@2026-08-03
ASU-105632,AC PAT FLEX AZUL AY6964 52-19-143 C4,PRODUCTO_STOCKEABLE,Armazones,Betania,,,,,UNIDAD,origen: ASUNCION=PC - Inventario.xlsx#7251@2026-08-03
ASU-105639,AC PAT FLEX TRANSPARENTE 97222 53-18-140 C6,PRODUCTO_STOCKEABLE,Armazones,Betania,,,,,UNIDAD,origen: ASUNCION=PC - Inventario.xlsx#7231@2026-08-03
ASU-105643,AC PAT FLEX GRIS 88915 51-16-140 C2,PRODUCTO_STOCKEABLE,Armazones,Betania,,,,,UNIDAD,origen: ASUNCION=PC - Inventario.xlsx#7267@2026-08-03
ASU-105646,AC PAT FLEX TRANSPARENTE RDA10146 54-18-145 C4,PRODUCTO_STOCKEABLE,Armazones,Betania,,,,,UNIDAD,origen: ASUNCION=PC - Inventario.xlsx#7227@2026-08-03
ASU-105649,AC PAT FLEX NEGRO XH0012 51-19-145 C1,PRODUCTO_STOCKEABLE,Armazones,Betania,,,,,UNIDAD,origen: ASUNCION=PC - Inventario.xlsx#7224@2026-08-03
ASU-105653,AC PAT FLEX TRANSPARENTE A77005 48-19-135 C1,PRODUCTO_STOCKEABLE,Armazones,Betania,,,,,UNIDAD,origen: ASUNCION=PC - Inventario.xlsx#7274@2026-08-03
ASU-105656,AC PAT FLEX NEGRO RDA10087 53-18-145 C5,PRODUCTO_STOCKEABLE,Armazones,Betania,,,,,UNIDAD,origen: ASUNCION=PC - Inventario.xlsx#7237@2026-08-03
ASU-105661,AC PAT FLEX GRIS 88931 51-19-140 C2,PRODUCTO_STOCKEABLE,Armazones,Betania,,,,,UNIDAD,origen: ASUNCION=PC - Inventario.xlsx#7271@2026-08-03
ASU-105663,AC PAT FLEX MARRON 88931 51-19-140 C6,PRODUCTO_STOCKEABLE,Armazones,Betania,,,,,UNIDAD,origen: ASUNCION=PC - Inventario.xlsx#7255@2026-08-03
ASU-105665,AC PAT FLEX AZUL AY6958 54-18-144 C4,PRODUCTO_STOCKEABLE,Armazones,Betania,,,,,UNIDAD,origen: ASUNCION=PC - Inventario.xlsx#7254@2026-08-03
ASU-105669,AC PAT FLEX MARRON RDA10087 53-18-145 C3,PRODUCTO_STOCKEABLE,Armazones,Betania,,,,,UNIDAD,origen: ASUNCION=PC - Inventario.xlsx#7256@2026-08-03
ASU-105674,AC PAT FLEX AZUL A77001 50-16-135 C2,PRODUCTO_STOCKEABLE,Armazones,Betania,,,,,UNIDAD,origen: ASUNCION=PC - Inventario.xlsx#7292@2026-08-03
ASU-105677,AC PAT FLEX MARRON K9884 55-16-142 C429,PRODUCTO_STOCKEABLE,Armazones,Steffani,,,,,UNIDAD,origen: ASUNCION=PC - Inventario.xlsx#7397@2026-08-03
ASU-105679,AC PAT FLEX AZUL NICKI 48-16-138 COL DS,PRODUCTO_STOCKEABLE,Armazones,Mira Flex,,,,,UNIDAD,origen: ASUNCION=PC - Inventario.xlsx#1283@2026-08-03
ASU-105682,AC PAT FLEX NARANJA NEGRO DORADO M8105 59-16-145 C3,PRODUCTO_STOCKEABLE,Armazones,Graffiti,,,,,UNIDAD,origen: ASUNCION=PC - Inventario.xlsx#1288@2026-08-03
ASU-105687,AC PAT FLEX BLANCO AM0005 52-19-140 C5,PRODUCTO_STOCKEABLE,Armazones,Betania,,,,,UNIDAD,origen: ASUNCION=PC - Inventario.xlsx#7345@2026-08-03
ASU-105688,AC PAT FLEX TRANSPARENTE CLIP ON H7819 51-18-145 C5,PRODUCTO_STOCKEABLE,Armazones,Betania,,,,,UNIDAD,origen: ASUNCION=PC - Inventario.xlsx#7304@2026-08-03
ASU-105690,AC PAT FLEX BLANCO RL5285 53-16-138 C5,PRODUCTO_STOCKEABLE,Armazones,Betania,,,,,UNIDAD,origen: ASUNCION=PC - Inventario.xlsx#7344@2026-08-03
ASU-105694,AC PAT FLEX NEGRO RL5285 53-16-138 C1,PRODUCTO_STOCKEABLE,Armazones,Betania,,,,,UNIDAD,origen: ASUNCION=PC - Inventario.xlsx#7346@2026-08-03
ASU-105695,AC PAT FLEX BORDO TL5215 53-16-140 C3,PRODUCTO_STOCKEABLE,Armazones,Betania,,,,,UNIDAD,origen: ASUNCION=PC - Inventario.xlsx#7343@2026-08-03
ASU-105698,AC PAT FLEX VERDE GA33007 55-16-140 C07,PRODUCTO_STOCKEABLE,Armazones,Betania,,,,,UNIDAD,origen: ASUNCION=PC - Inventario.xlsx#7294@2026-08-03
ASU-105703,AC PAT FLEX TRANSPARENTE TA1027 52-18-140 C4,PRODUCTO_STOCKEABLE,Armazones,Altania,,,,,UNIDAD,origen: ASUNCION=PC - Inventario.xlsx#7332@2026-08-03
ASU-105706,AC PAT FLEX ROSA TL5215 53-16-140 C4,PRODUCTO_STOCKEABLE,Armazones,Betania,,,,,UNIDAD,origen: ASUNCION=PC - Inventario.xlsx#7339@2026-08-03
ASU-105709,AC PAT FLEX ROSA SL-05 53-18-145 C5,PRODUCTO_STOCKEABLE,Armazones,Altania,,,,,UNIDAD,origen: ASUNCION=PC - Inventario.xlsx#7312@2026-08-03
ASU-105719,AC PAT FLEX TRANSPARENTE TA1035 54-17-140 C7,PRODUCTO_STOCKEABLE,Armazones,Altania,,,,,UNIDAD,origen: ASUNCION=PC - Inventario.xlsx#7331@2026-08-03
ASU-105727,AC PAT FLEX NEGRO RDA10054 52-19-145 C3,PRODUCTO_STOCKEABLE,Armazones,Betania,,,,,UNIDAD,origen: ASUNCION=PC - Inventario.xlsx#7307@2026-08-03
ASU-105729,AC PAT FIJA ROJO BOL2505 54-17-145 BTM7,PRODUCTO_STOCKEABLE,Lentes de Sol,Bosani,,,,,UNIDAD,origen: ASUNCION=PC - Inventario.xlsx#7856@2026-08-03
ASU-105735,AC PAT FLEX BLANCO K9884 55-16-142 C508,PRODUCTO_STOCKEABLE,Armazones,Steffani,,,,,UNIDAD,origen: ASUNCION=PC - Inventario.xlsx#7398@2026-08-03
ASU-105742,AC PAT FLEX BORDO K7051 52-15-145 C2,PRODUCTO_STOCKEABLE,Armazones,Betania,,,,,UNIDAD,origen: ASUNCION=PC - Inventario.xlsx#7297@2026-08-03
ASU-105743,AC PAT FLEX ROSA TA1020 54-17-140 C4,PRODUCTO_STOCKEABLE,Armazones,Altania,,,,,UNIDAD,origen: ASUNCION=PC - Inventario.xlsx#7352@2026-08-03
ASU-105749,AC PAT FLEX CELESTE 97272 54-20-145 C8,PRODUCTO_STOCKEABLE,Armazones,Betania,,,,,UNIDAD,origen: ASUNCION=PC - Inventario.xlsx#7302@2026-08-03
ASU-105750,AC PAT FLEX GRIS AY6936 58-18-150 C6,PRODUCTO_STOCKEABLE,Armazones,Betania,,,,,UNIDAD,origen: ASUNCION=PC - Inventario.xlsx#7296@2026-08-03
ASU-105752,AC PAT FLEX AZUL K7090 50-18-150 C2,PRODUCTO_STOCKEABLE,Armazones,Betania,,,,,UNIDAD,origen: ASUNCION=PC - Inventario.xlsx#7298@2026-08-03
ASU-105754,AC PAT FIJA VERDE G1018 50-19-140 C2,PRODUCTO_STOCKEABLE,Armazones,Graffiti,,,,,UNIDAD,origen: ASUNCION=PC - Inventario.xlsx#1414@2026-08-03
ASU-105757,AC PAT FIJA TRANSPARENTE DG5102 3133 53-18-145,PRODUCTO_STOCKEABLE,Armazones,Dolce&Gabbana,,,,,UNIDAD,origen: ASUNCION=PC - Inventario.xlsx#1403@2026-08-03
ASU-105758,AC PAT FLEX AZUL K9890 56-16-140 C207,PRODUCTO_STOCKEABLE,Armazones,Steffani,,,,,UNIDAD,origen: ASUNCION=PC - Inventario.xlsx#7389@2026-08-03
ASU-105760,AT PAT FIJA ROSA BA2513 57-16-145 BK7,PRODUCTO_STOCKEABLE,Lentes de Sol,Bosani,,,,,UNIDAD,origen: ASUNCION=PC - Inventario.xlsx#7868@2026-08-03
ASU-105762,AC PAT FLEX NEGRO K9883 55-17-148 C502,PRODUCTO_STOCKEABLE,Armazones,Steffani,,,,,UNIDAD,origen: ASUNCION=PC - Inventario.xlsx#7378@2026-08-03
ASU-105763,AC PAT FLEX NEGRO K9878 60-19-150 C600,PRODUCTO_STOCKEABLE,Armazones,Steffani,,,,,UNIDAD,origen: ASUNCION=PC - Inventario.xlsx#7372@2026-08-03
ASU-105764,AC PAT FLEX DORADO H3475 54-17-140 C606,PRODUCTO_STOCKEABLE,Armazones,Unicity,,,,,UNIDAD,origen: ASUNCION=PC - Inventario.xlsx#7369@2026-08-03
ASU-105768,AC PAT FLEX TRANSPARENTE H3439 53-20-145 C612,PRODUCTO_STOCKEABLE,Armazones,Unicity,,,,,UNIDAD,origen: ASUNCION=PC - Inventario.xlsx#7365@2026-08-03
ASU-105770,AC PAT FLEX DORADO H3450 55-17-140 C606,PRODUCTO_STOCKEABLE,Armazones,Unicity,,,,,UNIDAD,origen: ASUNCION=PC - Inventario.xlsx#7367@2026-08-03
ASU-105774,AC PAT FLEX DORADO K9895 55-16-140 C527,PRODUCTO_STOCKEABLE,Armazones,Steffani,,,,,UNIDAD,origen: ASUNCION=PC - Inventario.xlsx#7400@2026-08-03
ASU-105776,AC PAT FIJA NEGRO K9880 52-17-141 C502,PRODUCTO_STOCKEABLE,Armazones,Steffani,,,,,UNIDAD,origen: ASUNCION=PC - Inventario.xlsx#7376@2026-08-03
ASU-105786,AC PAT FLEX GRIS K9895 55-16-140 C308,PRODUCTO_STOCKEABLE,Armazones,Steffani,,,,,UNIDAD,origen: ASUNCION=PC - Inventario.xlsx#7402@2026-08-03
ASU-105790,AC PAT FIJA DORADO 50039U 030 55-16-140,PRODUCTO_STOCKEABLE,Armazones,Givenchy,,,,,UNIDAD,origen: ASUNCION=PC - Inventario.xlsx#1291@2026-08-03
ASU-105791,AC PAT FLEX MARRON K9868 56-18-145 C529,PRODUCTO_STOCKEABLE,Armazones,Steffani,,,,,UNIDAD,origen: ASUNCION=PC - Inventario.xlsx#7382@2026-08-03
ASU-105794,AC PAT FLEX ROSA K9895 55-16-140 C529,PRODUCTO_STOCKEABLE,Armazones,Steffani,,,,,UNIDAD,origen: ASUNCION=PC - Inventario.xlsx#7401@2026-08-03
ASU-105802,AC PAT FIJA AZUL G1003 54-16-145 C3,PRODUCTO_STOCKEABLE,Armazones,Graffiti,,,,,UNIDAD,origen: ASUNCION=PC - Inventario.xlsx#1419@2026-08-03
ASU-105803,AC PAT FLEX TRANSPARENTE PB5748 54-20-145 C19,PRODUCTO_STOCKEABLE,Lentes de Sol,Alfani,,,,,UNIDAD,origen: ASUNCION=PC - Inventario.xlsx#8295@2026-08-03
ASU-105805,AC PAT FIJA NEGRO G1015 54-16-140 C1,PRODUCTO_STOCKEABLE,Armazones,Graffiti,,,,,UNIDAD,origen: ASUNCION=PC - Inventario.xlsx#1420@2026-08-03
ASU-105806,AC PAT FIJA NEGRO BOL2531 57-18-146 F1F13,PRODUCTO_STOCKEABLE,Lentes de Sol,Bosani,,,,,UNIDAD,origen: ASUNCION=PC - Inventario.xlsx#7867@2026-08-03
ASU-105816,AC PAT FLEX NEGRO K9884 55-16-142 C502,PRODUCTO_STOCKEABLE,Armazones,Steffani,,,,,UNIDAD,origen: ASUNCION=PC - Inventario.xlsx#7396@2026-08-03
ASU-105818,AC PAT FLEX NEGRO K9864 54-16-140 C502,PRODUCTO_STOCKEABLE,Armazones,Steffani,,,,,UNIDAD,origen: ASUNCION=PC - Inventario.xlsx#7393@2026-08-03
ASU-105821,AC PAT FIJA TRANSPARENTE BOL2517 135-145 BT,PRODUCTO_STOCKEABLE,Lentes de Sol,Bosani,,,,,UNIDAD,origen: ASUNCION=PC - Inventario.xlsx#7865@2026-08-03
ASU-105827,AC PAT FIJA MARRON BOC2014 57-18-142 CBT2,PRODUCTO_STOCKEABLE,Lentes de Sol,Bosani,,,,,UNIDAD,origen: ASUNCION=PC - Inventario.xlsx#8008@2026-08-03
ASU-105832,AC PAT FLEX ROSA K9868 56-18-145 C500,PRODUCTO_STOCKEABLE,Armazones,Steffani,,,,,UNIDAD,origen: ASUNCION=PC - Inventario.xlsx#7384@2026-08-03
ASU-105833,AC PAT FLEX ROSA K9884 55-16-142 C524,PRODUCTO_STOCKEABLE,Armazones,Steffani,,,,,UNIDAD,origen: ASUNCION=PC - Inventario.xlsx#7395@2026-08-03
ASU-105836,AH PAT FIJA NEGRO ESPEJADO BOL2521 167-120 B1F6,PRODUCTO_STOCKEABLE,Lentes de Sol,Bosani,,,,,UNIDAD,origen: ASUNCION=PC - Inventario.xlsx#7871@2026-08-03
ASU-105838,AC PAT FIJA VERDE BOL2504 55-18-145 BM4,PRODUCTO_STOCKEABLE,Lentes de Sol,Bosani,,,,,UNIDAD,origen: ASUNCION=PC - Inventario.xlsx#7860@2026-08-03
ASU-105839,AC PAT FIJA NEGRO AMARILLO BOL2519 156-130 F1F9,PRODUCTO_STOCKEABLE,Lentes de Sol,Bosani,,,,,UNIDAD,origen: ASUNCION=PC - Inventario.xlsx#7873@2026-08-03
ASU-105840,AC PAT FIJA LILA G1012 52-17-140 C4,PRODUCTO_STOCKEABLE,Armazones,Graffiti,,,,,UNIDAD,origen: ASUNCION=PC - Inventario.xlsx#1415@2026-08-03
ASU-105842,AC PAT FIJA NEGRO ESPEJADO BOL2519 156-130 B1B11,PRODUCTO_STOCKEABLE,Lentes de Sol,Bosani,,,,,UNIDAD,origen: ASUNCION=PC - Inventario.xlsx#7872@2026-08-03
ASU-105843,AC PAT FIJA NEGRO BOL2504 55-18-145 BT1,PRODUCTO_STOCKEABLE,Lentes de Sol,Bosani,,,,,UNIDAD,origen: ASUNCION=PC - Inventario.xlsx#7861@2026-08-03
ASU-105844,AH PAT FIJA LILA ESPEJADO BOL2520 156-130 BCT5,PRODUCTO_STOCKEABLE,Lentes de Sol,Bosani,,,,,UNIDAD,origen: ASUNCION=PC - Inventario.xlsx#7876@2026-08-03
ASU-105845,AC PAT FLEX NEGRO BOL2503 54-17-145 F1,PRODUCTO_STOCKEABLE,Lentes de Sol,Bosani,,,,,UNIDAD,origen: ASUNCION=PC - Inventario.xlsx#7862@2026-08-03
ASU-105846,AC PAT FIJA BEIGE BOC25022 52-21-144 COL.BC2,PRODUCTO_STOCKEABLE,Lentes de Sol,Bosani,,,,,UNIDAD,origen: ASUNCION=PC - Inventario.xlsx#7850@2026-08-03
ASU-105850,AC PAT FIJA ROSA BOL2516 146-128 BT7,PRODUCTO_STOCKEABLE,Lentes de Sol,Bosani,,,,,UNIDAD,origen: ASUNCION=PC - Inventario.xlsx#7875@2026-08-03
ASU-105851,AC PAT FIJA NEGRO BOL2513 56-18-140 F1,PRODUCTO_STOCKEABLE,Lentes de Sol,Bosani,,,,,UNIDAD,origen: ASUNCION=PC - Inventario.xlsx#7828@2026-08-03
ASU-105852,AC PAT FLEX TRANSPARENTE LE23012 49-19-140 C4,PRODUCTO_STOCKEABLE,Armazones,Graffiti,,,,,UNIDAD,origen: ASUNCION=PC - Inventario.xlsx#1409@2026-08-03
ASU-105853,AC PAT FIJA NEGRO BOL2516 146-128 F1,PRODUCTO_STOCKEABLE,Lentes de Sol,Bosani,,,,,UNIDAD,origen: ASUNCION=PC - Inventario.xlsx#7874@2026-08-03
ASU-105855,AC PAT FIJA TRANSPARENTE-CELESTE BOC25030 56-16-144 COLBT,PRODUCTO_STOCKEABLE,Lentes de Sol,Bosani,,,,,UNIDAD,origen: ASUNCION=PC - Inventario.xlsx#7855@2026-08-03
ASU-105856,AC PAT FIJA ROSADO BOL2510 55-18-148 FT7,PRODUCTO_STOCKEABLE,Lentes de Sol,Bosani,,,,,UNIDAD,origen: ASUNCION=PC - Inventario.xlsx#7829@2026-08-03
ASU-105861,AC PAT FIJA TRANSPARENTE G1010 54-16-140 C1,PRODUCTO_STOCKEABLE,Armazones,Graffiti,,,,,UNIDAD,origen: ASUNCION=PC - Inventario.xlsx#1406@2026-08-03
ASU-105865,AC PAT FIJA TRANSPARENTE BRILLO BOC25024 52-21-145 COLBCT6,PRODUCTO_STOCKEABLE,Lentes de Sol,Bosani,,,,,UNIDAD,origen: ASUNCION=PC - Inventario.xlsx#7852@2026-08-03
ASU-105866,AC PAT FIJA NEGRO BOC25030 56-16-144 COLF1TB1,PRODUCTO_STOCKEABLE,Lentes de Sol,Bosani,,,,,UNIDAD,origen: ASUNCION=PC - Inventario.xlsx#7854@2026-08-03
ASU-105870,AC PAT FIJA NEGRO BOL2515 55-21-145 B1F3,PRODUCTO_STOCKEABLE,Lentes de Sol,Bosani,,,,,UNIDAD,origen: ASUNCION=PC - Inventario.xlsx#7842@2026-08-03
ASU-105872,AC PAT FIJA MARRON-ROJO BOL2505 54-17-145 BT2,PRODUCTO_STOCKEABLE,Lentes de Sol,Bosani,,,,,UNIDAD,origen: ASUNCION=PC - Inventario.xlsx#7849@2026-08-03
ASU-105876,AC PAT FLEX NEGRO BOL2523 64-19-145 F1,PRODUCTO_STOCKEABLE,Lentes de Sol,Bosani,,,,,UNIDAD,origen: ASUNCION=PC - Inventario.xlsx#7840@2026-08-03
ASU-105879,AC PAT FIJA ROJO BOL2501 57-17-145 BT6,PRODUCTO_STOCKEABLE,Lentes de Sol,Bosani,,,,,UNIDAD,origen: ASUNCION=PC - Inventario.xlsx#7845@2026-08-03
ASU-105880,AC PAT FLEX DORADO BOL2528 53-22-150 BOF4,PRODUCTO_STOCKEABLE,Lentes de Sol,Bosani,,,,,UNIDAD,origen: ASUNCION=PC - Inventario.xlsx#7837@2026-08-03
ASU-105882,AC PAT FLEX NEGRO BOL2530 55-16-145 B1F13,PRODUCTO_STOCKEABLE,Lentes de Sol,Bosani,,,,,UNIDAD,origen: ASUNCION=PC - Inventario.xlsx#7835@2026-08-03
ASU-105885,AC PAT FIJA NEGRO BOL2533 71-12-140 F1F13,PRODUCTO_STOCKEABLE,Lentes de Sol,Bosani,,,,,UNIDAD,origen: ASUNCION=PC - Inventario.xlsx#7838@2026-08-03
ASU-105888,AC PAT FLEX NEGRO LE027 51-18-140 C1,PRODUCTO_STOCKEABLE,Armazones,Graffiti,,,,,UNIDAD,origen: ASUNCION=PC - Inventario.xlsx#1421@2026-08-03
ASU-105894,AC PAT FIJA MARRON BOL2533 71-12-140 B1F2,PRODUCTO_STOCKEABLE,Lentes de Sol,Bosani,,,,,UNIDAD,origen: ASUNCION=PC - Inventario.xlsx#7839@2026-08-03
ASU-105901,AC PAT FLEX VERDE G1015 4-16-140 C4,PRODUCTO_STOCKEABLE,Armazones,Graffiti,,,,,UNIDAD,origen: ASUNCION=PC - Inventario.xlsx#1424@2026-08-03
ASU-105905,AC PAT FLEX GRIS BA2505 55-17-140 B13,PRODUCTO_STOCKEABLE,Armazones,Bosani,,,,,UNIDAD,origen: ASUNCION=PC - Inventario.xlsx#1299@2026-08-03
ASU-105906,AC PAT FIJA GRIS BA2507 55-17-140 B13,PRODUCTO_STOCKEABLE,Armazones,Bosani,,,,,UNIDAD,origen: ASUNCION=PC - Inventario.xlsx#1300@2026-08-03
ASU-105911,AC PAT FLEX NEGRO-AZUL BA2508 54-16-140 F1F3,PRODUCTO_STOCKEABLE,Armazones,Bosani,,,,,UNIDAD,origen: ASUNCION=PC - Inventario.xlsx#1302@2026-08-03
ASU-105914,AC PAT FIJA LILA G1010 54-16-140 C4,PRODUCTO_STOCKEABLE,Armazones,Graffiti,,,,,UNIDAD,origen: ASUNCION=PC - Inventario.xlsx#1416@2026-08-03
ASU-105917,AC PAT FLEX BLANCO LE6446 55-16-140 C4,PRODUCTO_STOCKEABLE,Armazones,Graffiti,,,,,UNIDAD,origen: ASUNCION=PC - Inventario.xlsx#1449@2026-08-03
ASU-105918,AC PAT FLEX NEGRO K9867 56-19-142 C602,PRODUCTO_STOCKEABLE,Armazones,Steffani,,,,,UNIDAD,origen: ASUNCION=PC - Inventario.xlsx#1520@2026-08-03
ASU-105919,AC PAT FLEX AZUL H3107 54-17-145 C609,PRODUCTO_STOCKEABLE,Armazones,Unicity,,,,,UNIDAD,origen: ASUNCION=PC - Inventario.xlsx#1544@2026-08-03
ASU-105921,AC PAT FIJA AZUL G1002 54-17-140 C2,PRODUCTO_STOCKEABLE,Armazones,Graffiti,,,,,UNIDAD,origen: ASUNCION=PC - Inventario.xlsx#1427@2026-08-03
ASU-105927,AC PAT FIJA AZUL CLIP-ON NG1922 54-16-146 C4,PRODUCTO_STOCKEABLE,Armazones,Niquel & Gold,,,,,UNIDAD,origen: ASUNCION=PC - Inventario.xlsx#1456@2026-08-03
ASU-105928,AC PAT FLEX ROSA HG7034 55-16-140 C1,PRODUCTO_STOCKEABLE,Armazones,Graffiti,,,,,UNIDAD,origen: ASUNCION=PC - Inventario.xlsx#1445@2026-08-03
ASU-105929,AC PAT FIJA AZUL G1005 54-17-140 C3,PRODUCTO_STOCKEABLE,Armazones,Graffiti,,,,,UNIDAD,origen: ASUNCION=PC - Inventario.xlsx#1227@2026-08-03
ASU-105930,AC PAT FLEX NUDE CLIP-ON B23109 54-17-140 C3,PRODUCTO_STOCKEABLE,Armazones,Niquel & Gold,,,,,UNIDAD,origen: ASUNCION=PC - Inventario.xlsx#1454@2026-08-03
ASU-105931,AC PAT FLEX NEGRO KAS3089 55-19-143 C1,PRODUCTO_STOCKEABLE,Armazones,Graffiti,,,,,UNIDAD,origen: ASUNCION=PC - Inventario.xlsx#1226@2026-08-03
ASU-105934,AC PAT FLEX NEGRO CLIP-ON T3521 53-18-142 C1,PRODUCTO_STOCKEABLE,Armazones,Niquel & Gold,,,,,UNIDAD,origen: ASUNCION=PC - Inventario.xlsx#1452@2026-08-03
ASU-105938,AC PAT FLEX GRIS K9927 54-17-142 C817,PRODUCTO_STOCKEABLE,Armazones,Steffani,,,,,UNIDAD,origen: ASUNCION=PC - Inventario.xlsx#1476@2026-08-03
ASU-105940,AC PAT FIJA ROJO CLIP-ON NG2012 51-18-143 C6,PRODUCTO_STOCKEABLE,Armazones,Niquel & Gold,,,,,UNIDAD,origen: ASUNCION=PC - Inventario.xlsx#1457@2026-08-03
ASU-105946,AC PAT FLEX VERDE LE23007 49-18-140 C3,PRODUCTO_STOCKEABLE,Armazones,Graffiti,,,,,UNIDAD,origen: ASUNCION=PC - Inventario.xlsx#1432@2026-08-03
ASU-105951,AC PAT FIJA MARRON G1005 54-17-140 C4,PRODUCTO_STOCKEABLE,Armazones,Graffiti,,,,,UNIDAD,origen: ASUNCION=PC - Inventario.xlsx#1431@2026-08-03
ASU-105959,AC PAT FIJA AZUL-ROSA BT0009 51-17-140 C2,PRODUCTO_STOCKEABLE,Armazones,Graffiti,,,,,UNIDAD,origen: ASUNCION=PC - Inventario.xlsx#1222@2026-08-03
ASU-105963,AC PAT FLEX BLANCO H2410 53-17-140 C612,PRODUCTO_STOCKEABLE,Armazones,Unicity,,,,,UNIDAD,origen: ASUNCION=PC - Inventario.xlsx#1560@2026-08-03
ASU-105970,AC PAT FIJA MARRON DP1026B 51-17-140 C4,PRODUCTO_STOCKEABLE,Armazones,Graffiti,,,,,UNIDAD,origen: ASUNCION=PC - Inventario.xlsx#1434@2026-08-03
ASU-105971,AC PAT FLEX MARRON HG7034 55-16-140 C3,PRODUCTO_STOCKEABLE,Armazones,Graffiti,,,,,UNIDAD,origen: ASUNCION=PC - Inventario.xlsx#1433@2026-08-03
ASU-105972,AC PAT FLEX BORDO DP1028A 53-17-140 C2,PRODUCTO_STOCKEABLE,Armazones,Graffiti,,,,,UNIDAD,origen: ASUNCION=PC - Inventario.xlsx#1447@2026-08-03
ASU-105975,AC PAT FLEX NEGRO HG6089 54-17-140 C4,PRODUCTO_STOCKEABLE,Armazones,Graffiti,,,,,UNIDAD,origen: ASUNCION=PC - Inventario.xlsx#1439@2026-08-03
ASU-105977,AC PAT FLEX NEGRO LE6445 55-16-140 C1,PRODUCTO_STOCKEABLE,Armazones,Graffiti,,,,,UNIDAD,origen: ASUNCION=PC - Inventario.xlsx#1438@2026-08-03
ASU-105978,AC PAT FLEX FUCSIA VOS3414 50-19-142 C3,PRODUCTO_STOCKEABLE,Armazones,Graffiti,,,,,UNIDAD,origen: ASUNCION=PC - Inventario.xlsx#1225@2026-08-03
ASU-105980,AC PAT FIJA TRANSPARENTE G1003 54-16-145 C2,PRODUCTO_STOCKEABLE,Armazones,Graffiti,,,,,UNIDAD,origen: ASUNCION=PC - Inventario.xlsx#1430@2026-08-03
ASU-105982,AC PAT FLEX ROJO CLIP-ON T3521 53-18-142 C4,PRODUCTO_STOCKEABLE,Armazones,Niquel & Gold,,,,,UNIDAD,origen: ASUNCION=PC - Inventario.xlsx#1453@2026-08-03
ASU-105989,AC PAT FLEX GRIS K9911 54-21-147 C13,PRODUCTO_STOCKEABLE,Armazones,Steffani,,,,,UNIDAD,origen: ASUNCION=PC - Inventario.xlsx#1487@2026-08-03
ASU-105997,AC PAT FLEX NEGRO K9853 57-19-145 C208,PRODUCTO_STOCKEABLE,Armazones,Steffani,,,,,UNIDAD,origen: ASUNCION=PC - Inventario.xlsx#1492@2026-08-03
ASU-106002,AC PAT FLEX BORDO K9926 55-17-142 C803,PRODUCTO_STOCKEABLE,Armazones,Steffani,,,,,UNIDAD,origen: ASUNCION=PC - Inventario.xlsx#1475@2026-08-03
ASU-106003,AC PAT FLEX TRANSPARENTE K9846 55-16-144 C519,PRODUCTO_STOCKEABLE,Armazones,Steffani,,,,,UNIDAD,origen: ASUNCION=PC - Inventario.xlsx#1478@2026-08-03
ASU-106007,AC PAT FIJA NEGRO K9877 51-20-145 C200,PRODUCTO_STOCKEABLE,Armazones,Steffani,,,,,UNIDAD,origen: ASUNCION=PC - Inventario.xlsx#1524@2026-08-03
ASU-106009,AC PAT FLEX NEGRO K9514 53-16-140 C602,PRODUCTO_STOCKEABLE,Armazones,Steffani,,,,,UNIDAD,origen: ASUNCION=PC - Inventario.xlsx#1521@2026-08-03
ASU-106017,AC PAT FLEX DORADO H3365 54-21-145 C606,PRODUCTO_STOCKEABLE,Armazones,Unicity,,,,,UNIDAD,origen: ASUNCION=PC - Inventario.xlsx#1535@2026-08-03
ASU-106019,AC PAT FLEX NEGRO H3365 54-21-145 C607,PRODUCTO_STOCKEABLE,Armazones,Unicity,,,,,UNIDAD,origen: ASUNCION=PC - Inventario.xlsx#1534@2026-08-03
ASU-106025,AC PAT FLEX AZUL K9886 52-1-145 C800,PRODUCTO_STOCKEABLE,Armazones,Steffani,,,,,UNIDAD,origen: ASUNCION=PC - Inventario.xlsx#1461@2026-08-03
ASU-106037,AC PAT FLEX LILA K9382 54-18-140 C948,PRODUCTO_STOCKEABLE,Armazones,Steffani,,,,,UNIDAD,origen: ASUNCION=PC - Inventario.xlsx#1483@2026-08-03
ASU-106041,AH PAT FIJA NEGRO K9855 56-17-144 C200,PRODUCTO_STOCKEABLE,Armazones,Steffani,,,,,UNIDAD,origen: ASUNCION=PC - Inventario.xlsx#1511@2026-08-03
ASU-106042,AC PAT FLEX MARRON K9892 54-17-140 C529,PRODUCTO_STOCKEABLE,Armazones,Steffani,,,,,UNIDAD,origen: ASUNCION=PC - Inventario.xlsx#1500@2026-08-03
ASU-106043,AC PAT FLEX GRIS K9865 52-17-143 C608,PRODUCTO_STOCKEABLE,Armazones,Steffani,,,,,UNIDAD,origen: ASUNCION=PC - Inventario.xlsx#1494@2026-08-03
ASU-106045,AC PAT FLEX NEGRO K9865 52-17-143 C502,PRODUCTO_STOCKEABLE,Armazones,Steffani,,,,,UNIDAD,origen: ASUNCION=PC - Inventario.xlsx#1495@2026-08-03
ASU-106051,AC PAT FLEX ROSA K9927 54-17-142 C820,PRODUCTO_STOCKEABLE,Armazones,Steffani,,,,,UNIDAD,origen: ASUNCION=PC - Inventario.xlsx#1472@2026-08-03
ASU-106052,AC PAT FLEX VERDE K9846 55-16-144 C526,PRODUCTO_STOCKEABLE,Armazones,Steffani,,,,,UNIDAD,origen: ASUNCION=PC - Inventario.xlsx#1471@2026-08-03
ASU-106053,AC PAT FLEX MARRON K9799 54-16-140 C510,PRODUCTO_STOCKEABLE,Armazones,Steffani,,,,,UNIDAD,origen: ASUNCION=PC - Inventario.xlsx#1468@2026-08-03
ASU-106055,AC PAT FLEX AZUL K9867 56-19-142 C607,PRODUCTO_STOCKEABLE,Armazones,Steffani,,,,,UNIDAD,origen: ASUNCION=PC - Inventario.xlsx#1528@2026-08-03
ASU-106062,AC PAT FLEX NEGRO K9853 57-19-145 C207,PRODUCTO_STOCKEABLE,Armazones,Steffani,,,,,UNIDAD,origen: ASUNCION=PC - Inventario.xlsx#1501@2026-08-03
ASU-106064,AC PAT FLEX AZUL K9853 57-19-145 C702,PRODUCTO_STOCKEABLE,Armazones,Steffani,,,,,UNIDAD,origen: ASUNCION=PC - Inventario.xlsx#1493@2026-08-03
ASU-106072,AC PAT FLEX GRIS K9927 54-17-142 C827,PRODUCTO_STOCKEABLE,Armazones,Steffani,,,,,UNIDAD,origen: ASUNCION=PC - Inventario.xlsx#1477@2026-08-03
ASU-106077,AC PAT FLEX AZUL V1332 51-22-145 C700,PRODUCTO_STOCKEABLE,Armazones,Vicrola,,,,,UNIDAD,origen: ASUNCION=PC - Inventario.xlsx#1581@2026-08-03
ASU-106078,AH PAT FLEX MARRON K8930 51-18-135 C39,PRODUCTO_STOCKEABLE,Armazones,Steffani,,,,,UNIDAD,origen: ASUNCION=PC - Inventario.xlsx#1601@2026-08-03
ASU-106079,AC PAT FLEX NEGRO V1336 57-17-155 C800,PRODUCTO_STOCKEABLE,Armazones,Vicrola,,,,,UNIDAD,origen: ASUNCION=PC - Inventario.xlsx#1583@2026-08-03
ASU-106085,AC PAT FLEX AZUL V1268 52-15-140 C109,PRODUCTO_STOCKEABLE,Armazones,Vicrola,,,,,UNIDAD,origen: ASUNCION=PC - Inventario.xlsx#1579@2026-08-03
ASU-106086,AC PAT FLEX NEGRO V1332 51-22-145 C200,PRODUCTO_STOCKEABLE,Armazones,Vicrola,,,,,UNIDAD,origen: ASUNCION=PC - Inventario.xlsx#1582@2026-08-03
ASU-106107,AC PAT FLEX NEGRO H2431 50-15-135 C602,PRODUCTO_STOCKEABLE,Armazones,Unicity,,,,,UNIDAD,origen: ASUNCION=PC - Inventario.xlsx#1592@2026-08-03
ASU-106119,AC PAT FLEX AZUL BA2210 54-17-140 FE3,PRODUCTO_STOCKEABLE,Armazones,Bacchio,,,,,UNIDAD,origen: ASUNCION=PC - Inventario.xlsx#1261@2026-08-03
ASU-106132,AC PAT FLEX NEGRO BA2210 54-17-140 F1,PRODUCTO_STOCKEABLE,Armazones,Bacchio,,,,,UNIDAD,origen: ASUNCION=PC - Inventario.xlsx#1262@2026-08-03
ASU-106134,AC PAT FLEX PLATEADO K8919 50-17-135 C5,PRODUCTO_STOCKEABLE,Armazones,Steffani,,,,,UNIDAD,origen: ASUNCION=PC - Inventario.xlsx#1604@2026-08-03
ASU-106136,AC PAT FLEX ROSA 4125 50-17-135 TK7,PRODUCTO_STOCKEABLE,Armazones,Hanis,,,,,UNIDAD,origen: ASUNCION=PC - Inventario.xlsx#1253@2026-08-03
ASU-106139,AH PAT FLEX DORADO BA2303 54-17-140 CBK0,PRODUCTO_STOCKEABLE,Armazones,Bacchio,,,,,UNIDAD,origen: ASUNCION=PC - Inventario.xlsx#1265@2026-08-03
ASU-106142,AC PAT FIJA MARRON V1352 56-17-142 C504,PRODUCTO_STOCKEABLE,Armazones,Vicrola,,,,,UNIDAD,origen: ASUNCION=PC - Inventario.xlsx#1569@2026-08-03
ASU-106144,AH PAT FLEX PLATEADO K8930 51-18-135 C34,PRODUCTO_STOCKEABLE,Armazones,Steffani,,,,,UNIDAD,origen: ASUNCION=PC - Inventario.xlsx#1600@2026-08-03
ASU-106149,AC PAT FLEX NEGRO H2430 49-16-135 C609,PRODUCTO_STOCKEABLE,Armazones,Unicity,,,,,UNIDAD,origen: ASUNCION=PC - Inventario.xlsx#1587@2026-08-03
ASU-106154,AC PAT FLEX NEGRO H2430 49-16-135 C603,PRODUCTO_STOCKEABLE,Armazones,Unicity,,,,,UNIDAD,origen: ASUNCION=PC - Inventario.xlsx#1588@2026-08-03
ASU-106155,C PAT FLEX NEGRO H-G5132 56-17-145 C1,PRODUCTO_STOCKEABLE,Armazones,Hanis,,,,,UNIDAD,origen: ASUNCION=PC - Inventario.xlsx#443@2026-08-03
ASU-106157,AC PAT FLEX MARRON K9941 55-17-145 C817,PRODUCTO_STOCKEABLE,Armazones,Steffani,,,,,UNIDAD,origen: ASUNCION=PC - Inventario.xlsx#1137@2026-08-03
ASU-106159,AC PAT FLEX AZUL PLD D557 PJP 140,PRODUCTO_STOCKEABLE,Armazones,Polaroid,,,,,UNIDAD,origen: ASUNCION=PC - Inventario.xlsx#1071@2026-08-03
ASU-106161,AC PAT FIJA NEGRO-ROJO BOL2515 55-21-145 B1F7,PRODUCTO_STOCKEABLE,Lentes de Sol,Bosani,,,,,UNIDAD,origen: ASUNCION=PC - Inventario.xlsx#7811@2026-08-03
ASU-106162,AC PAT FIJA NEGRO WAYFARER RB 2140 901/58 50-22-150,PRODUCTO_STOCKEABLE,Lentes de Sol,Rayban,,,,,UNIDAD,origen: ASUNCION=PC - Inventario.xlsx#7826@2026-08-03
ASU-106165,AC PAT FIJA ROSA TF 2244 8393 55-16-140,PRODUCTO_STOCKEABLE,Armazones,Tiffany,,,,,UNIDAD,origen: ASUNCION=PC - Inventario.xlsx#1092@2026-08-03
ASU-106167,AC PAT FIJA GRIS TRANSPARENTE 52-20 360 KB7 150,PRODUCTO_STOCKEABLE,Armazones,Carrera,,,,,UNIDAD,origen: ASUNCION=PC - Inventario.xlsx#1090@2026-08-03
ASU-106170,AH PAT FIJA GRIS BW5041-H 001 55-17-145,PRODUCTO_STOCKEABLE,Armazones,BMW Motorsport,,,,,UNIDAD,origen: ASUNCION=PC - Inventario.xlsx#1097@2026-08-03
ASU-106173,AC PAT FIJA MARRON GG1859O 003 50-21-145,PRODUCTO_STOCKEABLE,Armazones,Gucci,,,,,UNIDAD,origen: ASUNCION=PC - Inventario.xlsx#1096@2026-08-03
ASU-106176,AC PAT FIJA MARRON BOC25023 52-20-144 COLBET2,PRODUCTO_STOCKEABLE,Lentes de Sol,Bosani,,,,,UNIDAD,origen: ASUNCION=PC - Inventario.xlsx#7883@2026-08-03
ASU-106179,AH PAT FLEX ROSA BA2303 54-17-140 CBK7,PRODUCTO_STOCKEABLE,Armazones,Bacchio,,,,,UNIDAD,origen: ASUNCION=PC - Inventario.xlsx#1266@2026-08-03
ASU-106180,AC PAT FLEX ROSA K9907 54-17-142 C26,PRODUCTO_STOCKEABLE,Armazones,Steffani,,,,,UNIDAD,origen: ASUNCION=PC - Inventario.xlsx#1133@2026-08-03
ASU-106181,AC PAT FLEX NEGRO K9935 55-16-142 C811,PRODUCTO_STOCKEABLE,Armazones,Steffani,,,,,UNIDAD,origen: ASUNCION=PC - Inventario.xlsx#1115@2026-08-03
ASU-106182,AC PAT FIJA NEGRO RB 7159 2000 52-20-145,PRODUCTO_STOCKEABLE,Armazones,Rayban,,,,,UNIDAD,origen: ASUNCION=PC - Inventario.xlsx#1111@2026-08-03
ASU-106183,AC PAT FLEX NEGRO K9935 55-16-142 C814,PRODUCTO_STOCKEABLE,Armazones,Steffani,,,,,UNIDAD,origen: ASUNCION=PC - Inventario.xlsx#1116@2026-08-03
ASU-106184,AC PAT FLEX AZUL V1320 54-18-145 C700,PRODUCTO_STOCKEABLE,Armazones,Vicrola,,,,,UNIDAD,origen: ASUNCION=PC - Inventario.xlsx#1188@2026-08-03
ASU-106186,AC PAT FLEX ROSA PLD  D557 FWM 140,PRODUCTO_STOCKEABLE,Armazones,Polaroid,,,,,UNIDAD,origen: ASUNCION=PC - Inventario.xlsx#444@2026-08-03
ASU-106187,AC PAT FLEX NEGRO V1320 54-18-145 C800,PRODUCTO_STOCKEABLE,Armazones,Vicrola,,,,,UNIDAD,origen: ASUNCION=PC - Inventario.xlsx#1189@2026-08-03
ASU-106191,AC PAT FIJA NEGRO BOC25008 60-15-145 COLF1,PRODUCTO_STOCKEABLE,Lentes de Sol,Bosani,,,,,UNIDAD,origen: ASUNCION=PC - Inventario.xlsx#7906@2026-08-03
ASU-106192,AC PAT FLEX NEGRO BA2017 54-18-140 D1,PRODUCTO_STOCKEABLE,Armazones,Bacchio,,,,,UNIDAD,origen: ASUNCION=PC - Inventario.xlsx#1267@2026-08-03
ASU-106193,AC PAT FLEX GRIS H3468 55-16-142 C607,PRODUCTO_STOCKEABLE,Armazones,Unicity,,,,,UNIDAD,origen: ASUNCION=PC - Inventario.xlsx#1200@2026-08-03
ASU-106194,AC PAT FIJA NEGRO-AMARILLO BOL2505 54-17-145 B1,PRODUCTO_STOCKEABLE,Lentes de Sol,Bosani,,,,,UNIDAD,origen: ASUNCION=PC - Inventario.xlsx#7806@2026-08-03
ASU-106195,AC PAT FLEX LILA BAAA043 51-17-137 C70,PRODUCTO_STOCKEABLE,Armazones,Barbie,,,,,UNIDAD,origen: ASUNCION=PC - Inventario.xlsx#458@2026-08-03
ASU-106198,AC PAT FIJA LILA BOL2512 54-16-145 BTS,PRODUCTO_STOCKEABLE,Lentes de Sol,Bosani,,,,,UNIDAD,origen: ASUNCION=PC - Inventario.xlsx#7897@2026-08-03
ASU-106201,AC PAT FIJA TRANSPARENTE OX8166 0254 54-16-140,PRODUCTO_STOCKEABLE,Armazones,Oakley,,,,,UNIDAD,origen: ASUNCION=PC - Inventario.xlsx#1088@2026-08-03
ASU-106206,AC PAT FIJA NEGRO BOL2517 135-145 F1,PRODUCTO_STOCKEABLE,Lentes de Sol,Bosani,,,,,UNIDAD,origen: ASUNCION=PC - Inventario.xlsx#7802@2026-08-03
ASU-106209,AC PAT FIJA NEGRO RB 5442D 2000 52-18-145,PRODUCTO_STOCKEABLE,Armazones,Rayban,,,,,UNIDAD,origen: ASUNCION=PC - Inventario.xlsx#1114@2026-08-03
ASU-106210,AC PAT FIJA PLATEADO DCP23003 59-16-144 CCET13,PRODUCTO_STOCKEABLE,Lentes de Sol,Discovery,,,,,UNIDAD,origen: ASUNCION=PC - Inventario.xlsx#7809@2026-08-03
ASU-106211,AC PAT FLEX NEGRO HD50038 002 54-17-140,PRODUCTO_STOCKEABLE,Armazones,Harley Davidson,,,,,UNIDAD,origen: ASUNCION=PC - Inventario.xlsx#448@2026-08-03
ASU-106212,AC PAT FIJA ROSA MK 4150U 4015 54-17-140,PRODUCTO_STOCKEABLE,Armazones,Michael Kors,,,,,UNIDAD,origen: ASUNCION=PC - Inventario.xlsx#1101@2026-08-03
ASU-106213,AC PAT FIJA ANIMAL PRINT BW5037 053 54-18-150,PRODUCTO_STOCKEABLE,Armazones,BMW Motorsport,,,,,UNIDAD,origen: ASUNCION=PC - Inventario.xlsx#1098@2026-08-03
ASU-106214,AC PAT FIJA NEGRO RB 6448 2509 54-21-145,PRODUCTO_STOCKEABLE,Armazones,Rayban,,,,,UNIDAD,origen: ASUNCION=PC - Inventario.xlsx#1105@2026-08-03
ASU-106215,AC PAT FIJA NEGRO K9907 54-17-142 C824,PRODUCTO_STOCKEABLE,Armazones,Steffani,,,,,UNIDAD,origen: ASUNCION=PC - Inventario.xlsx#1126@2026-08-03
ASU-106216,AC PAT FIJA NEGRO TF 2266 8001 53-17-140,PRODUCTO_STOCKEABLE,Armazones,Tiffany,,,,,UNIDAD,origen: ASUNCION=PC - Inventario.xlsx#1093@2026-08-03
ASU-106218,AC PAT FIJA NEGRO SP5036 005 54-16-145,PRODUCTO_STOCKEABLE,Armazones,Adidas,,,,,UNIDAD,origen: ASUNCION=PC - Inventario.xlsx#1067@2026-08-03
ASU-106227,AC PAT FIJA GRIS DCP23031 57-17-146 COLCF13,PRODUCTO_STOCKEABLE,Lentes de Sol,Discovery,,,,,UNIDAD,origen: ASUNCION=PC - Inventario.xlsx#7903@2026-08-03
ASU-106230,AC PAT FLEX ROSA K9907 54-17-142 C13,PRODUCTO_STOCKEABLE,Armazones,Steffani,,,,,UNIDAD,origen: ASUNCION=PC - Inventario.xlsx#1127@2026-08-03
ASU-106234,AC PAT FLEX ANIMAL PRINT GU9224 052 49-14-135,PRODUCTO_STOCKEABLE,Armazones,Guess,,,,,UNIDAD,origen: ASUNCION=PC - Inventario.xlsx#1084@2026-08-03
ASU-106235,AC PAT FLEX MARRON K9370 C964,PRODUCTO_STOCKEABLE,Armazones,Steffani,,,,,UNIDAD,origen: ASUNCION=PC - Inventario.xlsx#463@2026-08-03
ASU-106238,AC PAT FIJA NEGRO VICTORY C 11 146 145,PRODUCTO_STOCKEABLE,Armazones,Carrera,,,,,UNIDAD,origen: ASUNCION=PC - Inventario.xlsx#1091@2026-08-03
ASU-106239,AC PAT FIJA TRANSPARENTE VMU 01V 52-21-135,PRODUCTO_STOCKEABLE,Armazones,Miu miu,,,,,UNIDAD,origen: ASUNCION=PC - Inventario.xlsx#1103@2026-08-03
ASU-106240,AC PAT FIJA ROSA VMU 01V 52-21-135,PRODUCTO_STOCKEABLE,Armazones,Miu miu,,,,,UNIDAD,origen: ASUNCION=PC - Inventario.xlsx#1102@2026-08-03
ASU-106242,AH PAT FLEX NEGRO GU2873 002 56-16-140,PRODUCTO_STOCKEABLE,Armazones,Guess,,,,,UNIDAD,origen: ASUNCION=PC - Inventario.xlsx#1081@2026-08-03
ASU-106244,AC PAT FIJA NEGRO SK 2048 1001 52-19-140,PRODUCTO_STOCKEABLE,Armazones,Swarovski,,,,,UNIDAD,origen: ASUNCION=PC - Inventario.xlsx#1094@2026-08-03
ASU-106246,AC PAT FLEX TRANSPARENTE FZ 8016U 529 53-18-145,PRODUCTO_STOCKEABLE,Armazones,Ferrari,,,,,UNIDAD,origen: ASUNCION=PC - Inventario.xlsx#1086@2026-08-03
ASU-106247,AC PAT FLEX ROSA GU9224 072 49-14-135,PRODUCTO_STOCKEABLE,Armazones,Guess,,,,,UNIDAD,origen: ASUNCION=PC - Inventario.xlsx#1085@2026-08-03
ASU-106248,AC PAT FIJA NEGRO 52-20 360 284 150,PRODUCTO_STOCKEABLE,Armazones,Carrera,,,,,UNIDAD,origen: ASUNCION=PC - Inventario.xlsx#1089@2026-08-03
ASU-106249,AC PAT FIJA FUCSIA  VO 5632-B 2989 53-17-140,PRODUCTO_STOCKEABLE,Armazones,Vogue,,,,,UNIDAD,origen: ASUNCION=PC - Inventario.xlsx#1077@2026-08-03
ASU-106250,AC PAT FIJA NEGRO-ROJO RB 7307-M F602 55-17-145,PRODUCTO_STOCKEABLE,Armazones,Rayban,,,,,UNIDAD,origen: ASUNCION=PC - Inventario.xlsx#1113@2026-08-03
ASU-106252,AC PAT FLEX NEGRO TB50009 001 53-14-140,PRODUCTO_STOCKEABLE,Armazones,Timberland,,,,,UNIDAD,origen: ASUNCION=PC - Inventario.xlsx#1061@2026-08-03
ASU-106254,AC PAT FLEX MARRON K9914 54-17-140 C28,PRODUCTO_STOCKEABLE,Armazones,Steffani,,,,,UNIDAD,origen: ASUNCION=PC - Inventario.xlsx#1136@2026-08-03
ASU-106257,AC PAT FLEX ROSA GU8253 057 53-19-145,PRODUCTO_STOCKEABLE,Armazones,Guess,,,,,UNIDAD,origen: ASUNCION=PC - Inventario.xlsx#1083@2026-08-03
ASU-106259,AH PAT FIJA PLATEADO PLD D571/G CTL 145,PRODUCTO_STOCKEABLE,Armazones,Polaroid,,,,,UNIDAD,origen: ASUNCION=PC - Inventario.xlsx#450@2026-08-03
ASU-106266,AC PAT FLEX TRANSPARENTE B5754 49-20-140 C512,PRODUCTO_STOCKEABLE,Lentes de Sol,Alfani,,,,,UNIDAD,origen: ASUNCION=PC - Inventario.xlsx#7820@2026-08-03
ASU-106269,AC PAT FLEX AZUL LAMM298 54-16-140 C67,PRODUCTO_STOCKEABLE,Armazones,Lapo,,,,,UNIDAD,origen: ASUNCION=PC - Inventario.xlsx#1639@2026-08-03
ASU-106273,AC PAT FIJA ANIMAL PRINT VPR B04 53-17-140,PRODUCTO_STOCKEABLE,Armazones,Prada,,,,,UNIDAD,origen: ASUNCION=PC - Inventario.xlsx#1099@2026-08-03
ASU-106276,AC PAT FIJA ROSA RB 3647-N 9069/A5 51-22-145,PRODUCTO_STOCKEABLE,Lentes de Sol,Rayban,,,,,UNIDAD,origen: ASUNCION=PC - Inventario.xlsx#7824@2026-08-03
ASU-106277,AC PAT FLEX NEGRO HD0891 001 55-16-145,PRODUCTO_STOCKEABLE,Armazones,Harley Davidson,,,,,UNIDAD,origen: ASUNCION=PC - Inventario.xlsx#1058@2026-08-03
ASU-106281,AC PAT FIJA DORADO RB 3025 AVIATOR LARGE METAL 001/58 58-14-135,PRODUCTO_STOCKEABLE,Lentes de Sol,Rayban,,,,,UNIDAD,origen: ASUNCION=PC - Inventario.xlsx#7821@2026-08-03
ASU-106283,AC PAT FLEX NEGRO-ROSA-DORADO GU50249 005 55-14-140,PRODUCTO_STOCKEABLE,Armazones,Guess,,,,,UNIDAD,origen: ASUNCION=PC - Inventario.xlsx#1080@2026-08-03
ASU-106284,AC PAT FIJA PLATEADO RB 6489 AVIATOR METAL II 2501 58-14-140,PRODUCTO_STOCKEABLE,Armazones,Rayban,,,,,UNIDAD,origen: ASUNCION=PC - Inventario.xlsx#445@2026-08-03
ASU-106285,AC PAT FLEX AZUL TB50014 091 53-19-145,PRODUCTO_STOCKEABLE,Armazones,Timberland,,,,,UNIDAD,origen: ASUNCION=PC - Inventario.xlsx#1063@2026-08-03
ASU-106290,AC PAT FIJA DORADO RB 6489 AVIATOR METAL II 2500 58-14-140,PRODUCTO_STOCKEABLE,Armazones,Rayban,,,,,UNIDAD,origen: ASUNCION=PC - Inventario.xlsx#1104@2026-08-03
ASU-106291,AC PAT FLEX MARRON K9936 55-16-142 C817,PRODUCTO_STOCKEABLE,Armazones,Steffani,,,,,UNIDAD,origen: ASUNCION=PC - Inventario.xlsx#1131@2026-08-03
ASU-106294,AC PAT FIJA NEGRO RB 3746V 2509 56-20-145,PRODUCTO_STOCKEABLE,Armazones,Rayban,,,,,UNIDAD,origen: ASUNCION=PC - Inventario.xlsx#1108@2026-08-03
ASU-106295,AC PAT FIJA NARANJA RB 7140 8124 51-20-150,PRODUCTO_STOCKEABLE,Armazones,Rayban,,,,,UNIDAD,origen: ASUNCION=PC - Inventario.xlsx#1112@2026-08-03
ASU-106296,AC PAT FIJA DORADO RB 1969V RECTANGLE 3086 54-19-145,PRODUCTO_STOCKEABLE,Armazones,Rayban,,,,,UNIDAD,origen: ASUNCION=PC - Inventario.xlsx#1107@2026-08-03
ASU-106300,AC PAT FIJA TRANSPARENTE K9907 54-17-142 C19,PRODUCTO_STOCKEABLE,Armazones,Steffani,,,,,UNIDAD,origen: ASUNCION=PC - Inventario.xlsx#1120@2026-08-03
ASU-106302,AC PAT FIJA DORADO-NEGRO RB 3447V ROUND METAL 2991 50-21-145,PRODUCTO_STOCKEABLE,Armazones,Rayban,,,,,UNIDAD,origen: ASUNCION=PC - Inventario.xlsx#1106@2026-08-03
ASU-106303,AC PAT FIJA DORADO RB 3548-N 9123/3M 51-21-145,PRODUCTO_STOCKEABLE,Lentes de Sol,Rayban,,,,,UNIDAD,origen: ASUNCION=PC - Inventario.xlsx#7823@2026-08-03
ASU-106304,AT PAT FLEX PLATEADO TB1800 006 55-15-145,PRODUCTO_STOCKEABLE,Armazones,Timberland,,,,,UNIDAD,origen: ASUNCION=PC - Inventario.xlsx#1064@2026-08-03
ASU-106306,AC PAT FLEX ANIMAL PRINT TB1776-H 098 53-17-145,PRODUCTO_STOCKEABLE,Armazones,Timberland,,,,,UNIDAD,origen: ASUNCION=PC - Inventario.xlsx#1059@2026-08-03
ASU-106308,AC PAT FLEX ROSA GU50271 028 49-16-140,PRODUCTO_STOCKEABLE,Armazones,Guess,,,,,UNIDAD,origen: ASUNCION=PC - Inventario.xlsx#1079@2026-08-03
ASU-106310,AC  PAT FIJA MARRON VO 4280-T 5192 51-18-140,PRODUCTO_STOCKEABLE,Armazones,Vogue,,,,,UNIDAD,origen: ASUNCION=PC - Inventario.xlsx#1074@2026-08-03
ASU-106313,AT PAT FLEX NEGRO HD0964 002 54-19-145,PRODUCTO_STOCKEABLE,Armazones,Harley Davidson,,,,,UNIDAD,origen: ASUNCION=PC - Inventario.xlsx#1057@2026-08-03
ASU-106315,AH PAT FLEX ROSA K9931 54-17-142 C818,PRODUCTO_STOCKEABLE,Armazones,Steffani,,,,,UNIDAD,origen: ASUNCION=PC - Inventario.xlsx#1162@2026-08-03
ASU-106317,AC PAT FLEX NEGRO V1343 54-16-140 C502,PRODUCTO_STOCKEABLE,Armazones,Vicrola,,,,,UNIDAD,origen: ASUNCION=PC - Inventario.xlsx#1170@2026-08-03
ASU-106319,AC PAT FLEX FUCSIA HK GG025 47-15-127 C71,PRODUCTO_STOCKEABLE,Armazones,Hello Kitty,,,,,UNIDAD,origen: ASUNCION=PC - Inventario.xlsx#464@2026-08-03
ASU-106327,AC PAT FLEX AZUL H3468 55-16-142 C609,PRODUCTO_STOCKEABLE,Armazones,Unicity,,,,,UNIDAD,origen: ASUNCION=PC - Inventario.xlsx#1201@2026-08-03
ASU-106332,AC PAT FIJA TRANSPARENTE ROSA BOC25024 52-21-145 COLBCT6,PRODUCTO_STOCKEABLE,Lentes de Sol,Bosani,,,,,UNIDAD,origen: ASUNCION=PC - Inventario.xlsx#7881@2026-08-03
ASU-106333,AC PAT FIJA AZUL OSCURO DEP-863,PRODUCTO_STOCKEABLE,Armazones,Proray,,,,,UNIDAD,origen: ASUNCION=PC - Inventario.xlsx#456@2026-08-03
ASU-106335,AC PAT FLEX ROJO K9934 54-17-142 C803,PRODUCTO_STOCKEABLE,Armazones,Steffani,,,,,UNIDAD,origen: ASUNCION=PC - Inventario.xlsx#1154@2026-08-03
ASU-106337,AC PAT FLEX ROJO FZ 8003U 508 56-17-145,PRODUCTO_STOCKEABLE,Armazones,Ferrari,,,,,UNIDAD,origen: ASUNCION=PC - Inventario.xlsx#451@2026-08-03
ASU-106341,AC PAT FIJA NEGRO K9909 49-21-146 C200,PRODUCTO_STOCKEABLE,Armazones,Steffani,,,,,UNIDAD,origen: ASUNCION=PC - Inventario.xlsx#1153@2026-08-03
ASU-106347,AC PAT FLEX GRIS V1347 55-16-140 C508,PRODUCTO_STOCKEABLE,Armazones,Vicrola,,,,,UNIDAD,origen: ASUNCION=PC - Inventario.xlsx#1175@2026-08-03
ASU-106352,AC PAT FLEX NEGRO H3542 57-18-145 C614,PRODUCTO_STOCKEABLE,Armazones,Unicity,,,,,UNIDAD,origen: ASUNCION=PC - Inventario.xlsx#1203@2026-08-03
ASU-106353,AC PAT FLEX AZUL V1366 56-16-142 C700,PRODUCTO_STOCKEABLE,Armazones,Vicrola,,,,,UNIDAD,origen: ASUNCION=PC - Inventario.xlsx#1174@2026-08-03
ASU-106354,AC PAT FLEX NEGRO H3500 59-17-145 C602,PRODUCTO_STOCKEABLE,Armazones,Unicity,,,,,UNIDAD,origen: ASUNCION=PC - Inventario.xlsx#1196@2026-08-03
ASU-106355,AC PAT FIJA ANIMAL PRINT SK 2048 1002 52-19-140,PRODUCTO_STOCKEABLE,Armazones,Swarovski,,,,,UNIDAD,origen: ASUNCION=PC - Inventario.xlsx#452@2026-08-03
ASU-106357,AC PAT FLEX MARRON V1343 54-16-140 C529,PRODUCTO_STOCKEABLE,Armazones,Vicrola,,,,,UNIDAD,origen: ASUNCION=PC - Inventario.xlsx#1178@2026-08-03
ASU-106359,AC PAT FLEX LILA BAAI001 49-17-137 C41,PRODUCTO_STOCKEABLE,Armazones,Barbie,,,,,UNIDAD,origen: ASUNCION=PC - Inventario.xlsx#461@2026-08-03
ASU-106361,AC PAT FLEX LILA BAAI008 51-16-137 C41,PRODUCTO_STOCKEABLE,Armazones,Barbie,,,,,UNIDAD,origen: ASUNCION=PC - Inventario.xlsx#460@2026-08-03
ASU-106362,AC PAT FLEX GRIS K9909 49-21-146 C800,PRODUCTO_STOCKEABLE,Armazones,Steffani,,,,,UNIDAD,origen: ASUNCION=PC - Inventario.xlsx#1147@2026-08-03
ASU-106364,AC PAT FLEX AZUL H3233 56-18-145 C609,PRODUCTO_STOCKEABLE,Armazones,Unicity,,,,,UNIDAD,origen: ASUNCION=PC - Inventario.xlsx#1205@2026-08-03
ASU-106366,AC PAT FLEX MARRON K9934 54-17-142 C817,PRODUCTO_STOCKEABLE,Armazones,Steffani,,,,,UNIDAD,origen: ASUNCION=PC - Inventario.xlsx#1144@2026-08-03
ASU-106367,AC PAT FLEX NEGRO K9905 55-16-142 C502,PRODUCTO_STOCKEABLE,Armazones,Steffani,,,,,UNIDAD,origen: ASUNCION=PC - Inventario.xlsx#1145@2026-08-03
ASU-106368,AC PAT FLEX TRANSPARENTE K9937 54-17-142 C805,PRODUCTO_STOCKEABLE,Armazones,Steffani,,,,,UNIDAD,origen: ASUNCION=PC - Inventario.xlsx#1146@2026-08-03
ASU-106369,AC PAT FLEX AZUL K9914 54-17-140 C212,PRODUCTO_STOCKEABLE,Armazones,Steffani,,,,,UNIDAD,origen: ASUNCION=PC - Inventario.xlsx#1140@2026-08-03
ASU-106371,AC PAT FLEX ANIMAL PRINT K9937 54-17-142 C801,PRODUCTO_STOCKEABLE,Armazones,Steffani,,,,,UNIDAD,origen: ASUNCION=PC - Inventario.xlsx#1148@2026-08-03
ASU-106376,AC PAT FLEX MARRON K9941 55-17-145 C85,PRODUCTO_STOCKEABLE,Armazones,Steffani,,,,,UNIDAD,origen: ASUNCION=PC - Inventario.xlsx#1139@2026-08-03
ASU-106378,AC PAT FLEX NEGRO H3233 56-18-145 C602,PRODUCTO_STOCKEABLE,Armazones,Unicity,,,,,UNIDAD,origen: ASUNCION=PC - Inventario.xlsx#1206@2026-08-03
ASU-106379,AC PAT FLEX TRANSPARENTE K9934 54-17-142 C805,PRODUCTO_STOCKEABLE,Armazones,Steffani,,,,,UNIDAD,origen: ASUNCION=PC - Inventario.xlsx#1156@2026-08-03
ASU-106384,AC PAT FLEX PLATEADO V1366 56-16-142 C600,PRODUCTO_STOCKEABLE,Armazones,Vicrola,,,,,UNIDAD,origen: ASUNCION=PC - Inventario.xlsx#1171@2026-08-03
ASU-106388,AC PAT FLEX MARRON V1341 53-16-140 C529,PRODUCTO_STOCKEABLE,Armazones,Vicrola,,,,,UNIDAD,origen: ASUNCION=PC - Inventario.xlsx#1182@2026-08-03
ASU-106389,AC PAT FLEX LILA HK GG018 49-14-125 C71,PRODUCTO_STOCKEABLE,Armazones,Hello Kitty,,,,,UNIDAD,origen: ASUNCION=PC - Inventario.xlsx#462@2026-08-03
ASU-106392,AC PAT FLEX BLANCO V1341 53-16-140 C527,PRODUCTO_STOCKEABLE,Armazones,Vicrola,,,,,UNIDAD,origen: ASUNCION=PC - Inventario.xlsx#1177@2026-08-03
ASU-106395,AC PAT FIJA ANIMAL PRINT BOC25002 53-18-144 COLF2,PRODUCTO_STOCKEABLE,Lentes de Sol,Bosani,,,,,UNIDAD,origen: ASUNCION=PC - Inventario.xlsx#7888@2026-08-03
ASU-106396,AC PAT FIJA NEGRO BOC25009 57-16-141 COLF13F1,PRODUCTO_STOCKEABLE,Lentes de Sol,Bosani,,,,,UNIDAD,origen: ASUNCION=PC - Inventario.xlsx#7885@2026-08-03
ASU-106397,AC PAT FIJA BLANCO DP019-008 C11,PRODUCTO_STOCKEABLE,Lentes de Sol,Discovery,,,,,UNIDAD,origen: ASUNCION=PC - Inventario.xlsx#7965@2026-08-03
ASU-106402,AC PAT FIJA NEGRO DCP23031 57-17-146 COLCF1,PRODUCTO_STOCKEABLE,Lentes de Sol,Discovery,,,,,UNIDAD,origen: ASUNCION=PC - Inventario.xlsx#7904@2026-08-03
ASU-106403,AC PAT FLEX NEGRO K9955 57-17-145 C814,PRODUCTO_STOCKEABLE,Armazones,Steffani,,,,,UNIDAD,origen: ASUNCION=PC - Inventario.xlsx#1731@2026-08-03
ASU-106406,AC PAT FIJA NEGRO BOC25001 56-19-142 COLB1,PRODUCTO_STOCKEABLE,Lentes de Sol,Bosani,,,,,UNIDAD,origen: ASUNCION=PC - Inventario.xlsx#7889@2026-08-03
ASU-106409,AC PAT FIJA GRIS BOC25005 57-14-142 COLFT13,PRODUCTO_STOCKEABLE,Lentes de Sol,Bosani,,,,,UNIDAD,origen: ASUNCION=PC - Inventario.xlsx#7891@2026-08-03
ASU-106411,AC PAT FLEX NEGRO BOL2522 54-18-140 B1,PRODUCTO_STOCKEABLE,Lentes de Sol,Bosani,,,,,UNIDAD,origen: ASUNCION=PC - Inventario.xlsx#7902@2026-08-03
ASU-106414,AC PAT FIJA MARRON BOC24028 53-20-138 COLBTE4,PRODUCTO_STOCKEABLE,Lentes de Sol,Bosani,,,,,UNIDAD,origen: ASUNCION=PC - Inventario.xlsx#7957@2026-08-03
ASU-106415,AC PAT FIJA TRANSPARENTE CELESTE BOC25024 52-21-145 COLBCT4,PRODUCTO_STOCKEABLE,Lentes de Sol,Bosani,,,,,UNIDAD,origen: ASUNCION=PC - Inventario.xlsx#7880@2026-08-03
ASU-106416,AC PAT FIJA ANIMAL PRINT DCP23033 55-18-144 COLCC0,PRODUCTO_STOCKEABLE,Lentes de Sol,Discovery,,,,,UNIDAD,origen: ASUNCION=PC - Inventario.xlsx#7912@2026-08-03
ASU-106417,AC PAT FIJA NEGRO-GRIS BOC25028 56-17-143 COLDT13,PRODUCTO_STOCKEABLE,Lentes de Sol,Bosani,,,,,UNIDAD,origen: ASUNCION=PC - Inventario.xlsx#7884@2026-08-03
ASU-106419,AC PAT FIJA NEGRO SD9074N 69-15-110 COL108G,PRODUCTO_STOCKEABLE,Lentes de Sol,Bosani,,,,,UNIDAD,origen: ASUNCION=PC - Inventario.xlsx#7896@2026-08-03
ASU-106420,AC PAT FIJA ROSA BOC25021 55-18-143 COLBCT6,PRODUCTO_STOCKEABLE,Lentes de Sol,Bosani,,,,,UNIDAD,origen: ASUNCION=PC - Inventario.xlsx#7886@2026-08-03
ASU-106422,AC PAT FIJA MARRON BOC25003 54-18-141 COLF2F0,PRODUCTO_STOCKEABLE,Lentes de Sol,Bosani,,,,,UNIDAD,origen: ASUNCION=PC - Inventario.xlsx#7932@2026-08-03
ASU-106424,AC PAT FLEX ROSA K9943 55-15-142 C805,PRODUCTO_STOCKEABLE,Armazones,Steffani,,,,,UNIDAD,origen: ASUNCION=PC - Inventario.xlsx#1741@2026-08-03
ASU-106425,AC PAT FIJA BORDO B5560 53-20-140 C779,PRODUCTO_STOCKEABLE,Lentes de Sol,Alfani,,,,,UNIDAD,origen: ASUNCION=PC - Inventario.xlsx#7964@2026-08-03
ASU-106428,AC PAT FIJA NEGRO BOC24008 58-18-142 COLF1,PRODUCTO_STOCKEABLE,Lentes de Sol,Bosani,,,,,UNIDAD,origen: ASUNCION=PC - Inventario.xlsx#7901@2026-08-03
ASU-106429,AC PAT FIJA NEGRO SD9074N 69-15-110 COL108S,PRODUCTO_STOCKEABLE,Lentes de Sol,Bosani,,,,,UNIDAD,origen: ASUNCION=PC - Inventario.xlsx#7895@2026-08-03
ASU-106430,AC PAT FIJA ANIMAL PRINT BOC25029 54-19-142 COLBM1,PRODUCTO_STOCKEABLE,Lentes de Sol,Bosani,,,,,UNIDAD,origen: ASUNCION=PC - Inventario.xlsx#7890@2026-08-03
ASU-106431,AC PAT FIJA NEGRO BOC25023 52-20-144 COLB1,PRODUCTO_STOCKEABLE,Lentes de Sol,Bosani,,,,,UNIDAD,origen: ASUNCION=PC - Inventario.xlsx#7882@2026-08-03
ASU-106432,AC PAT FIJA NEGRO BOC25015 51-21-140 COLF1,PRODUCTO_STOCKEABLE,Lentes de Sol,Bosani,,,,,UNIDAD,origen: ASUNCION=PC - Inventario.xlsx#7877@2026-08-03
ASU-106433,AC PAT FLEX GRIS SWAA103 49-16-135 C64,PRODUCTO_STOCKEABLE,Armazones,Star Wars,,,,,UNIDAD,origen: ASUNCION=PC - Inventario.xlsx#1623@2026-08-03
ASU-106434,AC PAT FLEX BLANCO RS RX 630-4 51-21-142 BEIGE,PRODUCTO_STOCKEABLE,Armazones,Ricky Sarkany,,,,,UNIDAD,origen: ASUNCION=PC - Inventario.xlsx#1634@2026-08-03
ASU-106435,AC PAT FLEX LILA BAAI007 50-15-137 C08,PRODUCTO_STOCKEABLE,Armazones,Barbie,,,,,UNIDAD,origen: ASUNCION=PC - Inventario.xlsx#1614@2026-08-03
ASU-106437,AC PAT FLEX NEGRO NY AA120 49-18-130 C01,PRODUCTO_STOCKEABLE,Armazones,New York,,,,,UNIDAD,origen: ASUNCION=PC - Inventario.xlsx#1619@2026-08-03
ASU-106439,AC PAT FLEX ROSA BAAA031 46-17-130 C10,PRODUCTO_STOCKEABLE,Armazones,Barbie,,,,,UNIDAD,origen: ASUNCION=PC - Inventario.xlsx#1606@2026-08-03
ASU-106440,AC PAT FLEX AZUL OPAM011 49-21-145 C07,PRODUCTO_STOCKEABLE,Armazones,Owlet,,,,,UNIDAD,origen: ASUNCION=PC - Inventario.xlsx#1628@2026-08-03
ASU-106441,AC PAT FLEX AZUL RS RX 637-3 55-20-145 BLUE,PRODUCTO_STOCKEABLE,Armazones,Ricky Sarkany,,,,,UNIDAD,origen: ASUNCION=PC - Inventario.xlsx#1630@2026-08-03
ASU-106442,AC PAT FLEX NEGRO RS RX 637-2 55-20-145 BLACK,PRODUCTO_STOCKEABLE,Armazones,Ricky Sarkany,,,,,UNIDAD,origen: ASUNCION=PC - Inventario.xlsx#1631@2026-08-03
ASU-106443,AC PAT FIJA NEGRO RS RX 638-2 53-20-145 BLACK,PRODUCTO_STOCKEABLE,Armazones,Ricky Sarkany,,,,,UNIDAD,origen: ASUNCION=PC - Inventario.xlsx#1629@2026-08-03
ASU-106444,AC PAT FIJA MARRON BOC25008 60-15-145 COLFE2,PRODUCTO_STOCKEABLE,Lentes de Sol,Bosani,,,,,UNIDAD,origen: ASUNCION=PC - Inventario.xlsx#7907@2026-08-03
ASU-106445,AC PAT FLEX ROSA BAAI005 49-16-137 C11,PRODUCTO_STOCKEABLE,Armazones,Barbie,,,,,UNIDAD,origen: ASUNCION=PC - Inventario.xlsx#1608@2026-08-03
ASU-106446,AC PAT FLEX AZUL BAAI002 50-15-137 C06,PRODUCTO_STOCKEABLE,Armazones,Barbie,,,,,UNIDAD,origen: ASUNCION=PC - Inventario.xlsx#1605@2026-08-03
ASU-106447,AC PAT FLEX AZUL LAAM068 50-18-140 C06,PRODUCTO_STOCKEABLE,Armazones,Lapo,,,,,UNIDAD,origen: ASUNCION=PC - Inventario.xlsx#1636@2026-08-03
ASU-106448,AC PAT FIJA BEIGE BOC25022 52-21-144 COLBC2,PRODUCTO_STOCKEABLE,Lentes de Sol,Bosani,,,,,UNIDAD,origen: ASUNCION=PC - Inventario.xlsx#7878@2026-08-03
ASU-106450,AC PAT FLEX GRIS SWAA080 44-16-120 C61,PRODUCTO_STOCKEABLE,Armazones,Star Wars,,,,,UNIDAD,origen: ASUNCION=PC - Inventario.xlsx#1625@2026-08-03
ASU-106452,AC PAT FLEX TRANSPARENTE NYAA145 49-17-135 C90,PRODUCTO_STOCKEABLE,Armazones,New York,,,,,UNIDAD,origen: ASUNCION=PC - Inventario.xlsx#1621@2026-08-03
ASU-106453,AC PAT FLEX NEGRO SWAA088 48-16-130 C01,PRODUCTO_STOCKEABLE,Armazones,Star Wars,,,,,UNIDAD,origen: ASUNCION=PC - Inventario.xlsx#1626@2026-08-03
ASU-106454,AC PAT FLEX AZUL MIII006 49-15-125 C07,PRODUCTO_STOCKEABLE,Armazones,Minions,,,,,UNIDAD,origen: ASUNCION=PC - Inventario.xlsx#1615@2026-08-03
ASU-106455,AC PAT FIJA NEGRO BS1908 52-22-140 COLBT1,PRODUCTO_STOCKEABLE,Lentes de Sol,Bosani,,,,,UNIDAD,origen: ASUNCION=PC - Inventario.xlsx#7899@2026-08-03
ASU-106458,AC PAT FLEX NEGRO MI AA016 47-16-125 C61,PRODUCTO_STOCKEABLE,Armazones,Minions,,,,,UNIDAD,origen: ASUNCION=PC - Inventario.xlsx#1616@2026-08-03
ASU-106459,AC PAT FLEX ROSA BAAI002 50-15-137 C11,PRODUCTO_STOCKEABLE,Armazones,Barbie,,,,,UNIDAD,origen: ASUNCION=PC - Inventario.xlsx#1612@2026-08-03
ASU-106460,AC PAT FLEX NEGRO NYMM093 49-19-135 C01,PRODUCTO_STOCKEABLE,Armazones,New York,,,,,UNIDAD,origen: ASUNCION=PC - Inventario.xlsx#1617@2026-08-03
ASU-106461,AC PAT FIJA ANIMAL PRINT LAAM062 52-19-140 C27,PRODUCTO_STOCKEABLE,Armazones,Lapo,,,,,UNIDAD,origen: ASUNCION=PC - Inventario.xlsx#1637@2026-08-03
ASU-106463,AC PAT FLEX LILA BAAA028 47-16-130 C41,PRODUCTO_STOCKEABLE,Armazones,Barbie,,,,,UNIDAD,origen: ASUNCION=PC - Inventario.xlsx#1611@2026-08-03
ASU-106464,AC PAT FLEX ROSA BAAA049 47-17-135 C71,PRODUCTO_STOCKEABLE,Armazones,Barbie,,,,,UNIDAD,origen: ASUNCION=PC - Inventario.xlsx#1613@2026-08-03
ASU-106465,AC PAT FLEX ROSA BAAA046 52-17-137 C10,PRODUCTO_STOCKEABLE,Armazones,Barbie,,,,,UNIDAD,origen: ASUNCION=PC - Inventario.xlsx#1609@2026-08-03
ASU-106468,AC PAT FLEX GRIS NYMM103 51-19-135 C02,PRODUCTO_STOCKEABLE,Armazones,New York,,,,,UNIDAD,origen: ASUNCION=PC - Inventario.xlsx#1618@2026-08-03
ASU-106469,AC PAT FLEX VERDE RS RX 630-3 51-21-142 GREEN,PRODUCTO_STOCKEABLE,Armazones,Ricky Sarkany,,,,,UNIDAD,origen: ASUNCION=PC - Inventario.xlsx#1633@2026-08-03
ASU-106470,AC PAT FIJA BLANCO BOC25022 52-21-144 COLB14,PRODUCTO_STOCKEABLE,Lentes de Sol,Bosani,,,,,UNIDAD,origen: ASUNCION=PC - Inventario.xlsx#7879@2026-08-03
ASU-106471,AC PAT FLEX LILA BAAA031 46-17-130 C68,PRODUCTO_STOCKEABLE,Armazones,Barbie,,,,,UNIDAD,origen: ASUNCION=PC - Inventario.xlsx#1610@2026-08-03
ASU-106473,AC PAT FLEX ROSA KR Rx 1432 -3 54-16-140 PINK,PRODUCTO_STOCKEABLE,Armazones,Karina Rabolini,,,,,UNIDAD,origen: ASUNCION=PC - Inventario.xlsx#1627@2026-08-03
ASU-106474,C PAT FLEX AZUL SWAA062 48-16-130 C67,PRODUCTO_STOCKEABLE,Armazones,Star Wars,,,,,UNIDAD,origen: ASUNCION=PC - Inventario.xlsx#1624@2026-08-03
ASU-106477,AC PAT FIJA NEGRO BOC25003 54-18-141 COLF1F13,PRODUCTO_STOCKEABLE,Lentes de Sol,Bosani,,,,,UNIDAD,origen: ASUNCION=PC - Inventario.xlsx#7931@2026-08-03
ASU-106484,AC PAT FIJA ROSA DP18-015 C35,PRODUCTO_STOCKEABLE,Lentes de Sol,Discovery,,,,,UNIDAD,origen: ASUNCION=PC - Inventario.xlsx#7963@2026-08-03
ASU-106485,AC PAT FIJA ANIMAL PRINT OR5016 054 57-17-145,PRODUCTO_STOCKEABLE,Armazones,Adidas,,,,,UNIDAD,origen: ASUNCION=PC - Inventario.xlsx#1646@2026-08-03
ASU-106486,AC PAT FIJA ROJO DCP23039 56-19-145 COL.CET6,PRODUCTO_STOCKEABLE,Lentes de Sol,Discovery,,,,,UNIDAD,origen: ASUNCION=PC - Inventario.xlsx#7966@2026-08-03
ASU-106487,AC PAT FLEX VERDE L2924 N 300 56-16-145,PRODUCTO_STOCKEABLE,Armazones,Lacoste,,,,,UNIDAD,origen: ASUNCION=PC - Inventario.xlsx#1653@2026-08-03
ASU-106488,AC PAT FLEX PLATEADO BOL2523 64-19-145 FD13,PRODUCTO_STOCKEABLE,Lentes de Sol,Bosani,,,,,UNIDAD,origen: ASUNCION=PC - Inventario.xlsx#7969@2026-08-03
ASU-106489,AC PAT FIJA NEGRO TR B5394 51-20 COL.843,PRODUCTO_STOCKEABLE,Lentes de Sol,Alfani,,,,,UNIDAD,origen: ASUNCION=PC - Inventario.xlsx#7967@2026-08-03
ASU-106490,AC PAT FLEX NEGRO K9956 48-23-145 C811,PRODUCTO_STOCKEABLE,Armazones,Steffani,,,,,UNIDAD,origen: ASUNCION=PC - Inventario.xlsx#1703@2026-08-03
ASU-106492,AC PAT FLEX BORDO L2922 N 603 55-17-145,PRODUCTO_STOCKEABLE,Armazones,Lacoste,,,,,UNIDAD,origen: ASUNCION=PC - Inventario.xlsx#1652@2026-08-03
ASU-106493,AC PAT FLEX AZUL K9945 55-16-142 C809,PRODUCTO_STOCKEABLE,Armazones,Steffani,,,,,UNIDAD,origen: ASUNCION=PC - Inventario.xlsx#1733@2026-08-03
ASU-106494,AC PAT FLEX ANIMAL PRINT VGP038 HAVANA 53-17-140,PRODUCTO_STOCKEABLE,Armazones,Gap,,,,,UNIDAD,origen: ASUNCION=PC - Inventario.xlsx#1640@2026-08-03
ASU-106495,AC PAT FIJA AZUL BOL2514 56-19-140 F3,PRODUCTO_STOCKEABLE,Lentes de Sol,Bosani,,,,,UNIDAD,origen: ASUNCION=PC - Inventario.xlsx#7941@2026-08-03
ASU-106496,AH PAT FLEX GRIS K9923 56-18-145 C600,PRODUCTO_STOCKEABLE,Armazones,Steffani,,,,,UNIDAD,origen: ASUNCION=PC - Inventario.xlsx#1720@2026-08-03
ASU-106498,AC PAT FIJA ANIMAL PRINT VFI454 COL 0C10 145,PRODUCTO_STOCKEABLE,Armazones,Fila,,,,,UNIDAD,origen: ASUNCION=PC - Inventario.xlsx#1648@2026-08-03
ASU-106499,AC PAT FIJA MARRON BOC25016 54-19-143 COLFE13,PRODUCTO_STOCKEABLE,Lentes de Sol,Bosani,,,,,UNIDAD,origen: ASUNCION=PC - Inventario.xlsx#7968@2026-08-03
ASU-106500,AC PAT FIJA TRANSPARENTE  UA 5040 63M 140,PRODUCTO_STOCKEABLE,Armazones,Under Armour,,,,,UNIDAD,origen: ASUNCION=PC - Inventario.xlsx#1650@2026-08-03
ASU-106501,AC PAT FLEX CELESTE K9919 55-17-145 C800,PRODUCTO_STOCKEABLE,Armazones,Steffani,,,,,UNIDAD,origen: ASUNCION=PC - Inventario.xlsx#1683@2026-08-03
ASU-106503,AC PAT FLEX MARRON L2920 N 200 54-16-140,PRODUCTO_STOCKEABLE,Armazones,Lacoste,,,,,UNIDAD,origen: ASUNCION=PC - Inventario.xlsx#1651@2026-08-03
ASU-106504,AC PAT FIJA MARRON BOC25031 61-14-140 COLFE2,PRODUCTO_STOCKEABLE,Lentes de Sol,Bosani,,,,,UNIDAD,origen: ASUNCION=PC - Inventario.xlsx#7961@2026-08-03
ASU-106505,AC PAT FIJA GRIS VFI211 COL.06A7 140,PRODUCTO_STOCKEABLE,Armazones,Fila,,,,,UNIDAD,origen: ASUNCION=PC - Inventario.xlsx#1647@2026-08-03
ASU-106506,AC PAT FIJA MARRON BOL2514 56-19-140 F2,PRODUCTO_STOCKEABLE,Lentes de Sol,Bosani,,,,,UNIDAD,origen: ASUNCION=PC - Inventario.xlsx#7942@2026-08-03
ASU-106509,AC PAT FLEX NEGRO BB5202 53-16-140 01/22,PRODUCTO_STOCKEABLE,Armazones,Bebe,,,,,UNIDAD,origen: ASUNCION=PC - Inventario.xlsx#1642@2026-08-03
ASU-106510,AC PAT FIJA NEGRO OX8163 0155 55-17-141,PRODUCTO_STOCKEABLE,Armazones,Oakley,,,,,UNIDAD,origen: ASUNCION=PC - Inventario.xlsx#1654@2026-08-03
ASU-106511,AC PAT FLEX GRIS HG 1205 KB7 145,PRODUCTO_STOCKEABLE,Armazones,Hugo Boss,,,,,UNIDAD,origen: ASUNCION=PC - Inventario.xlsx#1649@2026-08-03
ASU-106512,AC PAT FIJA NEGRO BOC25010 57-16-141 COLB1C0,PRODUCTO_STOCKEABLE,Lentes de Sol,Bosani,,,,,UNIDAD,origen: ASUNCION=PC - Inventario.xlsx#7950@2026-08-03
ASU-106513,AC PAT FIJA MARRON BOC25009 57-16-141 COLF13,PRODUCTO_STOCKEABLE,Lentes de Sol,Bosani,,,,,UNIDAD,origen: ASUNCION=PC - Inventario.xlsx#7952@2026-08-03
ASU-106514,AC PAT FIJA AZUL BOC24025 55-18-145 COLBE3,PRODUCTO_STOCKEABLE,Lentes de Sol,Bosani,,,,,UNIDAD,origen: ASUNCION=PC - Inventario.xlsx#7948@2026-08-03
ASU-106515,AC PAT FIJA NEGRO B5458 58-17 C200,PRODUCTO_STOCKEABLE,Lentes de Sol,Alfani,,,,,UNIDAD,origen: ASUNCION=PC - Inventario.xlsx#7962@2026-08-03
ASU-106517,AC PAT FIJA NEGRO BA2512 60-16-145 B1,PRODUCTO_STOCKEABLE,Lentes de Sol,Bosani,,,,,UNIDAD,origen: ASUNCION=PC - Inventario.xlsx#7917@2026-08-03
ASU-106518,AC PAT FIJA FUCSIA ATTICUS KR2115-3 SCPUR,PRODUCTO_STOCKEABLE,Lentes de Sol,Karina Rabolini,,,,,UNIDAD,origen: ASUNCION=PC - Inventario.xlsx#7975@2026-08-03
ASU-106519,AC PAT FIJA NEGRO BOC25031 61-14-140 COLF1,PRODUCTO_STOCKEABLE,Lentes de Sol,Bosani,,,,,UNIDAD,origen: ASUNCION=PC - Inventario.xlsx#7960@2026-08-03
ASU-106520,AC PAT FLEX ANIMAL PRINT B5754 49-20-140 C510,PRODUCTO_STOCKEABLE,Lentes de Sol,Alfani,,,,,UNIDAD,origen: ASUNCION=PC - Inventario.xlsx#7974@2026-08-03
ASU-106521,AC PAT FIJA NEGRO BA2512 60-16-145 F1,PRODUCTO_STOCKEABLE,Lentes de Sol,Bosani,,,,,UNIDAD,origen: ASUNCION=PC - Inventario.xlsx#7916@2026-08-03
ASU-106522,AC PAT FIJA NEGRO DCP23036 50-22-143 CB1,PRODUCTO_STOCKEABLE,Lentes de Sol,Discovery,,,,,UNIDAD,origen: ASUNCION=PC - Inventario.xlsx#7933@2026-08-03
ASU-106524,AC PAT FLEX ROSA K9947 54-17-142 C805,PRODUCTO_STOCKEABLE,Armazones,Steffani,,,,,UNIDAD,origen: ASUNCION=PC - Inventario.xlsx#1682@2026-08-03
ASU-106527,AC PAT FIJA NEGRO BOL2513 56-18-140 F1,PRODUCTO_STOCKEABLE,Lentes de Sol,Bosani,,,,,UNIDAD,origen: ASUNCION=PC - Inventario.xlsx#7947@2026-08-03
ASU-106528,AC PAT FIJA ROJO BS1905 54-17-140 COLT6,PRODUCTO_STOCKEABLE,Lentes de Sol,Bosani,,,,,UNIDAD,origen: ASUNCION=PC - Inventario.xlsx#7946@2026-08-03
ASU-106529,AC PAT FIJA MARRON BOC25010 57-16-141 COLFT4,PRODUCTO_STOCKEABLE,Lentes de Sol,Bosani,,,,,UNIDAD,origen: ASUNCION=PC - Inventario.xlsx#7949@2026-08-03
ASU-106530,AH PAT FIJA AMARILLO BA2513 57-16-145 B0B1,PRODUCTO_STOCKEABLE,Lentes de Sol,Bosani,,,,,UNIDAD,origen: ASUNCION=PC - Inventario.xlsx#7922@2026-08-03
ASU-106531,AC PAT FIJA AZUL BOL2513 56-18-140 F3,PRODUCTO_STOCKEABLE,Lentes de Sol,Bosani,,,,,UNIDAD,origen: ASUNCION=PC - Inventario.xlsx#7938@2026-08-03
ASU-106533,AC PAT FIJA AZUL BOC25031 61-14-140 COLFE3,PRODUCTO_STOCKEABLE,Lentes de Sol,Bosani,,,,,UNIDAD,origen: ASUNCION=PC - Inventario.xlsx#7959@2026-08-03
ASU-106535,AC PAT FLEX NEGRO BOL2523 64-19-145 F1,PRODUCTO_STOCKEABLE,Lentes de Sol,Bosani,,,,,UNIDAD,origen: ASUNCION=PC - Inventario.xlsx#7918@2026-08-03
ASU-106536,AC PAT FIJA ANIMAL PRINT BOC24021 55-17-143 COLBT9E2,PRODUCTO_STOCKEABLE,Lentes de Sol,Bosani,,,,,UNIDAD,origen: ASUNCION=PC - Inventario.xlsx#7927@2026-08-03
ASU-106538,AC PAT FIJA PLATEADO SD9062 COL111SG,PRODUCTO_STOCKEABLE,Lentes de Sol,Discovery,,,,,UNIDAD,origen: ASUNCION=PC - Inventario.xlsx#7915@2026-08-03
ASU-106539,AC PAT FIJA ANIMAL PRINT BOC25001 56-19-142 COLF2,PRODUCTO_STOCKEABLE,Lentes de Sol,Bosani,,,,,UNIDAD,origen: ASUNCION=PC - Inventario.xlsx#7929@2026-08-03
ASU-106541,AC PAT FIJA MARRON BOC24023 57-15-138 COLBM9,PRODUCTO_STOCKEABLE,Lentes de Sol,Bosani,,,,,UNIDAD,origen: ASUNCION=PC - Inventario.xlsx#7951@2026-08-03
ASU-106542,AC PAT FIJA AZUL K9877 51-20-145 C700,PRODUCTO_STOCKEABLE,Armazones,Steffani,,,,,UNIDAD,origen: ASUNCION=PC - Inventario.xlsx#1732@2026-08-03
ASU-106544,AC PAT FIJA GRIS BOC24035 56-18-138 COLFT13,PRODUCTO_STOCKEABLE,Lentes de Sol,Bosani,,,,,UNIDAD,origen: ASUNCION=PC - Inventario.xlsx#7926@2026-08-03
ASU-106546,AC PAT FIJA NEGRO BOC25001 56-19-142 COLF1,PRODUCTO_STOCKEABLE,Lentes de Sol,Bosani,,,,,UNIDAD,origen: ASUNCION=PC - Inventario.xlsx#7930@2026-08-03
ASU-106547,AC PAT FLEX NEGRO-AMARILLO BOL2532 52-22-150 B1F9,PRODUCTO_STOCKEABLE,Lentes de Sol,Bosani,,,,,UNIDAD,origen: ASUNCION=PC - Inventario.xlsx#7923@2026-08-03
ASU-106549,AC PAT FIJA ANIMAL PRINT  BOC24012 57-18-141 COLB9E2,PRODUCTO_STOCKEABLE,Lentes de Sol,Bosani,,,,,UNIDAD,origen: ASUNCION=PC - Inventario.xlsx#7954@2026-08-03
ASU-106550,AC PAT FIJA DORADO DCP23002 55-20-142 CBK0,PRODUCTO_STOCKEABLE,Lentes de Sol,Discovery,,,,,UNIDAD,origen: ASUNCION=PC - Inventario.xlsx#7970@2026-08-03
ASU-106551,AC PAT FIJA ROJO-ROSA BOC25028 56-17-143 COLCD0,PRODUCTO_STOCKEABLE,Lentes de Sol,Bosani,,,,,UNIDAD,origen: ASUNCION=PC - Inventario.xlsx#7935@2026-08-03
ASU-106553,AC PAT FIJA VERDE BOL2515 55-21-145 B4F4,PRODUCTO_STOCKEABLE,Lentes de Sol,Bosani,,,,,UNIDAD,origen: ASUNCION=PC - Inventario.xlsx#7971@2026-08-03
ASU-106554,AH PAT FIJA MARRON BA2513 57-16-145 B0B2,PRODUCTO_STOCKEABLE,Lentes de Sol,Bosani,,,,,UNIDAD,origen: ASUNCION=PC - Inventario.xlsx#7921@2026-08-03
ASU-106555,AC PAT FIJA NEGRO K9913 56-19-150 CF200,PRODUCTO_STOCKEABLE,Armazones,Steffani,,,,,UNIDAD,origen: ASUNCION=PC - Inventario.xlsx#1702@2026-08-03
ASU-106557,AC PAT FLEX AZUL K9956 48-23-145 C809,PRODUCTO_STOCKEABLE,Armazones,Steffani,,,,,UNIDAD,origen: ASUNCION=PC - Inventario.xlsx#1705@2026-08-03
ASU-106560,AC PAT FLEX ROSA K9924 54-16-140 C529,PRODUCTO_STOCKEABLE,Armazones,Steffani,,,,,UNIDAD,origen: ASUNCION=PC - Inventario.xlsx#1719@2026-08-03
ASU-106564,AC PAT FLEX NEGRO K9903 55-17-142 C502,PRODUCTO_STOCKEABLE,Armazones,Steffani,,,,,UNIDAD,origen: ASUNCION=PC - Inventario.xlsx#1736@2026-08-03
ASU-106566,AC PAT FLEX MARRON K9953 53-17-142 C810,PRODUCTO_STOCKEABLE,Armazones,Steffani,,,,,UNIDAD,origen: ASUNCION=PC - Inventario.xlsx#1710@2026-08-03
ASU-106567,AH PAT FLEX AZUL K9923 56-18-145 C700,PRODUCTO_STOCKEABLE,Armazones,Steffani,,,,,UNIDAD,origen: ASUNCION=PC - Inventario.xlsx#1717@2026-08-03
ASU-106568,AC PAT FLEX NEGRO K9948 54-17-142 C811,PRODUCTO_STOCKEABLE,Armazones,Steffani,,,,,UNIDAD,origen: ASUNCION=PC - Inventario.xlsx#1704@2026-08-03
ASU-106569,AC PAT FLEX LILA K9949 54-17-142 C827,PRODUCTO_STOCKEABLE,Armazones,Steffani,,,,,UNIDAD,origen: ASUNCION=PC - Inventario.xlsx#1690@2026-08-03
ASU-106570,AC PAT FLEX LILA K9942 55-17-142 C804,PRODUCTO_STOCKEABLE,Armazones,Steffani,,,,,UNIDAD,origen: ASUNCION=PC - Inventario.xlsx#1729@2026-08-03
ASU-106576,AC PAT FLEX NEGRO K9945 55-16-142 C801,PRODUCTO_STOCKEABLE,Armazones,Steffani,,,,,UNIDAD,origen: ASUNCION=PC - Inventario.xlsx#1730@2026-08-03
ASU-106577,AC PAT FLEX ROSA K9903 55-17-142 C529,PRODUCTO_STOCKEABLE,Armazones,Steffani,,,,,UNIDAD,origen: ASUNCION=PC - Inventario.xlsx#1737@2026-08-03
ASU-106583,AC PAT FLEX VERDE K9947 54-17-142 C822,PRODUCTO_STOCKEABLE,Armazones,Steffani,,,,,UNIDAD,origen: ASUNCION=PC - Inventario.xlsx#1692@2026-08-03
ASU-106585,AC PAT FLEX NEGRO K9952 54-16-142 C816,PRODUCTO_STOCKEABLE,Armazones,Steffani,,,,,UNIDAD,origen: ASUNCION=PC - Inventario.xlsx#1663@2026-08-03
ASU-106586,AC PAT FLEX NEGRO CELESTE K9919 55-17-145 C201,PRODUCTO_STOCKEABLE,Armazones,Steffani,,,,,UNIDAD,origen: ASUNCION=PC - Inventario.xlsx#1686@2026-08-03
ASU-106588,AC PAT FLEX K9944 54-18-142 C825,PRODUCTO_STOCKEABLE,Armazones,Steffani,,,,,UNIDAD,origen: ASUNCION=PC - Inventario.xlsx#1716@2026-08-03
ASU-106591,AC PAT FLEX ROSA K9800 55-16-140 C524,PRODUCTO_STOCKEABLE,Armazones,Steffani,,,,,UNIDAD,origen: ASUNCION=PC - Inventario.xlsx#1676@2026-08-03
ASU-106592,AC PAT FLEX MARRON K9949 54-17-142 C817,PRODUCTO_STOCKEABLE,Armazones,Steffani,,,,,UNIDAD,origen: ASUNCION=PC - Inventario.xlsx#1680@2026-08-03
ASU-106597,AC PAT FLEX NEGRO K9950 55-16-142 C814,PRODUCTO_STOCKEABLE,Armazones,Steffani,,,,,UNIDAD,origen: ASUNCION=PC - Inventario.xlsx#1670@2026-08-03
ASU-106598,AC PAT FLEX NEGRO K9919 55-17-145 C29,PRODUCTO_STOCKEABLE,Armazones,Steffani,,,,,UNIDAD,origen: ASUNCION=PC - Inventario.xlsx#1685@2026-08-03
ASU-106600,AC PAT FLEX VERDE K9950 55-16-142 C822,PRODUCTO_STOCKEABLE,Armazones,Steffani,,,,,UNIDAD,origen: ASUNCION=PC - Inventario.xlsx#1672@2026-08-03
ASU-106601,AC PAT FLEX NEGRO AZUL K9283 57-19-145 C706,PRODUCTO_STOCKEABLE,Armazones,Steffani,,,,,UNIDAD,origen: ASUNCION=PC - Inventario.xlsx#1688@2026-08-03
ASU-106604,AC PAT FLEX ANIMAL PRINT K9960 54-16-145 C810,PRODUCTO_STOCKEABLE,Armazones,Steffani,,,,,UNIDAD,origen: ASUNCION=PC - Inventario.xlsx#1677@2026-08-03
ASU-106605,AC PAT FLEX AZUL K9960 54-16-145 C809,PRODUCTO_STOCKEABLE,Armazones,Steffani,,,,,UNIDAD,origen: ASUNCION=PC - Inventario.xlsx#1679@2026-08-03
ASU-106607,AC PAT FLEX NEGRO K9946 55-17-142 C813,PRODUCTO_STOCKEABLE,Armazones,Steffani,,,,,UNIDAD,origen: ASUNCION=PC - Inventario.xlsx#1713@2026-08-03
ASU-106611,AC PAT FLEX MARRON K9950 55-16-142 C817,PRODUCTO_STOCKEABLE,Armazones,Steffani,,,,,UNIDAD,origen: ASUNCION=PC - Inventario.xlsx#1669@2026-08-03
ASU-106612,AC PAT FLEX ROSA K9946 55-17-142 C825,PRODUCTO_STOCKEABLE,Armazones,Steffani,,,,,UNIDAD,origen: ASUNCION=PC - Inventario.xlsx#1714@2026-08-03
ASU-106613,AC PAT FLEX AZUL K9955 57-17-145 C809,PRODUCTO_STOCKEABLE,Armazones,Steffani,,,,,UNIDAD,origen: ASUNCION=PC - Inventario.xlsx#1723@2026-08-03
ASU-106614,AC PAT FLEX MARRON K9946 55-17-142 C801,PRODUCTO_STOCKEABLE,Armazones,Steffani,,,,,UNIDAD,origen: ASUNCION=PC - Inventario.xlsx#1715@2026-08-03
ASU-106615,AC PAT FLEX ROSA K9493 53-17-140 C523,PRODUCTO_STOCKEABLE,Armazones,Steffani,,,,,UNIDAD,origen: ASUNCION=PC - Inventario.xlsx#1673@2026-08-03
ASU-106616,AC PAT FIJA CELESTE K9913 56-19-150 C800,PRODUCTO_STOCKEABLE,Armazones,Steffani,,,,,UNIDAD,origen: ASUNCION=PC - Inventario.xlsx#1697@2026-08-03
ASU-106618,AC PAT FIJA TRANSPRENTE K9913 56-19-150 C13,PRODUCTO_STOCKEABLE,Armazones,Steffani,,,,,UNIDAD,origen: ASUNCION=PC - Inventario.xlsx#1696@2026-08-03
ASU-106620,AC PAT FLEX AZUL K9943 55-15-142 C809,PRODUCTO_STOCKEABLE,Armazones,Steffani,,,,,UNIDAD,origen: ASUNCION=PC - Inventario.xlsx#1740@2026-08-03
ASU-106628,AC PAT FLEX NEGRO GRIS K9719 55-15-140 C822,PRODUCTO_STOCKEABLE,Armazones,Steffani,,,,,UNIDAD,origen: ASUNCION=PC - Inventario.xlsx#1656@2026-08-03
ASU-106632,AC PAT FLEX NEGRO K9670 53-19-145 C502,PRODUCTO_STOCKEABLE,Armazones,Steffani,,,,,UNIDAD,origen: ASUNCION=PC - Inventario.xlsx#1661@2026-08-03
ASU-106636,AC PAT FLEX NEGRO H3661 53-18-145 C327,PRODUCTO_STOCKEABLE,Armazones,Unicity,,,,,UNIDAD,origen: ASUNCION=PC - Inventario.xlsx#1775@2026-08-03
ASU-106639,AC PAT FLEX ROSA BAAI002 50-15-137 C10,PRODUCTO_STOCKEABLE,Armazones,Barbie,,,,,UNIDAD,origen: ASUNCION=PC - Inventario.xlsx#1798@2026-08-03
ASU-106644,AH PAT FLEX GRIS CLIP MLT25030 57-17-145 C4,PRODUCTO_STOCKEABLE,Armazones,KAZWINI,,,,,UNIDAD,origen: ASUNCION=PC - Inventario.xlsx#1927@2026-08-03
ASU-106645,AC PAT FLEX CELESTE H2984 51-16-135 C624,PRODUCTO_STOCKEABLE,Armazones,Unicity,,,,,UNIDAD,origen: ASUNCION=PC - Inventario.xlsx#1790@2026-08-03
ASU-106647,AC PAT FLEX NEGRO HT2104 45-18-140 C5,PRODUCTO_STOCKEABLE,Armazones,Betania,,,,,UNIDAD,origen: ASUNCION=PC - Inventario.xlsx#1800@2026-08-03
ASU-106649,AC PAT FIJA ANIMAL PRINT YD1284 51-19-143 C2,PRODUCTO_STOCKEABLE,Lentes de Sol,KAZWINI,,,,,UNIDAD,origen: ASUNCION=PC - Inventario.xlsx#8002@2026-08-03
ASU-106652,AC PAT FIJA ROJO D3496 54-17-142 C4,PRODUCTO_STOCKEABLE,Armazones,KAZWINI,,,,,UNIDAD,origen: ASUNCION=PC - Inventario.xlsx#1913@2026-08-03
ASU-106653,AC PAT FLEX NEGRO CLIP MLT25026 56-16-145 C1,PRODUCTO_STOCKEABLE,Armazones,KAZWINI,,,,,UNIDAD,origen: ASUNCION=PC - Inventario.xlsx#1917@2026-08-03
ASU-106655,AC PAT FLEX LILA L23004 53-16-142 C4,PRODUCTO_STOCKEABLE,Armazones,Altania,,,,,UNIDAD,origen: ASUNCION=PC - Inventario.xlsx#1799@2026-08-03
ASU-106658,AC PAT FLEX VERDE LE6454 56-16-140 C4,PRODUCTO_STOCKEABLE,Armazones,KAZWINI,,,,,UNIDAD,origen: ASUNCION=PC - Inventario.xlsx#1915@2026-08-03
ASU-106659,AC PAT FLEX ROSA BAAA049 47-17-135 C10,PRODUCTO_STOCKEABLE,Armazones,Barbie,,,,,UNIDAD,origen: ASUNCION=PC - Inventario.xlsx#1795@2026-08-03
ASU-106660,AC PAT FLEX GRIS SWAA104 47-17-135 C63,PRODUCTO_STOCKEABLE,Armazones,Star Wars,,,,,UNIDAD,origen: ASUNCION=PC - Inventario.xlsx#1797@2026-08-03
ASU-106661,AC PAT FLEX TRASNP TERRY NEW 3 PLUS R 47-15-125,PRODUCTO_STOCKEABLE,Armazones,Mira Flex,,,,,UNIDAD,origen: ASUNCION=PC - Inventario.xlsx#1792@2026-08-03
ASU-106663,AC PAT FLEX AZUL NY AA123 49-16-135 C06,PRODUCTO_STOCKEABLE,Armazones,New York,,,,,UNIDAD,origen: ASUNCION=PC - Inventario.xlsx#1801@2026-08-03
ASU-106664,AC PAT FLEX MARRON LE6454 56-16-140 C2,PRODUCTO_STOCKEABLE,Armazones,KAZWINI,,,,,UNIDAD,origen: ASUNCION=PC - Inventario.xlsx#1908@2026-08-03
ASU-106666,AC PAT FLEX DORADO LE6282 54-17-140 C3,PRODUCTO_STOCKEABLE,Armazones,KAZWINI,,,,,UNIDAD,origen: ASUNCION=PC - Inventario.xlsx#1914@2026-08-03
ASU-106667,AC PAT FLEX MARRON YHY201516 53-17-143 C5,PRODUCTO_STOCKEABLE,Armazones,KAZWINI,,,,,UNIDAD,origen: ASUNCION=PC - Inventario.xlsx#1911@2026-08-03
ASU-106668,AC PAT FIJA ROSA D3500 52-18-142 C3,PRODUCTO_STOCKEABLE,Armazones,KAZWINI,,,,,UNIDAD,origen: ASUNCION=PC - Inventario.xlsx#1898@2026-08-03
ASU-106669,AC PAT FLEX MARRON H2963 49-16-135C617,PRODUCTO_STOCKEABLE,Armazones,Unicity,,,,,UNIDAD,origen: ASUNCION=PC - Inventario.xlsx#1785@2026-08-03
ASU-106670,AC PAT FLEX AZUL MIII004 47-14-1258 C06,PRODUCTO_STOCKEABLE,Armazones,Minions,,,,,UNIDAD,origen: ASUNCION=PC - Inventario.xlsx#1794@2026-08-03
ASU-106671,AC PAT FIJA LILA 7502 C2 42-14-130,PRODUCTO_STOCKEABLE,Armazones,Emeflex,,,,,UNIDAD,origen: ASUNCION=PC - Inventario.xlsx#1796@2026-08-03
ASU-106672,AC PAT FLEX NEGRO V1364 55-18-145 C508,PRODUCTO_STOCKEABLE,Armazones,Vicrola,,,,,UNIDAD,origen: ASUNCION=PC - Inventario.xlsx#1748@2026-08-03
ASU-106673,AC PAT FLEX MARRON 9000 51-17-142 C5,PRODUCTO_STOCKEABLE,Armazones,KAZWINI,,,,,UNIDAD,origen: ASUNCION=PC - Inventario.xlsx#1912@2026-08-03
ASU-106674,AC PAT FLEX ROSA CLIP 8010S 50-16-137,PRODUCTO_STOCKEABLE,Armazones,KAZWINI,,,,,UNIDAD,origen: ASUNCION=PC - Inventario.xlsx#1934@2026-08-03
ASU-106675,AC PAT FIJA ROSA D3496 54-17-142 C2,PRODUCTO_STOCKEABLE,Armazones,KAZWINI,,,,,UNIDAD,origen: ASUNCION=PC - Inventario.xlsx#1893@2026-08-03
ASU-106679,AH PAT FLEX NEGRO CLIP MLT25030 57-17-145 C1,PRODUCTO_STOCKEABLE,Armazones,KAZWINI,,,,,UNIDAD,origen: ASUNCION=PC - Inventario.xlsx#1924@2026-08-03
ASU-106680,AC PAT FLEX TRANSPARENTE H3617 53-20-140 C312,PRODUCTO_STOCKEABLE,Armazones,Unicity,,,,,UNIDAD,origen: ASUNCION=PC - Inventario.xlsx#1770@2026-08-03
ASU-106681,AC PAT FLEX AZUL V1376 54-15-140 C116,PRODUCTO_STOCKEABLE,Armazones,Vicrola,,,,,UNIDAD,origen: ASUNCION=PC - Inventario.xlsx#1752@2026-08-03
ASU-106682,AC PAT FLEX NEGRO H2702 49-17-138 C602,PRODUCTO_STOCKEABLE,Armazones,Unicity,,,,,UNIDAD,origen: ASUNCION=PC - Inventario.xlsx#1782@2026-08-03
ASU-106683,AC PAT FLEX AZUL V1264 56-18-145 C700,PRODUCTO_STOCKEABLE,Armazones,Vicrola,,,,,UNIDAD,origen: ASUNCION=PC - Inventario.xlsx#1755@2026-08-03
ASU-106684,AC PAT FIJA NEGRO LE6282 54-17-140 C1,PRODUCTO_STOCKEABLE,Armazones,KAZWINI,,,,,UNIDAD,origen: ASUNCION=PC - Inventario.xlsx#1900@2026-08-03
ASU-106688,AC PAT FIJA TRANSPARENTE H3577 54-18-145 C312,PRODUCTO_STOCKEABLE,Armazones,Unicity,,,,,UNIDAD,origen: ASUNCION=PC - Inventario.xlsx#1769@2026-08-03
ASU-106689,AC PAT FLEX MARRON 8991 52-16-142 C5,PRODUCTO_STOCKEABLE,Armazones,KAZWINI,,,,,UNIDAD,origen: ASUNCION=PC - Inventario.xlsx#1909@2026-08-03
ASU-106690,AC PAT FLEX LILA VENUS 48-15-130 41,PRODUCTO_STOCKEABLE,Armazones,Mira Flex,,,,,UNIDAD,origen: ASUNCION=PC - Inventario.xlsx#1793@2026-08-03
ASU-106691,AC PAT FLEX BLANCO H3660 55-18-145 C312,PRODUCTO_STOCKEABLE,Armazones,Unicity,,,,,UNIDAD,origen: ASUNCION=PC - Inventario.xlsx#1778@2026-08-03
ASU-106697,AC PAT FLEX NEGRO H3575 54-18-145 C302,PRODUCTO_STOCKEABLE,Armazones,Unicity,,,,,UNIDAD,origen: ASUNCION=PC - Inventario.xlsx#1765@2026-08-03
ASU-106707,AC PAT FLEX TRANSPARENTE H3575 54-18-145 C312,PRODUCTO_STOCKEABLE,Armazones,Unicity,,,,,UNIDAD,origen: ASUNCION=PC - Inventario.xlsx#1768@2026-08-03
ASU-106710,AC PAT FLEX MARRON V1376 54-15-140 C117,PRODUCTO_STOCKEABLE,Armazones,Vicrola,,,,,UNIDAD,origen: ASUNCION=PC - Inventario.xlsx#1753@2026-08-03
ASU-106713,AC PAT FLEX AZUL H3661 53-18-145 C316,PRODUCTO_STOCKEABLE,Armazones,Unicity,,,,,UNIDAD,origen: ASUNCION=PC - Inventario.xlsx#1774@2026-08-03
ASU-106716,AC PAT FLEX NEGRO ES6088 54-17-140 C1,PRODUCTO_STOCKEABLE,Armazones,KAZWINI,,,,,UNIDAD,origen: ASUNCION=PC - Inventario.xlsx#1807@2026-08-03
ASU-106718,AC PAT FLEX MARRON YG21148 52-19-145 C3,PRODUCTO_STOCKEABLE,Armazones,KAZWINI,,,,,UNIDAD,origen: ASUNCION=PC - Inventario.xlsx#1850@2026-08-03
ASU-106719,AC PAT FLEX AZUL MB23017 54-20-145 C4,PRODUCTO_STOCKEABLE,Armazones,KAZWINI,,,,,UNIDAD,origen: ASUNCION=PC - Inventario.xlsx#1865@2026-08-03
ASU-106720,AC PAT FLEX AZUL MB23019 53-19-148 C4,PRODUCTO_STOCKEABLE,Armazones,KAZWINI,,,,,UNIDAD,origen: ASUNCION=PC - Inventario.xlsx#1860@2026-08-03
ASU-106722,AC PAT FLEX ROSA VS8009 53-18-145 C2,PRODUCTO_STOCKEABLE,Armazones,KAZWINI,,,,,UNIDAD,origen: ASUNCION=PC - Inventario.xlsx#1822@2026-08-03
ASU-106724,AC PAT FLEX ROSA TP23004 54-17-145 C4,PRODUCTO_STOCKEABLE,Armazones,KAZWINI,,,,,UNIDAD,origen: ASUNCION=PC - Inventario.xlsx#1820@2026-08-03
ASU-106725,AC PAT FLEX AZUL YG21149 54-18-145 C2,PRODUCTO_STOCKEABLE,Armazones,KAZWINI,,,,,UNIDAD,origen: ASUNCION=PC - Inventario.xlsx#1862@2026-08-03
ASU-106726,AC PAT FLEX CELESTE 120577J 50-19-145 C07,PRODUCTO_STOCKEABLE,Armazones,KAZWINI,,,,,UNIDAD,origen: ASUNCION=PC - Inventario.xlsx#1832@2026-08-03
ASU-106727,AC PAT FLEX TRANSPARENTE MB23005 52-17-140 C5,PRODUCTO_STOCKEABLE,Armazones,KAZWINI,,,,,UNIDAD,origen: ASUNCION=PC - Inventario.xlsx#1868@2026-08-03
ASU-106732,AC PAT FLEX NEGRO 57187K 51-21-145 C10,PRODUCTO_STOCKEABLE,Armazones,KAZWINI,,,,,UNIDAD,origen: ASUNCION=PC - Inventario.xlsx#1880@2026-08-03
ASU-106734,AC PAT FLEX MARRON ES6097 53-18-140 C4,PRODUCTO_STOCKEABLE,Armazones,KAZWINI,,,,,UNIDAD,origen: ASUNCION=PC - Inventario.xlsx#1815@2026-08-03
ASU-106735,AC PAT FLEX NEGRO MB23008 52-20-140 C1,PRODUCTO_STOCKEABLE,Armazones,KAZWINI,,,,,UNIDAD,origen: ASUNCION=PC - Inventario.xlsx#1856@2026-08-03
ASU-106739,AC PAT FLEX ROSA MQ6529 55-17-145 C5,PRODUCTO_STOCKEABLE,Armazones,KAZWINI,,,,,UNIDAD,origen: ASUNCION=PC - Inventario.xlsx#1842@2026-08-03
ASU-106740,AC PAT FLEX NEGRO T-1197 54-17-145 C2,PRODUCTO_STOCKEABLE,Armazones,KAZWINI,,,,,UNIDAD,origen: ASUNCION=PC - Inventario.xlsx#1884@2026-08-03
ASU-106741,AC PAT FLEX AZUL TP8017 53-18-140 C2,PRODUCTO_STOCKEABLE,Armazones,KAZWINI,,,,,UNIDAD,origen: ASUNCION=PC - Inventario.xlsx#1830@2026-08-03
ASU-106743,AC PAT FLEX NEGRO YG21151 54-17-145 C1,PRODUCTO_STOCKEABLE,Armazones,KAZWINI,,,,,UNIDAD,origen: ASUNCION=PC - Inventario.xlsx#1879@2026-08-03
ASU-106744,AC PAT FLEX AZUL TP23004 54-17-145 C5,PRODUCTO_STOCKEABLE,Armazones,KAZWINI,,,,,UNIDAD,origen: ASUNCION=PC - Inventario.xlsx#1828@2026-08-03
ASU-106747,AC PAT FLEX BORDO YG21148 52-19-145 C4,PRODUCTO_STOCKEABLE,Armazones,KAZWINI,,,,,UNIDAD,origen: ASUNCION=PC - Inventario.xlsx#1853@2026-08-03
ASU-106749,AC PAT FLEX ROSA WJ5019 54-16-142 C2,PRODUCTO_STOCKEABLE,Armazones,KAZWINI,,,,,UNIDAD,origen: ASUNCION=PC - Inventario.xlsx#1821@2026-08-03
ASU-106751,AC PAT FLEX ROJO YL2025 53-18-140 C4,PRODUCTO_STOCKEABLE,Armazones,KAZWINI,,,,,UNIDAD,origen: ASUNCION=PC - Inventario.xlsx#1827@2026-08-03
ASU-106754,AC PAT FLEX NEGRO YG21152 52-19-145 C2,PRODUCTO_STOCKEABLE,Armazones,KAZWINI,,,,,UNIDAD,origen: ASUNCION=PC - Inventario.xlsx#1877@2026-08-03
ASU-106758,AC PAT FLEX VERDE YG21151 54-17-145 C5,PRODUCTO_STOCKEABLE,Armazones,KAZWINI,,,,,UNIDAD,origen: ASUNCION=PC - Inventario.xlsx#1870@2026-08-03
ASU-106759,AC PAT FLEX AZUL 57187K 51-21-145 C2,PRODUCTO_STOCKEABLE,Armazones,KAZWINI,,,,,UNIDAD,origen: ASUNCION=PC - Inventario.xlsx#1864@2026-08-03
ASU-106761,AC PAT FLEX NEGRO JG6008 51-18-145 C1,PRODUCTO_STOCKEABLE,Armazones,KAZWINI,,,,,UNIDAD,origen: ASUNCION=PC - Inventario.xlsx#1878@2026-08-03
ASU-106765,AC PAT FLEX ROSA YG21148 52-19-145 C2,PRODUCTO_STOCKEABLE,Armazones,KAZWINI,,,,,UNIDAD,origen: ASUNCION=PC - Inventario.xlsx#1835@2026-08-03
ASU-106766,AC PAT FLEX VERDE YG21152 52-19-145 C3,PRODUCTO_STOCKEABLE,Armazones,KAZWINI,,,,,UNIDAD,origen: ASUNCION=PC - Inventario.xlsx#1872@2026-08-03
ASU-106767,AC PAT FLEX MARRON ES6093 53-17-140 C2,PRODUCTO_STOCKEABLE,Armazones,KAZWINI,,,,,UNIDAD,origen: ASUNCION=PC - Inventario.xlsx#1814@2026-08-03
ASU-106768,AC PAT FLEX ROSA TM6318 53-17-142 C3,PRODUCTO_STOCKEABLE,Armazones,KAZWINI,,,,,UNIDAD,origen: ASUNCION=PC - Inventario.xlsx#1819@2026-08-03
ASU-106771,AC PAT FLEX MARRON YG21154 53-17-145 C4,PRODUCTO_STOCKEABLE,Armazones,KAZWINI,,,,,UNIDAD,origen: ASUNCION=PC - Inventario.xlsx#1813@2026-08-03
ASU-106772,AC PAT FLEX ANIMAL PRINT ES6088 54-17-140 C2,PRODUCTO_STOCKEABLE,Armazones,KAZWINI,,,,,UNIDAD,origen: ASUNCION=PC - Inventario.xlsx#1810@2026-08-03
ASU-106773,AC PAT FIJA ROSA MB 1419 53-17-145 C2,PRODUCTO_STOCKEABLE,Armazones,KAZWINI,,,,,UNIDAD,origen: ASUNCION=PC - Inventario.xlsx#1841@2026-08-03
ASU-106775,AC PAT FLEX NEGRO ES6078 55-18-145 C1,PRODUCTO_STOCKEABLE,Armazones,KAZWINI,,,,,UNIDAD,origen: ASUNCION=PC - Inventario.xlsx#1876@2026-08-03
ASU-106777,AC PAT FLEX MARRON MB23005 52-17-140 C3,PRODUCTO_STOCKEABLE,Armazones,KAZWINI,,,,,UNIDAD,origen: ASUNCION=PC - Inventario.xlsx#1874@2026-08-03
ASU-106778,AC PAT FLEX MARRON ES6078 55-18-145 C2,PRODUCTO_STOCKEABLE,Armazones,KAZWINI,,,,,UNIDAD,origen: ASUNCION=PC - Inventario.xlsx#1873@2026-08-03
ASU-106779,AC PAT FLEX BORDO G8114 52-17-145 C5,PRODUCTO_STOCKEABLE,Armazones,KAZWINI,,,,,UNIDAD,origen: ASUNCION=PC - Inventario.xlsx#1852@2026-08-03
ASU-106780,AC PAT FLEX NEGRO MB23015 48-21-145 C1,PRODUCTO_STOCKEABLE,Armazones,KAZWINI,,,,,UNIDAD,origen: ASUNCION=PC - Inventario.xlsx#1857@2026-08-03
ASU-106781,AC PAT FLEX GRIS MB23019 53-19-148 C3,PRODUCTO_STOCKEABLE,Armazones,KAZWINI,,,,,UNIDAD,origen: ASUNCION=PC - Inventario.xlsx#1859@2026-08-03
ASU-106783,AC PAT FLEX NEGRO 9785 52-17-142 C1,PRODUCTO_STOCKEABLE,Armazones,KAZWINI,,,,,UNIDAD,origen: ASUNCION=PC - Inventario.xlsx#1855@2026-08-03
ASU-106785,AC PAT FIJA ANIMAL PRINT MB1419 53-17-145 C5,PRODUCTO_STOCKEABLE,Armazones,KAZWINI,,,,,UNIDAD,origen: ASUNCION=PC - Inventario.xlsx#1851@2026-08-03
ASU-106786,AC PAT FLEX NEGRO TP8013 54-18-145 C1,PRODUCTO_STOCKEABLE,Armazones,KAZWINI,,,,,UNIDAD,origen: ASUNCION=PC - Inventario.xlsx#1805@2026-08-03
ASU-106787,AC PAT FLEX MARRON MB23008 52-20-140 C3,PRODUCTO_STOCKEABLE,Armazones,KAZWINI,,,,,UNIDAD,origen: ASUNCION=PC - Inventario.xlsx#1849@2026-08-03
ASU-106788,AC PAT FLEX AZUL VS8013 53-16-145 C5,PRODUCTO_STOCKEABLE,Armazones,KAZWINI,,,,,UNIDAD,origen: ASUNCION=PC - Inventario.xlsx#1847@2026-08-03
ASU-106791,AC PAT FLEX ANIMAL PRINT YG21147 51-18-145 C4,PRODUCTO_STOCKEABLE,Armazones,KAZWINI,,,,,UNIDAD,origen: ASUNCION=PC - Inventario.xlsx#1809@2026-08-03
ASU-106792,AC PAT FLEX ROSA MQ23031 54-17-142 C3,PRODUCTO_STOCKEABLE,Armazones,KAZWINI,,,,,UNIDAD,origen: ASUNCION=PC - Inventario.xlsx#1824@2026-08-03
ASU-106793,AC PAT FLEX NEGRO YG21147 51-18-145 C1,PRODUCTO_STOCKEABLE,Armazones,KAZWINI,,,,,UNIDAD,origen: ASUNCION=PC - Inventario.xlsx#1802@2026-08-03
ASU-106794,AC PAT FLEX NEGRO YL2025 53-18-140 C1,PRODUCTO_STOCKEABLE,Armazones,KAZWINI,,,,,UNIDAD,origen: ASUNCION=PC - Inventario.xlsx#1808@2026-08-03
ASU-106798,AC PAT FLEX MARRON CLIP MLT25029 57-17-145 C5,PRODUCTO_STOCKEABLE,Armazones,KAZWINI,,,,,UNIDAD,origen: ASUNCION=PC - Inventario.xlsx#1922@2026-08-03
ASU-106799,AC PAT FIJA ROSA D3500 52-18-142 C2,PRODUCTO_STOCKEABLE,Armazones,KAZWINI,,,,,UNIDAD,origen: ASUNCION=PC - Inventario.xlsx#1891@2026-08-03
ASU-106800,AC PAT FLEX DORADO CLIP 8008S 53-15-139,PRODUCTO_STOCKEABLE,Armazones,KAZWINI,,,,,UNIDAD,origen: ASUNCION=PC - Inventario.xlsx#1933@2026-08-03
ASU-106801,AC PAT FLEX MARRON JS8554 62-13-145 C105-P18,PRODUCTO_STOCKEABLE,Lentes de Sol,KAZWINI,,,,,UNIDAD,origen: ASUNCION=PC - Inventario.xlsx#7990@2026-08-03
ASU-106802,AC PAT FLEX TRANSPARENTE MB23014 54-18-141 C5,PRODUCTO_STOCKEABLE,Lentes de Sol,KAZWINI,,,,,UNIDAD,origen: ASUNCION=PC - Inventario.xlsx#8003@2026-08-03
ASU-106806,AC PAT FLEX BLANCO LE8844 55-16-140 C3,PRODUCTO_STOCKEABLE,Armazones,KAZWINI,,,,,UNIDAD,origen: ASUNCION=PC - Inventario.xlsx#1903@2026-08-03
ASU-106807,AC PAT FLEX AZUL JS8528 60-14-145 C05-P113,PRODUCTO_STOCKEABLE,Lentes de Sol,KAZWINI,,,,,UNIDAD,origen: ASUNCION=PC - Inventario.xlsx#7989@2026-08-03
ASU-106808,AC PAT FLEX NEGRO S6607 53-18-143 C5,PRODUCTO_STOCKEABLE,Lentes de Sol,KAZWINI,,,,,UNIDAD,origen: ASUNCION=PC - Inventario.xlsx#7982@2026-08-03
ASU-106809,AC PAT FLEX GRIS CLIP MLT25027 56-15-145 C4,PRODUCTO_STOCKEABLE,Armazones,KAZWINI,,,,,UNIDAD,origen: ASUNCION=PC - Inventario.xlsx#1923@2026-08-03
ASU-106811,AC PAT FLEX MARRON LE8844 55-16-140 C2,PRODUCTO_STOCKEABLE,Armazones,KAZWINI,,,,,UNIDAD,origen: ASUNCION=PC - Inventario.xlsx#1910@2026-08-03
ASU-106813,AC PAT FLEX NEGRO CLIP 8006S 50-17-140,PRODUCTO_STOCKEABLE,Armazones,KAZWINI,,,,,UNIDAD,origen: ASUNCION=PC - Inventario.xlsx#1932@2026-08-03
ASU-106814,AC PAT FLEX NEGRO CLIP,PRODUCTO_STOCKEABLE,Armazones,KAZWINI,,,,,UNIDAD,origen: ASUNCION=PC - Inventario.xlsx#1930@2026-08-03
ASU-106815,AC PAT FLEX NEGRO JS8554 62-13-145 C04-P101,PRODUCTO_STOCKEABLE,Lentes de Sol,KAZWINI,,,,,UNIDAD,origen: ASUNCION=PC - Inventario.xlsx#7988@2026-08-03
ASU-106816,AC PAT FLEX ROSA YHY201516 53-17-143 C3,PRODUCTO_STOCKEABLE,Armazones,KAZWINI,,,,,UNIDAD,origen: ASUNCION=PC - Inventario.xlsx#1890@2026-08-03
ASU-106817,AC PAT FLEX DORADO JS8554 62-13-145 C84-P120,PRODUCTO_STOCKEABLE,Lentes de Sol,KAZWINI,,,,,UNIDAD,origen: ASUNCION=PC - Inventario.xlsx#7986@2026-08-03
ASU-106823,AC PAT FLEX NEGRO T-1197 54-17-145 C8,PRODUCTO_STOCKEABLE,Armazones,KAZWINI,,,,,UNIDAD,origen: ASUNCION=PC - Inventario.xlsx#1885@2026-08-03
ASU-106824,AC PAT FLEX NEGRO 20233 53-16-145 C4,PRODUCTO_STOCKEABLE,Armazones,KAZWINI,,,,,UNIDAD,origen: ASUNCION=PC - Inventario.xlsx#1889@2026-08-03
ASU-106825,AC PAT FLEX NEGRO COOT-2018 53-18-140 C1,PRODUCTO_STOCKEABLE,Armazones,COOT,,,,,UNIDAD,origen: ASUNCION=PC - Inventario.xlsx#422@2026-08-03
ASU-106826,AC PAT FLEX BLANCO YHY201521 54-17-143 C4,PRODUCTO_STOCKEABLE,Armazones,KAZWINI,,,,,UNIDAD,origen: ASUNCION=PC - Inventario.xlsx#1904@2026-08-03
ASU-106828,AC PAT FLEX AZUL 87011 54-19-145 C5,PRODUCTO_STOCKEABLE,Armazones,KAZWINI,,,,,UNIDAD,origen: ASUNCION=PC - Inventario.xlsx#1882@2026-08-03
ASU-106829,AC PAT FLEX GRIS MB24809 53-18-147 C3,PRODUCTO_STOCKEABLE,Lentes de Sol,KAZWINI,,,,,UNIDAD,origen: ASUNCION=PC - Inventario.xlsx#7980@2026-08-03
ASU-106830,AC PAT FLEX NEGRO CLIP MLT25029 57-17-145 C2,PRODUCTO_STOCKEABLE,Armazones,KAZWINI,,,,,UNIDAD,origen: ASUNCION=PC - Inventario.xlsx#1920@2026-08-03
ASU-106831,AC PAT FLEX MARRON MB24809 53-18-147 C5,PRODUCTO_STOCKEABLE,Lentes de Sol,KAZWINI,,,,,UNIDAD,origen: ASUNCION=PC - Inventario.xlsx#7983@2026-08-03
ASU-106832,AC PAT FLEX NEGRO CLIP MLT25026 56-16-145 C2,PRODUCTO_STOCKEABLE,Armazones,KAZWINI,,,,,UNIDAD,origen: ASUNCION=PC - Inventario.xlsx#1925@2026-08-03
ASU-106833,AC PAT FLEX GRIS 20231 55-18-145 C5,PRODUCTO_STOCKEABLE,Armazones,KAZWINI,,,,,UNIDAD,origen: ASUNCION=PC - Inventario.xlsx#1881@2026-08-03
ASU-106835,AC PAT FIJA ANIMAL PRINT MB1419 53-17-145 C5,PRODUCTO_STOCKEABLE,Lentes de Sol,KAZWINI,,,,,UNIDAD,origen: ASUNCION=PC - Inventario.xlsx#8005@2026-08-03
ASU-106836,AC PAT FLEX NEGRO COOT-2014 54-18-142 C1,PRODUCTO_STOCKEABLE,Armazones,COOT,,,,,UNIDAD,origen: ASUNCION=PC - Inventario.xlsx#430@2026-08-03
ASU-106837,AC PAT FLEX AZUL COOT-2001 55-17-145 C2,PRODUCTO_STOCKEABLE,Armazones,COOT,,,,,UNIDAD,origen: ASUNCION=PC - Inventario.xlsx#418@2026-08-03
ASU-106838,AC PAT FLEX GRIS CLIP MLT25025 55-17-145 C4,PRODUCTO_STOCKEABLE,Armazones,KAZWINI,,,,,UNIDAD,origen: ASUNCION=PC - Inventario.xlsx#1926@2026-08-03
ASU-106840,AC PAT FLEX GRIS BE2508 54-17-145 C6,PRODUCTO_STOCKEABLE,Armazones,Belotti,,,,,UNIDAD,origen: ASUNCION=PC - Inventario.xlsx#411@2026-08-03
ASU-106841,AC PAT FLEX BEIGE COOT-2019 54-18-140 C4,PRODUCTO_STOCKEABLE,Armazones,COOT,,,,,UNIDAD,origen: ASUNCION=PC - Inventario.xlsx#421@2026-08-03
ASU-106842,AC PAT FLEX AZUL M314 54-18-140 C2,PRODUCTO_STOCKEABLE,Armazones,MIXXO,,,,,UNIDAD,origen: ASUNCION=PC - Inventario.xlsx#410@2026-08-03
ASU-106843,AC PAT FLEX NEGRO JS8528 C04-P144,PRODUCTO_STOCKEABLE,Lentes de Sol,KAZWINI,,,,,UNIDAD,origen: ASUNCION=PC - Inventario.xlsx#7987@2026-08-03
ASU-106844,AC PAT FLEX NEGRO CLIP MLT25027 56-15-145 C1,PRODUCTO_STOCKEABLE,Armazones,KAZWINI,,,,,UNIDAD,origen: ASUNCION=PC - Inventario.xlsx#1928@2026-08-03
ASU-106845,AC PAT FLEX NEGRO COOT-2001 55-17-145 C3,PRODUCTO_STOCKEABLE,Armazones,COOT,,,,,UNIDAD,origen: ASUNCION=PC - Inventario.xlsx#420@2026-08-03
ASU-106846,AH PAT FLEX NEGRO COOT-2013 56-18-142 C1,PRODUCTO_STOCKEABLE,Armazones,COOT,,,,,UNIDAD,origen: ASUNCION=PC - Inventario.xlsx#473@2026-08-03
ASU-106847,AC PAT FLEX NEGRO TG2810 52-18-145 C3,PRODUCTO_STOCKEABLE,Armazones,KAZWINI,,,,,UNIDAD,origen: ASUNCION=PC - Inventario.xlsx#1887@2026-08-03
ASU-106848,AH PAT FLEX GRIS COOT-2022 53-18-140 C5,PRODUCTO_STOCKEABLE,Armazones,COOT,,,,,UNIDAD,origen: ASUNCION=PC - Inventario.xlsx#426@2026-08-03
ASU-106849,AC PAT FLEX MARRON JS8531 62-14-143 C184-P140,PRODUCTO_STOCKEABLE,Lentes de Sol,KAZWINI,,,,,UNIDAD,origen: ASUNCION=PC - Inventario.xlsx#7985@2026-08-03
ASU-106850,AC PAT FLEX GRIS JS8528 60-14-145 C85-P139,PRODUCTO_STOCKEABLE,Lentes de Sol,KAZWINI,,,,,UNIDAD,origen: ASUNCION=PC - Inventario.xlsx#7984@2026-08-03
ASU-106852,AC PAT FIJA NEGRO YD1182 53-18-145 C1,PRODUCTO_STOCKEABLE,Lentes de Sol,KAZWINI,,,,,UNIDAD,origen: ASUNCION=PC - Inventario.xlsx#8007@2026-08-03
ASU-106853,AH PAT FLEX ROSA COOT-2022 53-18-140 C3,PRODUCTO_STOCKEABLE,Armazones,COOT,,,,,UNIDAD,origen: ASUNCION=PC - Inventario.xlsx#425@2026-08-03
ASU-106854,AC PAT FLEX NEGRO NYLON SL1104 60-17-125 C2,PRODUCTO_STOCKEABLE,Lentes de Sol,KAZWINI,,,,,UNIDAD,origen: ASUNCION=PC - Inventario.xlsx#7991@2026-08-03
ASU-106855,AC PAT FLEX NEGRO COOT-2017 53-17-140 C1,PRODUCTO_STOCKEABLE,Armazones,COOT,,,,,UNIDAD,origen: ASUNCION=PC - Inventario.xlsx#423@2026-08-03
ASU-106857,AC PAT FLEX GRIS M1612 49-15-140 C12,PRODUCTO_STOCKEABLE,Armazones,MIXXO,,,,,UNIDAD,origen: ASUNCION=PC - Inventario.xlsx#392@2026-08-03
ASU-106861,AC PAT FLEX AZUL NYLON SL1104 60-17-125 C4,PRODUCTO_STOCKEABLE,Lentes de Sol,KAZWINI,,,,,UNIDAD,origen: ASUNCION=PC - Inventario.xlsx#7992@2026-08-03
ASU-106862,AC PAT FLEX TRANSPARENTE MB23016 54-19-145 C5,PRODUCTO_STOCKEABLE,Lentes de Sol,KAZWINI,,,,,UNIDAD,origen: ASUNCION=PC - Inventario.xlsx#8000@2026-08-03
ASU-106863,AC PAT FLEX MARRON NYLON SL1101 58-20-125 C5,PRODUCTO_STOCKEABLE,Lentes de Sol,KAZWINI,,,,,UNIDAD,origen: ASUNCION=PC - Inventario.xlsx#7994@2026-08-03
ASU-106864,AC PAT FIJA ROSA MB1419 53-17-145 C2,PRODUCTO_STOCKEABLE,Lentes de Sol,KAZWINI,,,,,UNIDAD,origen: ASUNCION=PC - Inventario.xlsx#7999@2026-08-03
ASU-106865,AC PAT FLEX MARRON MB23008 52-20-140 C3,PRODUCTO_STOCKEABLE,Lentes de Sol,KAZWINI,,,,,UNIDAD,origen: ASUNCION=PC - Inventario.xlsx#7998@2026-08-03
ASU-106866,AC PAT FLEX ROSA YD1358 55-14-145 C3,PRODUCTO_STOCKEABLE,Lentes de Sol,KAZWINI,,,,,UNIDAD,origen: ASUNCION=PC - Inventario.xlsx#7997@2026-08-03
ASU-106867,AC PAT FLEX MARRON MB23014 54-18-141 C2,PRODUCTO_STOCKEABLE,Lentes de Sol,KAZWINI,,,,,UNIDAD,origen: ASUNCION=PC - Inventario.xlsx#8001@2026-08-03
ASU-106868,AC PAT FLEX NEGRO MB23014 54-18-141 C1,PRODUCTO_STOCKEABLE,Lentes de Sol,KAZWINI,,,,,UNIDAD,origen: ASUNCION=PC - Inventario.xlsx#7996@2026-08-03
ASU-106869,AC PAT FIJA BORDO FG1596 54-17-145 C3,PRODUCTO_STOCKEABLE,Lentes de Sol,KAZWINI,,,,,UNIDAD,origen: ASUNCION=PC - Inventario.xlsx#8004@2026-08-03
ASU-106871,AC PAT FLEX NEGRO NYLON SL1101 54-20-125 C2,PRODUCTO_STOCKEABLE,Lentes de Sol,KAZWINI,,,,,UNIDAD,origen: ASUNCION=PC - Inventario.xlsx#7993@2026-08-03
ASU-106872,AC PAT FIJA ANIMAL PRINT YD1328 46-25-145 C2,PRODUCTO_STOCKEABLE,Lentes de Sol,KAZWINI,,,,,UNIDAD,origen: ASUNCION=PC - Inventario.xlsx#7995@2026-08-03
ASU-106873,AC PAT FLEX MARRON TA1029 54-16-140 C3,PRODUCTO_STOCKEABLE,Armazones,Altania,,,,,UNIDAD,origen: ASUNCION=PC - Inventario.xlsx#2035@2026-08-03
ASU-106876,AC PAT FLEX ROSA M2650 53-17-140 C6,PRODUCTO_STOCKEABLE,Armazones,MIXXO,,,,,UNIDAD,origen: ASUNCION=PC - Inventario.xlsx#390@2026-08-03
ASU-106878,AC PAT FLEX DORADO WH6009 56-16-140 C3,PRODUCTO_STOCKEABLE,Armazones,Betania,,,,,UNIDAD,origen: ASUNCION=PC - Inventario.xlsx#1996@2026-08-03
ASU-106879,AC PAT FIJA ANIMAL PRINT COOT-1033 52-18-145 C5,PRODUCTO_STOCKEABLE,Armazones,COOT,,,,,UNIDAD,origen: ASUNCION=PC - Inventario.xlsx#437@2026-08-03
ASU-106882,AC PAT FIJA GRIS COOT-6015 54-20-145 C3,PRODUCTO_STOCKEABLE,Lentes de Sol,COOT,,,,,UNIDAD,origen: ASUNCION=PC - Inventario.xlsx#8009@2026-08-03
ASU-106883,AC PAT FIJA ANIMAL PRINT COOT-6015 54-20-145 C2,PRODUCTO_STOCKEABLE,Lentes de Sol,COOT,,,,,UNIDAD,origen: ASUNCION=PC - Inventario.xlsx#8010@2026-08-03
ASU-106884,AC PAT FLEX NEGRO COOT-2011 55-18-142 C1,PRODUCTO_STOCKEABLE,Armazones,COOT,,,,,UNIDAD,origen: ASUNCION=PC - Inventario.xlsx#429@2026-08-03
ASU-106885,AC PAT FLEX NEGRO COOT-2015 56-18-142 C1,PRODUCTO_STOCKEABLE,Armazones,COOT,,,,,UNIDAD,origen: ASUNCION=PC - Inventario.xlsx#431@2026-08-03
ASU-106886,AC PAT FIJA GRIS COOT-1020 51-17-145 C5,PRODUCTO_STOCKEABLE,Armazones,COOT,,,,,UNIDAD,origen: ASUNCION=PC - Inventario.xlsx#438@2026-08-03
ASU-106888,AC PAT FIJA ROJO-NARANJA-ROSA M9025-1 49-18-140 C4,PRODUCTO_STOCKEABLE,Armazones,MIXXO,,,,,UNIDAD,origen: ASUNCION=PC - Inventario.xlsx#374@2026-08-03
ASU-106890,AC PAT FIJA MARRON T91042 51-20-145 C3,PRODUCTO_STOCKEABLE,Lentes de Sol,COOT,,,,,UNIDAD,origen: ASUNCION=PC - Inventario.xlsx#8011@2026-08-03
ASU-106892,AC PAT FIJA ROSA M5100 54-16-145 C2,PRODUCTO_STOCKEABLE,Armazones,MIXXO,,,,,UNIDAD,origen: ASUNCION=PC - Inventario.xlsx#371@2026-08-03
ASU-106893,AC PAT FLEX NEGRO YHY6878 55-18-142 C1,PRODUCTO_STOCKEABLE,Armazones,COOT,,,,,UNIDAD,origen: ASUNCION=PC - Inventario.xlsx#433@2026-08-03
ASU-106894,AC PAT FIJA VERDE-LILA-AMARILLA M9025 49-18-140 C3,PRODUCTO_STOCKEABLE,Armazones,MIXXO,,,,,UNIDAD,origen: ASUNCION=PC - Inventario.xlsx#373@2026-08-03
ASU-106895,AC PAT FLEX ROSA YHY6878 55-18-142 C5,PRODUCTO_STOCKEABLE,Armazones,COOT,,,,,UNIDAD,origen: ASUNCION=PC - Inventario.xlsx#432@2026-08-03
ASU-106897,AC PAT FIJA GRIS COOT-1008 52-18-145 C2,PRODUCTO_STOCKEABLE,Armazones,COOT,,,,,UNIDAD,origen: ASUNCION=PC - Inventario.xlsx#440@2026-08-03
ASU-106900,AC PAT FIJA TRANSPARENTE M90025 52-20-140 C4,PRODUCTO_STOCKEABLE,Armazones,MIXXO,,,,,UNIDAD,origen: ASUNCION=PC - Inventario.xlsx#382@2026-08-03
ASU-106901,AC PAT FLEX NEGRO M26020 54-17-143 C2,PRODUCTO_STOCKEABLE,Armazones,MIXXO,,,,,UNIDAD,origen: ASUNCION=PC - Inventario.xlsx#378@2026-08-03
ASU-106902,AC PAT FLEX AZUL M9008 56-17-145 C3,PRODUCTO_STOCKEABLE,Armazones,MIXXO,,,,,UNIDAD,origen: ASUNCION=PC - Inventario.xlsx#386@2026-08-03
ASU-106903,AC PAT FLEX NEGRO M5109 52-17-140 C1,PRODUCTO_STOCKEABLE,Armazones,MIXXO,,,,,UNIDAD,origen: ASUNCION=PC - Inventario.xlsx#379@2026-08-03
ASU-106904,AC PAT FIJA GRIS M5100 54-16-145 C3,PRODUCTO_STOCKEABLE,Armazones,MIXXO,,,,,UNIDAD,origen: ASUNCION=PC - Inventario.xlsx#372@2026-08-03
ASU-106905,AC PAT FIJA TRANSPARENTE M9019 56-17-145 C2,PRODUCTO_STOCKEABLE,Armazones,MIXXO,,,,,UNIDAD,origen: ASUNCION=PC - Inventario.xlsx#380@2026-08-03
ASU-106907,AH PAT FIJA DORADO ML9002 53-17-140 C1,PRODUCTO_STOCKEABLE,Armazones,MIXXO,,,,,UNIDAD,origen: ASUNCION=PC - Inventario.xlsx#397@2026-08-03
ASU-106909,AC PAT FIJA TRANSPARENTE M9018 55-19-145 C1,PRODUCTO_STOCKEABLE,Armazones,MIXXO,,,,,UNIDAD,origen: ASUNCION=PC - Inventario.xlsx#383@2026-08-03
ASU-106910,AC PAT FIJA NEGRO COOT-5005 49-23-145 C1,PRODUCTO_STOCKEABLE,Lentes de Sol,COOT,,,,,UNIDAD,origen: ASUNCION=PC - Inventario.xlsx#8013@2026-08-03
ASU-106912,AC PAT FLEX ROSA COOT-2017 53-17-140 C2,PRODUCTO_STOCKEABLE,Armazones,COOT,,,,,UNIDAD,origen: ASUNCION=PC - Inventario.xlsx#435@2026-08-03
ASU-106913,AC PAT FLEX NEGRO COOT-2001 55-17-145 C1,PRODUCTO_STOCKEABLE,Armazones,COOT,,,,,UNIDAD,origen: ASUNCION=PC - Inventario.xlsx#419@2026-08-03
ASU-106914,AC PAT FLEX GRIS M90007 54-17-145 C2,PRODUCTO_STOCKEABLE,Armazones,MIXXO,,,,,UNIDAD,origen: ASUNCION=PC - Inventario.xlsx#387@2026-08-03
ASU-106915,AC PAT FLEX NEGRO M320 53-16-140 C2,PRODUCTO_STOCKEABLE,Armazones,MIXXO,,,,,UNIDAD,origen: ASUNCION=PC - Inventario.xlsx#405@2026-08-03
ASU-106916,AC PAT FLEX AZUL M302 53-19-138 C2,PRODUCTO_STOCKEABLE,Armazones,MIXXO,,,,,UNIDAD,origen: ASUNCION=PC - Inventario.xlsx#402@2026-08-03
ASU-106917,AC PAT FLEX CELESTE-ROSA B2500 52-19-142 C4,PRODUCTO_STOCKEABLE,Armazones,Belotti,,,,,UNIDAD,origen: ASUNCION=PC - Inventario.xlsx#414@2026-08-03
ASU-106920,AC PAT FLEX ROSA M1608 46-16-140 C13,PRODUCTO_STOCKEABLE,Armazones,MIXXO,,,,,UNIDAD,origen: ASUNCION=PC - Inventario.xlsx#395@2026-08-03
ASU-106921,AH PAT FLEX NEGRO M321 55-18-140 C1,PRODUCTO_STOCKEABLE,Armazones,MIXXO,,,,,UNIDAD,origen: ASUNCION=PC - Inventario.xlsx#407@2026-08-03
ASU-106923,AH PAT FLEX NEGRO M324 59-16-140 C1,PRODUCTO_STOCKEABLE,Armazones,MIXXO,,,,,UNIDAD,origen: ASUNCION=PC - Inventario.xlsx#409@2026-08-03
ASU-106924,AC PAT FLEX NEGRO M314 54-18-140 C1,PRODUCTO_STOCKEABLE,Armazones,MIXXO,,,,,UNIDAD,origen: ASUNCION=PC - Inventario.xlsx#404@2026-08-03
ASU-106925,AC PAT FLEX CELESTE BE2509 54-19-145 C5,PRODUCTO_STOCKEABLE,Armazones,Belotti,,,,,UNIDAD,origen: ASUNCION=PC - Inventario.xlsx#413@2026-08-03
ASU-106926,AC PAT FLEX DORADO M320 53-16-140 C1,PRODUCTO_STOCKEABLE,Armazones,MIXXO,,,,,UNIDAD,origen: ASUNCION=PC - Inventario.xlsx#400@2026-08-03
ASU-106927,AC PAT FLEX MARRON M316 52-16-140 C2,PRODUCTO_STOCKEABLE,Armazones,MIXXO,,,,,UNIDAD,origen: ASUNCION=PC - Inventario.xlsx#401@2026-08-03
ASU-106928,AC PAT FLEX NEGRO M2676 49-15-140 C1,PRODUCTO_STOCKEABLE,Armazones,MIXXO,,,,,UNIDAD,origen: ASUNCION=PC - Inventario.xlsx#393@2026-08-03
ASU-106930,AC PAT FLEX FUCSIA M1606 51-15-140 C15,PRODUCTO_STOCKEABLE,Armazones,MIXXO,,,,,UNIDAD,origen: ASUNCION=PC - Inventario.xlsx#394@2026-08-03
ASU-106931,AC PAT FLEX ROSA M1617 42-16-118 C2,PRODUCTO_STOCKEABLE,Armazones,MIXXO,,,,,UNIDAD,origen: ASUNCION=PC - Inventario.xlsx#391@2026-08-03
ASU-106932,AC PAT FLEX LILA M1612 49-15-140 C15,PRODUCTO_STOCKEABLE,Armazones,MIXXO,,,,,UNIDAD,origen: ASUNCION=PC - Inventario.xlsx#388@2026-08-03
ASU-106933,AC PAT FLEX NEGRO M318 53-17-138 C1,PRODUCTO_STOCKEABLE,Armazones,MIXXO,,,,,UNIDAD,origen: ASUNCION=PC - Inventario.xlsx#403@2026-08-03
ASU-106934,AC PAT FLEX PLATEADO M8023 57-17-143 C4,PRODUCTO_STOCKEABLE,Armazones,COOT,,,,,UNIDAD,origen: ASUNCION=PC - Inventario.xlsx#471@2026-08-03
ASU-106935,AH PAT FIJA DORADO ML9002 53-17-140 C2,PRODUCTO_STOCKEABLE,Armazones,MIXXO,,,,,UNIDAD,origen: ASUNCION=PC - Inventario.xlsx#396@2026-08-03
ASU-106938,AC PAT FLEX PLATEADO M8024 59-16-143 C4,PRODUCTO_STOCKEABLE,Armazones,COOT,,,,,UNIDAD,origen: ASUNCION=PC - Inventario.xlsx#469@2026-08-03
ASU-106939,AC PAT FLEX PLATEADO WH6009 56-16-140 C2,PRODUCTO_STOCKEABLE,Armazones,Betania,,,,,UNIDAD,origen: ASUNCION=PC - Inventario.xlsx#1997@2026-08-03
ASU-106940,AC PAT FIJA TRANSPARENTE M5068 54-19-145 C4,PRODUCTO_STOCKEABLE,Armazones,MIXXO,,,,,UNIDAD,origen: ASUNCION=PC - Inventario.xlsx#384@2026-08-03
ASU-106941,AC PAT FLEX NEGRO B2004 54-16-143 C1,PRODUCTO_STOCKEABLE,Armazones,Belotti,,,,,UNIDAD,origen: ASUNCION=PC - Inventario.xlsx#417@2026-08-03
ASU-106942,AC PAT FLEX NEGRO M26011 58-18-142 C1,PRODUCTO_STOCKEABLE,Armazones,MIXXO,,,,,UNIDAD,origen: ASUNCION=PC - Inventario.xlsx#385@2026-08-03
ASU-106944,AH PAT FLEX NEGRO MQ5355 56-18-145 C1,PRODUCTO_STOCKEABLE,Armazones,Betania,,,,,UNIDAD,origen: ASUNCION=PC - Inventario.xlsx#1988@2026-08-03
ASU-106945,AC PAT FLEX PLATEADO M8028 57-16-143 C4,PRODUCTO_STOCKEABLE,Armazones,COOT,,,,,UNIDAD,origen: ASUNCION=PC - Inventario.xlsx#468@2026-08-03
ASU-106947,AC PAT FLEX PLATEADO M8028 57-16-143 C4,PRODUCTO_STOCKEABLE,Armazones,COOT,,,,,UNIDAD,origen: ASUNCION=PC - Inventario.xlsx#470@2026-08-03
ASU-106948,AC PAT FLEX MARRON DP RDA10146 54-18-145 C3,PRODUCTO_STOCKEABLE,Armazones,Betania,,,,,UNIDAD,origen: ASUNCION=PC - Inventario.xlsx#2009@2026-08-03
ASU-106949,AC PAT FLEX GRIS B2004 54-16-143 C5,PRODUCTO_STOCKEABLE,Armazones,Belotti,,,,,UNIDAD,origen: ASUNCION=PC - Inventario.xlsx#416@2026-08-03
ASU-106950,AC PAT FLEX AZUL M8023 57-17-143 C5,PRODUCTO_STOCKEABLE,Armazones,COOT,,,,,UNIDAD,origen: ASUNCION=PC - Inventario.xlsx#472@2026-08-03
ASU-106952,AC PAT FIJA TRANSPARENTE T91042 51-20-145 C4,PRODUCTO_STOCKEABLE,Lentes de Sol,COOT,,,,,UNIDAD,origen: ASUNCION=PC - Inventario.xlsx#8012@2026-08-03
ASU-106953,AC PAT FLEX NEGRO COOT-1041 53-16-140 C1,PRODUCTO_STOCKEABLE,Armazones,COOT,,,,,UNIDAD,origen: ASUNCION=PC - Inventario.xlsx#442@2026-08-03
ASU-106954,AC PAT FLEX NEGRO COOT-2006 51-17-140 C1,PRODUCTO_STOCKEABLE,Armazones,COOT,,,,,UNIDAD,origen: ASUNCION=PC - Inventario.xlsx#434@2026-08-03
ASU-106956,AC PAT FLEX TRANSPARENTE TA1042 51-18-140 C3,PRODUCTO_STOCKEABLE,Armazones,Altania,,,,,UNIDAD,origen: ASUNCION=PC - Inventario.xlsx#1967@2026-08-03
ASU-106959,AC PAT FLEX NEGRO LE6453 55-16-140 C1,PRODUCTO_STOCKEABLE,Armazones,Altania,,,,,UNIDAD,origen: ASUNCION=PC - Inventario.xlsx#2032@2026-08-03
ASU-106961,AH PAT FLEX MARRON V81906 54-17-145 C5,PRODUCTO_STOCKEABLE,Armazones,Betania,,,,,UNIDAD,origen: ASUNCION=PC - Inventario.xlsx#2069@2026-08-03
ASU-106962,AH PAT FLEX MARRON 25108 52-17-138 C4,PRODUCTO_STOCKEABLE,Armazones,Betania,,,,,UNIDAD,origen: ASUNCION=PC - Inventario.xlsx#2066@2026-08-03
ASU-106963,AC PAT FLEX MARRON CH8813 57-14-145 C2,PRODUCTO_STOCKEABLE,Armazones,Betania,,,,,UNIDAD,origen: ASUNCION=PC - Inventario.xlsx#2004@2026-08-03
ASU-106965,AC PAT FLEX MARRON V81902 53-17-145 C5,PRODUCTO_STOCKEABLE,Armazones,Betania,,,,,UNIDAD,origen: ASUNCION=PC - Inventario.xlsx#2055@2026-08-03
ASU-106967,AC PAT FLEX NEGRO 25106 54-16-140 C7,PRODUCTO_STOCKEABLE,Armazones,Betania,,,,,UNIDAD,origen: ASUNCION=PC - Inventario.xlsx#2060@2026-08-03
ASU-106969,AC PAT FLEX NEGRO TA1042 51-18-140 C1,PRODUCTO_STOCKEABLE,Armazones,Altania,,,,,UNIDAD,origen: ASUNCION=PC - Inventario.xlsx#1971@2026-08-03
ASU-106970,AC PAT FLEX NEGRO TA1029 54-16-140 C2,PRODUCTO_STOCKEABLE,Armazones,Altania,,,,,UNIDAD,origen: ASUNCION=PC - Inventario.xlsx#2030@2026-08-03
ASU-106972,AC PAT FLEX NEGRO CH8813 57-14-145 C5,PRODUCTO_STOCKEABLE,Armazones,Betania,,,,,UNIDAD,origen: ASUNCION=PC - Inventario.xlsx#2003@2026-08-03
ASU-106977,AC PAT FLEX AZUL 1252 47-16-125 C2,PRODUCTO_STOCKEABLE,Armazones,Altania,,,,,UNIDAD,origen: ASUNCION=PC - Inventario.xlsx#1955@2026-08-03
ASU-106978,AC PAT FLEX NEGRO TA1049 58-15-145 C1,PRODUCTO_STOCKEABLE,Armazones,Altania,,,,,UNIDAD,origen: ASUNCION=PC - Inventario.xlsx#1984@2026-08-03
ASU-106980,AC PAT FLEX ROSA J0048 48-17-138 C5,PRODUCTO_STOCKEABLE,Armazones,Betania,,,,,UNIDAD,origen: ASUNCION=PC - Inventario.xlsx#1974@2026-08-03
ASU-106981,AC PAT FLEX NEGRO TA1051 56-16-145 C4,PRODUCTO_STOCKEABLE,Armazones,Altania,,,,,UNIDAD,origen: ASUNCION=PC - Inventario.xlsx#1982@2026-08-03
ASU-106982,AC PAT FLEX NEGRO 88915 51-16-140 C1,PRODUCTO_STOCKEABLE,Armazones,Betania,,,,,UNIDAD,origen: ASUNCION=PC - Inventario.xlsx#1968@2026-08-03
ASU-106983,AC PAT FLEX ROSA 1304 50-14-125 C5,PRODUCTO_STOCKEABLE,Armazones,Altania,,,,,UNIDAD,origen: ASUNCION=PC - Inventario.xlsx#1942@2026-08-03
ASU-106984,AH PAT FLEX NEGRO M8608 52-17-140 C2,PRODUCTO_STOCKEABLE,Armazones,Betania,,,,,UNIDAD,origen: ASUNCION=PC - Inventario.xlsx#1991@2026-08-03
ASU-106985,AC PAT FLEX AZUL TA1042 51-18-140 C2,PRODUCTO_STOCKEABLE,Armazones,Altania,,,,,UNIDAD,origen: ASUNCION=PC - Inventario.xlsx#1972@2026-08-03
ASU-106986,AH PAT FLEX GRIS MQ5355 56-18-145 C4,PRODUCTO_STOCKEABLE,Armazones,Betania,,,,,UNIDAD,origen: ASUNCION=PC - Inventario.xlsx#1990@2026-08-03
ASU-106987,AC PAT FLEX NEGRO K7051 52-15-145 C1,PRODUCTO_STOCKEABLE,Armazones,Betania,,,,,UNIDAD,origen: ASUNCION=PC - Inventario.xlsx#1975@2026-08-03
ASU-106988,AC PAT FLEX ROSA 1303 50-14-125 C5,PRODUCTO_STOCKEABLE,Armazones,Altania,,,,,UNIDAD,origen: ASUNCION=PC - Inventario.xlsx#1947@2026-08-03
ASU-106989,AC PAT FLEX NEGRO TA1042 51-18-140 C1,PRODUCTO_STOCKEABLE,Armazones,Altania,,,,,UNIDAD,origen: ASUNCION=PC - Inventario.xlsx#1969@2026-08-03
ASU-106990,AC PAT FLEX AZUL 97258 53-17-142 C7,PRODUCTO_STOCKEABLE,Armazones,Betania,,,,,UNIDAD,origen: ASUNCION=PC - Inventario.xlsx#2013@2026-08-03
ASU-106991,AC PAT FLEX NEGRO 60073 53-18-142 C1,PRODUCTO_STOCKEABLE,Armazones,Betania,,,,,UNIDAD,origen: ASUNCION=PC - Inventario.xlsx#2011@2026-08-03
ASU-106992,AC PAT FLEX TRANSPARENTE DP RDA10146 54-18-145 C4,PRODUCTO_STOCKEABLE,Armazones,Betania,,,,,UNIDAD,origen: ASUNCION=PC - Inventario.xlsx#2016@2026-08-03
ASU-106993,AC PAT FLEX NEGRO K7090 50-18-150 C1,PRODUCTO_STOCKEABLE,Armazones,Betania,,,,,UNIDAD,origen: ASUNCION=PC - Inventario.xlsx#1976@2026-08-03
ASU-106995,AC PAT FLEX NEGRO DP RDA10146 54-18-145 C1,PRODUCTO_STOCKEABLE,Armazones,Betania,,,,,UNIDAD,origen: ASUNCION=PC - Inventario.xlsx#2008@2026-08-03
ASU-106996,AC PAT FLEX CELESTE 1252 47-16-125 C4,PRODUCTO_STOCKEABLE,Armazones,Altania,,,,,UNIDAD,origen: ASUNCION=PC - Inventario.xlsx#1956@2026-08-03
ASU-106997,AC PAT FLEX NEGRO 1254 48-16-125 C1,PRODUCTO_STOCKEABLE,Armazones,Altania,,,,,UNIDAD,origen: ASUNCION=PC - Inventario.xlsx#1953@2026-08-03
ASU-106999,AC PAT FLEX AZUL 1254 48-16-125 C2,PRODUCTO_STOCKEABLE,Armazones,Altania,,,,,UNIDAD,origen: ASUNCION=PC - Inventario.xlsx#1963@2026-08-03
ASU-107001,AC PAT FLEX NEGRO K7051 52-15-145 C5,PRODUCTO_STOCKEABLE,Armazones,Betania,,,,,UNIDAD,origen: ASUNCION=PC - Inventario.xlsx#1970@2026-08-03
ASU-107003,AC PAT FLEX LILA 1301 48-16-125 C6,PRODUCTO_STOCKEABLE,Armazones,Altania,,,,,UNIDAD,origen: ASUNCION=PC - Inventario.xlsx#1960@2026-08-03
ASU-107004,AC PAT FLEX CELESTE 1254 48-16-125 C4,PRODUCTO_STOCKEABLE,Armazones,Altania,,,,,UNIDAD,origen: ASUNCION=PC - Inventario.xlsx#1959@2026-08-03
ASU-107005,AC PAT FLEX AZUL K7090 50-18-150 C2,PRODUCTO_STOCKEABLE,Armazones,Betania,,,,,UNIDAD,origen: ASUNCION=PC - Inventario.xlsx#1981@2026-08-03
ASU-107006,AC PAT FLEX NEGRO TA1049 58-15-145 C2,PRODUCTO_STOCKEABLE,Armazones,Altania,,,,,UNIDAD,origen: ASUNCION=PC - Inventario.xlsx#1986@2026-08-03
ASU-107007,AH PAT FLEX NEGRO WH6010 54-17-140 C2,PRODUCTO_STOCKEABLE,Armazones,Betania,,,,,UNIDAD,origen: ASUNCION=PC - Inventario.xlsx#2006@2026-08-03
ASU-107009,AH PAT FLEX NEGRO WH6010 54-17-140 C1,PRODUCTO_STOCKEABLE,Armazones,Betania,,,,,UNIDAD,origen: ASUNCION=PC - Inventario.xlsx#2005@2026-08-03
ASU-107010,AC PAT FLEX CELESTE 1301 48-16-125 C4,PRODUCTO_STOCKEABLE,Armazones,Altania,,,,,UNIDAD,origen: ASUNCION=PC - Inventario.xlsx#1958@2026-08-03
ASU-107011,AC PAT FLEX NEGRO K7090 50-18-150 C5,PRODUCTO_STOCKEABLE,Armazones,Betania,,,,,UNIDAD,origen: ASUNCION=PC - Inventario.xlsx#1980@2026-08-03
ASU-107012,AH PAT FLEX NEGRO WH6010 54-17-140 C3,PRODUCTO_STOCKEABLE,Armazones,Betania,,,,,UNIDAD,origen: ASUNCION=PC - Inventario.xlsx#1999@2026-08-03
ASU-107013,AC PAT FLEX ANIMAL PRINT RA9640 54-17-145 C4,PRODUCTO_STOCKEABLE,Armazones,Altania,,,,,UNIDAD,origen: ASUNCION=PC - Inventario.xlsx#2094@2026-08-03
ASU-107014,AC PAT FLEX MARRON 60101 52-18-140 C4,PRODUCTO_STOCKEABLE,Armazones,Betania,,,,,UNIDAD,origen: ASUNCION=PC - Inventario.xlsx#2088@2026-08-03
ASU-107015,AC PAT FLEX ROSA 1254 48-16-125 C5,PRODUCTO_STOCKEABLE,Armazones,Altania,,,,,UNIDAD,origen: ASUNCION=PC - Inventario.xlsx#1944@2026-08-03
ASU-107016,AC PAT FLEX NEGRO 1204 45-15-120 C1,PRODUCTO_STOCKEABLE,Armazones,Altania,,,,,UNIDAD,origen: ASUNCION=PC - Inventario.xlsx#1935@2026-08-03
ASU-107018,AC PAT FLEX ROSA 1203 44-16-120 C3,PRODUCTO_STOCKEABLE,Armazones,Altania,,,,,UNIDAD,origen: ASUNCION=PC - Inventario.xlsx#1957@2026-08-03
ASU-107019,AC PAT FLEX NEGRO 1302 49-16-125 C1,PRODUCTO_STOCKEABLE,Armazones,Altania,,,,,UNIDAD,origen: ASUNCION=PC - Inventario.xlsx#1943@2026-08-03
ASU-107021,AC PAT FLEX NEGRO 1203 44-16-120 C1,PRODUCTO_STOCKEABLE,Armazones,Altania,,,,,UNIDAD,origen: ASUNCION=PC - Inventario.xlsx#1945@2026-08-03
ASU-107024,AC PAT FLEX ROSA 1302 49-16-125 C5,PRODUCTO_STOCKEABLE,Armazones,Altania,,,,,UNIDAD,origen: ASUNCION=PC - Inventario.xlsx#1940@2026-08-03
ASU-107025,AC PAT FLEX ROSA ZF3729 53-18-143 C4,PRODUCTO_STOCKEABLE,Armazones,Altania,,,,,UNIDAD,origen: ASUNCION=PC - Inventario.xlsx#2097@2026-08-03
ASU-107026,AC PAT FLEX BORDO 1304 50-14-125 C3,PRODUCTO_STOCKEABLE,Armazones,Altania,,,,,UNIDAD,origen: ASUNCION=PC - Inventario.xlsx#1936@2026-08-03
ASU-107028,AC PAT FLEX AZUL TA1051 56-16-145 C3,PRODUCTO_STOCKEABLE,Armazones,Altania,,,,,UNIDAD,origen: ASUNCION=PC - Inventario.xlsx#1987@2026-08-03
ASU-107029,AC PAT FLEX CELESTE 1204 45-15-120 C4,PRODUCTO_STOCKEABLE,Armazones,Altania,,,,,UNIDAD,origen: ASUNCION=PC - Inventario.xlsx#1950@2026-08-03
ASU-107030,AC PAT FLEX NEGRO 1303 50-14-125 C1,PRODUCTO_STOCKEABLE,Armazones,Altania,,,,,UNIDAD,origen: ASUNCION=PC - Inventario.xlsx#1938@2026-08-03
ASU-107031,AC PAT FLEX AZUL 1204 45-15-120 C2,PRODUCTO_STOCKEABLE,Armazones,Altania,,,,,UNIDAD,origen: ASUNCION=PC - Inventario.xlsx#1939@2026-08-03
ASU-107032,AC PAT FLEX AZUL 1301 48-16-125 C2,PRODUCTO_STOCKEABLE,Armazones,Altania,,,,,UNIDAD,origen: ASUNCION=PC - Inventario.xlsx#1954@2026-08-03
ASU-107033,AH PAT FLEX MARRON RM 77012 55-17-142 C2,PRODUCTO_STOCKEABLE,Armazones,Betania,,,,,UNIDAD,origen: ASUNCION=PC - Inventario.xlsx#1994@2026-08-03
ASU-107036,AC PAT FLEX NEGRO 88928 54-17-142 C1,PRODUCTO_STOCKEABLE,Armazones,Betania,,,,,UNIDAD,origen: ASUNCION=PC - Inventario.xlsx#2074@2026-08-03
ASU-107037,AC PAT FLEX CELESTE 1203 44-16-120 C4,PRODUCTO_STOCKEABLE,Armazones,Altania,,,,,UNIDAD,origen: ASUNCION=PC - Inventario.xlsx#1952@2026-08-03
ASU-107040,AC PAT FLEX NEGRO MQ6534 53-17-142 C2,PRODUCTO_STOCKEABLE,Armazones,Altania,,,,,UNIDAD,origen: ASUNCION=PC - Inventario.xlsx#2091@2026-08-03
ASU-107042,AC PAT FLEX GRIS V81905 55-17-145 C2,PRODUCTO_STOCKEABLE,Armazones,Betania,,,,,UNIDAD,origen: ASUNCION=PC - Inventario.xlsx#2041@2026-08-03
ASU-107043,AH PAT FLEX MARRON M8608 52-17-140 C5,PRODUCTO_STOCKEABLE,Armazones,Betania,,,,,UNIDAD,origen: ASUNCION=PC - Inventario.xlsx#1992@2026-08-03
ASU-107044,AC PAT FLEX BORDO LE6454 56-16-140 C3,PRODUCTO_STOCKEABLE,Armazones,Altania,,,,,UNIDAD,origen: ASUNCION=PC - Inventario.xlsx#2033@2026-08-03
ASU-107046,AC PAT FLEX NARANJA RA9640 54-17-145 C6,PRODUCTO_STOCKEABLE,Armazones,Altania,,,,,UNIDAD,origen: ASUNCION=PC - Inventario.xlsx#2098@2026-08-03
ASU-107047,AC PAT FLEX NEGRO 25100 54-16-140 C5,PRODUCTO_STOCKEABLE,Armazones,Betania,,,,,UNIDAD,origen: ASUNCION=PC - Inventario.xlsx#2044@2026-08-03
ASU-107048,AC PAT FLEX LILA ZF3723 54-18-143 C3,PRODUCTO_STOCKEABLE,Armazones,Altania,,,,,UNIDAD,origen: ASUNCION=PC - Inventario.xlsx#2099@2026-08-03
ASU-107049,AC PAT FLEX ROSA 1204 45-15-120 C5,PRODUCTO_STOCKEABLE,Armazones,Altania,,,,,UNIDAD,origen: ASUNCION=PC - Inventario.xlsx#1951@2026-08-03
ASU-107052,AC PAT FLEX MARRON V81907 52-20-145 C5,PRODUCTO_STOCKEABLE,Armazones,Betania,,,,,UNIDAD,origen: ASUNCION=PC - Inventario.xlsx#2068@2026-08-03
ASU-107053,AC PAT FLEX ROSA MQ5353A 54-17-142 C4,PRODUCTO_STOCKEABLE,Armazones,Betania,,,,,UNIDAD,origen: ASUNCION=PC - Inventario.xlsx#2067@2026-08-03
ASU-107054,AC PAT FLEX DORADO 25100 54-16-140 C2,PRODUCTO_STOCKEABLE,Armazones,Betania,,,,,UNIDAD,origen: ASUNCION=PC - Inventario.xlsx#2052@2026-08-03
ASU-107056,AC PAT FLEX NEGRO 25105 52-16-138 C1,PRODUCTO_STOCKEABLE,Armazones,Betania,,,,,UNIDAD,origen: ASUNCION=PC - Inventario.xlsx#2043@2026-08-03
ASU-107057,AC PAT FLEX DORADO V81907 52-20-145 C1,PRODUCTO_STOCKEABLE,Armazones,Betania,,,,,UNIDAD,origen: ASUNCION=PC - Inventario.xlsx#2063@2026-08-03
ASU-107058,AC PAT FLEX MARRON 25105 52-16-138 C4,PRODUCTO_STOCKEABLE,Armazones,Betania,,,,,UNIDAD,origen: ASUNCION=PC - Inventario.xlsx#2046@2026-08-03
ASU-107059,AC PAT FLEX GRIS 25104 54-16-140 C3,PRODUCTO_STOCKEABLE,Armazones,Betania,,,,,UNIDAD,origen: ASUNCION=PC - Inventario.xlsx#2040@2026-08-03
ASU-107060,AC PAT FLEX NEGRO CH8812 54-18-145 C5,PRODUCTO_STOCKEABLE,Armazones,Betania,,,,,UNIDAD,origen: ASUNCION=PC - Inventario.xlsx#2000@2026-08-03
ASU-107061,AC PAT FLEX ROSA V81902 53-17-145 C3,PRODUCTO_STOCKEABLE,Armazones,Betania,,,,,UNIDAD,origen: ASUNCION=PC - Inventario.xlsx#2050@2026-08-03
ASU-107063,AC PAT FLEX PLATEADO CH8802 56-15-145 C1,PRODUCTO_STOCKEABLE,Armazones,Betania,,,,,UNIDAD,origen: ASUNCION=PC - Inventario.xlsx#2001@2026-08-03
ASU-107064,AC PAT FLEX NEGRO 97222 53-18-140 C2,PRODUCTO_STOCKEABLE,Armazones,Betania,,,,,UNIDAD,origen: ASUNCION=PC - Inventario.xlsx#2017@2026-08-03
ASU-107065,AC PAT FLEX NEGRO CH8813 57-14-145 C1,PRODUCTO_STOCKEABLE,Armazones,Betania,,,,,UNIDAD,origen: ASUNCION=PC - Inventario.xlsx#1995@2026-08-03
ASU-107066,AC PAT FLEX AZUL 97222 53-18-140 C4,PRODUCTO_STOCKEABLE,Armazones,Betania,,,,,UNIDAD,origen: ASUNCION=PC - Inventario.xlsx#2018@2026-08-03
ASU-107067,AC PAT FLEX TRANSPARENTE 97258 53-17-142 C8,PRODUCTO_STOCKEABLE,Armazones,Betania,,,,,UNIDAD,origen: ASUNCION=PC - Inventario.xlsx#2012@2026-08-03
ASU-107068,AC PAT FLEX NEGRO CH8802 56-15-145 C5,PRODUCTO_STOCKEABLE,Armazones,Betania,,,,,UNIDAD,origen: ASUNCION=PC - Inventario.xlsx#2002@2026-08-03
ASU-107071,AC PAT FLEX ROSA TA1029 54-16-140 C5,PRODUCTO_STOCKEABLE,Armazones,Altania,,,,,UNIDAD,origen: ASUNCION=PC - Inventario.xlsx#2025@2026-08-03
ASU-107072,AC PAT FLEX AZUL TA1044 55-17-143 C5,PRODUCTO_STOCKEABLE,Armazones,Altania,,,,,UNIDAD,origen: ASUNCION=PC - Inventario.xlsx#2019@2026-08-03
ASU-107074,AC PAT FLEX NEGRO LE6451 55-17-140 C1,PRODUCTO_STOCKEABLE,Armazones,Altania,,,,,UNIDAD,origen: ASUNCION=PC - Inventario.xlsx#2039@2026-08-03
ASU-107078,AC PAT FLEX MARRON 1624 51-18-140 C4,PRODUCTO_STOCKEABLE,Armazones,Betania,,,,,UNIDAD,origen: ASUNCION=PC - Inventario.xlsx#2078@2026-08-03
ASU-107080,AC PAT FLEX NEGRO ZF3723 54-18-143 C1,PRODUCTO_STOCKEABLE,Armazones,Altania,,,,,UNIDAD,origen: ASUNCION=PC - Inventario.xlsx#2092@2026-08-03
ASU-107082,AC PAT FLEX BLANCO V81905 55-17-145 C4,PRODUCTO_STOCKEABLE,Armazones,Betania,,,,,UNIDAD,origen: ASUNCION=PC - Inventario.xlsx#2071@2026-08-03
ASU-107085,AH PAT FLEX NEGRO 25108 52-17-138 C5,PRODUCTO_STOCKEABLE,Armazones,Betania,,,,,UNIDAD,origen: ASUNCION=PC - Inventario.xlsx#2061@2026-08-03
ASU-107087,AC PAT FLEX CREMA 1624 51-18-140 C5,PRODUCTO_STOCKEABLE,Armazones,Betania,,,,,UNIDAD,origen: ASUNCION=PC - Inventario.xlsx#2086@2026-08-03
ASU-107090,AC PAT FLEX BLANCO V81903 54-17-145 C4,PRODUCTO_STOCKEABLE,Armazones,Betania,,,,,UNIDAD,origen: ASUNCION=PC - Inventario.xlsx#2070@2026-08-03
ASU-107091,AC PAT FLEX GRIS V81903 54-17-145 C2,PRODUCTO_STOCKEABLE,Armazones,Betania,,,,,UNIDAD,origen: ASUNCION=PC - Inventario.xlsx#2064@2026-08-03
ASU-107092,AC PAT FLEX ROSA 81905 55-17-145 C8,PRODUCTO_STOCKEABLE,Armazones,Betania,,,,,UNIDAD,origen: ASUNCION=PC - Inventario.xlsx#2051@2026-08-03
ASU-107093,AC PAT FLEX BLANCO 1619 51-19-140 C6,PRODUCTO_STOCKEABLE,Armazones,Betania,,,,,UNIDAD,origen: ASUNCION=PC - Inventario.xlsx#2085@2026-08-03
ASU-107096,AC PAT FLEX TRANSPARENTE TA1045 54-16-143 C4,PRODUCTO_STOCKEABLE,Armazones,Altania,,,,,UNIDAD,origen: ASUNCION=PC - Inventario.xlsx#2023@2026-08-03
ASU-107100,AC PAT FIJA NEGRO MQ5353A 54-17-142 C1,PRODUCTO_STOCKEABLE,Armazones,Betania,,,,,UNIDAD,origen: ASUNCION=PC - Inventario.xlsx#2057@2026-08-03
ASU-107103,AC PAT FLEX ROSA TA1047 54-16-143 C2,PRODUCTO_STOCKEABLE,Armazones,Altania,,,,,UNIDAD,origen: ASUNCION=PC - Inventario.xlsx#2038@2026-08-03
ASU-107106,AC PAT FLEX CELESTE LE6447 55-16-140 C5,PRODUCTO_STOCKEABLE,Armazones,Altania,,,,,UNIDAD,origen: ASUNCION=PC - Inventario.xlsx#2028@2026-08-03
ASU-107107,AH PAT FLEX AZUL RM 77012 55-17-142 C3,PRODUCTO_STOCKEABLE,Armazones,Betania,,,,,UNIDAD,origen: ASUNCION=PC - Inventario.xlsx#1993@2026-08-03
ASU-107108,AC PAT FLEX NEGRO MQ5357A 54-17-142 C1,PRODUCTO_STOCKEABLE,Armazones,Betania,,,,,UNIDAD,origen: ASUNCION=PC - Inventario.xlsx#2058@2026-08-03
ASU-107110,AC PAT FLEX NEGRO CH8812 54-18-145 C4,PRODUCTO_STOCKEABLE,Armazones,Betania,,,,,UNIDAD,origen: ASUNCION=PC - Inventario.xlsx#2007@2026-08-03
ASU-107111,AC PAT FLEX CELESTE LE6453 55-16-140 C5,PRODUCTO_STOCKEABLE,Armazones,Altania,,,,,UNIDAD,origen: ASUNCION=PC - Inventario.xlsx#2029@2026-08-03
ASU-107115,AC PAT FLEX TRANSPARENTE C/ GOMA,PRODUCTO_STOCKEABLE,Armazones,Proray,,,,,UNIDAD,origen: ASUNCION=PC - Inventario.xlsx#512@2026-08-03
ASU-107117,AC PAT FLEX ANIMAL PRINT M006 53-20-140 C3,PRODUCTO_STOCKEABLE,Lentes de Sol,Altania,,,,,UNIDAD,origen: ASUNCION=PC - Inventario.xlsx#7979@2026-08-03
ASU-107118,AC PAT FLEX GRIS C/ GOMA,PRODUCTO_STOCKEABLE,Armazones,Proray,,,,,UNIDAD,origen: ASUNCION=PC - Inventario.xlsx#515@2026-08-03
ASU-107119,AC PAT FLEX NEGRO C/ GOMA,PRODUCTO_STOCKEABLE,Armazones,Proray,,,,,UNIDAD,origen: ASUNCION=PC - Inventario.xlsx#508@2026-08-03
ASU-107120,AC PAT FLEX PLATEADO CH8802 56-15-145 C3,PRODUCTO_STOCKEABLE,Armazones,Betania,,,,,UNIDAD,origen: ASUNCION=PC - Inventario.xlsx#497@2026-08-03
ASU-107121,AC PAT FLEX TRANSPARENTE M006 53-20-140 C4,PRODUCTO_STOCKEABLE,Lentes de Sol,Altania,,,,,UNIDAD,origen: ASUNCION=PC - Inventario.xlsx#7976@2026-08-03
ASU-107122,AC PAT FLEX MARRON K9990 53-18-142 C-825,PRODUCTO_STOCKEABLE,Armazones,Steffani,,,,,UNIDAD,origen: ASUNCION=PC - Inventario.xlsx#661@2026-08-03
ASU-107123,AC PAT FLEX AZUL C/ GOMA,PRODUCTO_STOCKEABLE,Armazones,Proray,,,,,UNIDAD,origen: ASUNCION=PC - Inventario.xlsx#519@2026-08-03
ASU-107124,AC PAT FLEX NEGRO C/ GOMA,PRODUCTO_STOCKEABLE,Armazones,Proray,,,,,UNIDAD,origen: ASUNCION=PC - Inventario.xlsx#499@2026-08-03
ASU-107125,AC PAT FLEX AZUL C/ GOMA,PRODUCTO_STOCKEABLE,Armazones,Proray,,,,,UNIDAD,origen: ASUNCION=PC - Inventario.xlsx#520@2026-08-03
ASU-107126,AC PAT FLEX TRANSPARENTE C/ GOMA,PRODUCTO_STOCKEABLE,Armazones,Proray,,,,,UNIDAD,origen: ASUNCION=PC - Inventario.xlsx#511@2026-08-03
ASU-107127,AC PAT FLEX AZUL C/ GOMA,PRODUCTO_STOCKEABLE,Armazones,Proray,,,,,UNIDAD,origen: ASUNCION=PC - Inventario.xlsx#517@2026-08-03
ASU-107129,AC PAT FLEX NEGRO C/ GOMA,PRODUCTO_STOCKEABLE,Armazones,Proray,,,,,UNIDAD,origen: ASUNCION=PC - Inventario.xlsx#502@2026-08-03
ASU-107130,AC PAT FLEX AZUL C/ GOMA,PRODUCTO_STOCKEABLE,Armazones,Proray,,,,,UNIDAD,origen: ASUNCION=PC - Inventario.xlsx#518@2026-08-03
ASU-107131,AC PAT FLEX NEGRO C/ GOMA,PRODUCTO_STOCKEABLE,Armazones,Proray,,,,,UNIDAD,origen: ASUNCION=PC - Inventario.xlsx#500@2026-08-03
ASU-107132,AC PAT FLEX NEGRO C/ GOMA,PRODUCTO_STOCKEABLE,Armazones,Proray,,,,,UNIDAD,origen: ASUNCION=PC - Inventario.xlsx#503@2026-08-03
ASU-107134,AC PAT FLEX TRANSPARENTE C/ GOMA,PRODUCTO_STOCKEABLE,Armazones,Proray,,,,,UNIDAD,origen: ASUNCION=PC - Inventario.xlsx#513@2026-08-03
ASU-107136,AC PAT FLEX AZUL C/ GOMA,PRODUCTO_STOCKEABLE,Armazones,Proray,,,,,UNIDAD,origen: ASUNCION=PC - Inventario.xlsx#521@2026-08-03
ASU-107138,AC PAT FLEX NEGRO H3680 49-17-130 C-313,PRODUCTO_STOCKEABLE,Armazones,Unicity,,,,,UNIDAD,origen: ASUNCION=PC - Inventario.xlsx#617@2026-08-03
ASU-107139,AC PAT FIJA TRANSPARENTE G1018 50-19-140 C1,PRODUCTO_STOCKEABLE,Armazones,Graffiti,,,,,UNIDAD,origen: ASUNCION=PC - Inventario.xlsx#368@2026-08-03
ASU-107140,AC PAT FLEX ROSA V1351 54-17-140 C-254,PRODUCTO_STOCKEABLE,Armazones,Vicrola,,,,,UNIDAD,origen: ASUNCION=PC - Inventario.xlsx#591@2026-08-03
ASU-107141,AC PAT FLEX NEGRO H3672 53-18-145 C-314,PRODUCTO_STOCKEABLE,Armazones,Unicity,,,,,UNIDAD,origen: ASUNCION=PC - Inventario.xlsx#620@2026-08-03
ASU-107142,AC PAT FLEX NEGRO CLIP ON TA 1056 54-16-145 C1,PRODUCTO_STOCKEABLE,Armazones,Altania,,,,,UNIDAD,origen: ASUNCION=PC - Inventario.xlsx#486@2026-08-03
ASU-107143,AC PAT FLEX NEGRO M006 53-20-140 C1,PRODUCTO_STOCKEABLE,Lentes de Sol,Altania,,,,,UNIDAD,origen: ASUNCION=PC - Inventario.xlsx#7977@2026-08-03
ASU-107144,AC PAT FLEX NEGRO C/ GOMA,PRODUCTO_STOCKEABLE,Armazones,Proray,,,,,UNIDAD,origen: ASUNCION=PC - Inventario.xlsx#507@2026-08-03
ASU-107146,AC PAT FLEX GRIS M006 53-20-140 C2,PRODUCTO_STOCKEABLE,Lentes de Sol,Altania,,,,,UNIDAD,origen: ASUNCION=PC - Inventario.xlsx#7978@2026-08-03
ASU-107147,AC PAT FLEX GRIS C/ GOMA,PRODUCTO_STOCKEABLE,Armazones,Proray,,,,,UNIDAD,origen: ASUNCION=PC - Inventario.xlsx#516@2026-08-03
ASU-107149,AC PAT FLEX TRANSPARENTE C/ GOMA,PRODUCTO_STOCKEABLE,Armazones,Proray,,,,,UNIDAD,origen: ASUNCION=PC - Inventario.xlsx#509@2026-08-03
ASU-107150,AH PAT FLEX DORADO K9859 52-20-143 C-529,PRODUCTO_STOCKEABLE,Armazones,Steffani,,,,,UNIDAD,origen: ASUNCION=PC - Inventario.xlsx#655@2026-08-03
ASU-107151,AC PAT FIJA TRANSPARENTE,PRODUCTO_STOCKEABLE,Armazones,KAZWINI,,,,,UNIDAD,origen: ASUNCION=PC - Inventario.xlsx#740@2026-08-03
ASU-107152,AC PAT FLEX NEGRO C/ GOMA,PRODUCTO_STOCKEABLE,Armazones,Proray,,,,,UNIDAD,origen: ASUNCION=PC - Inventario.xlsx#506@2026-08-03
ASU-107153,AC PAT FLEX ROSA CLIP ON G5169 54-17-140 C6,PRODUCTO_STOCKEABLE,Armazones,Altania,,,,,UNIDAD,origen: ASUNCION=PC - Inventario.xlsx#483@2026-08-03
ASU-107154,AC PAT FLEX PLATEADO V1411 55-16-140 C-108,PRODUCTO_STOCKEABLE,Armazones,Vicrola,,,,,UNIDAD,origen: ASUNCION=PC - Inventario.xlsx#592@2026-08-03
ASU-107156,AC PAT FLEX TRANSPARENTE CLIP ON TA 1058 55-17-145 C3,PRODUCTO_STOCKEABLE,Armazones,Altania,,,,,UNIDAD,origen: ASUNCION=PC - Inventario.xlsx#480@2026-08-03
ASU-107157,AC PAT FLEX GRIS CLIP ON G5197 55-18-145 C5,PRODUCTO_STOCKEABLE,Armazones,Altania,,,,,UNIDAD,origen: ASUNCION=PC - Inventario.xlsx#484@2026-08-03
ASU-107158,AC PAT FLEX GRIS CLIP ON TA1054 54-17-142 C5,PRODUCTO_STOCKEABLE,Armazones,Altania,,,,,UNIDAD,origen: ASUNCION=PC - Inventario.xlsx#477@2026-08-03
ASU-107161,AC PAT FLEX NEGRO CLIP ON S1051 54-20-145 C2,PRODUCTO_STOCKEABLE,Armazones,Altania,,,,,UNIDAD,origen: ASUNCION=PC - Inventario.xlsx#487@2026-08-03
ASU-107166,AC PAT FLEX NEGRO CLIP ON G5905 57-17-155 C1,PRODUCTO_STOCKEABLE,Armazones,Altania,,,,,UNIDAD,origen: ASUNCION=PC - Inventario.xlsx#474@2026-08-03
ASU-107167,AC PAT FLEX AZUL CLIP ON G5905 57-17-155 C3,PRODUCTO_STOCKEABLE,Armazones,Altania,,,,,UNIDAD,origen: ASUNCION=PC - Inventario.xlsx#490@2026-08-03
ASU-107169,AC PAT FLEX GRIS CLIP ON G5541 50-20-140 C6,PRODUCTO_STOCKEABLE,Armazones,Altania,,,,,UNIDAD,origen: ASUNCION=PC - Inventario.xlsx#491@2026-08-03
ASU-107171,AC PAT FLEX NEGRO CLIP ON S1051 54-20-145 C1,PRODUCTO_STOCKEABLE,Armazones,Altania,,,,,UNIDAD,origen: ASUNCION=PC - Inventario.xlsx#475@2026-08-03
ASU-107172,AC PAT FLEX TRANSPARENTE C/ GOMA,PRODUCTO_STOCKEABLE,Armazones,Proray,,,,,UNIDAD,origen: ASUNCION=PC - Inventario.xlsx#274@2026-08-03
ASU-107173,AC PAT FLEX MORADO ZF3727 54-18-143 C3,PRODUCTO_STOCKEABLE,Armazones,Altania,,,,,UNIDAD,origen: ASUNCION=PC - Inventario.xlsx#2104@2026-08-03
ASU-107174,AC PAT FLEX MARRON V1391 55-16-145 C-125,PRODUCTO_STOCKEABLE,Armazones,Vicrola,,,,,UNIDAD,origen: ASUNCION=PC - Inventario.xlsx#585@2026-08-03
ASU-107175,AC PAT FLEX TRANSPARENTE CLIP ON TA 1060 53-17-145 C3,PRODUCTO_STOCKEABLE,Armazones,Altania,,,,,UNIDAD,origen: ASUNCION=PC - Inventario.xlsx#495@2026-08-03
ASU-107177,AC PAT FLEX NUDE MQ6534 53-17-142 C4,PRODUCTO_STOCKEABLE,Armazones,Altania,,,,,UNIDAD,origen: ASUNCION=PC - Inventario.xlsx#2103@2026-08-03
ASU-107178,AC PAT FLEX TRANSPARENTE ZF3927 53-18-143 C2,PRODUCTO_STOCKEABLE,Armazones,Altania,,,,,UNIDAD,origen: ASUNCION=PC - Inventario.xlsx#2102@2026-08-03
ASU-107180,AC PAT FLEX AZUL RA9640 54-17-145 C3,PRODUCTO_STOCKEABLE,Armazones,Altania,,,,,UNIDAD,origen: ASUNCION=PC - Inventario.xlsx#2101@2026-08-03
ASU-107181,AC PAT FLEX ROSA CLIP ON G5210 54-17-145 C3,PRODUCTO_STOCKEABLE,Armazones,Altania,,,,,UNIDAD,origen: ASUNCION=PC - Inventario.xlsx#496@2026-08-03
ASU-107182,AC PAT FLEX DORADO K9834 53-16-135 C-526,PRODUCTO_STOCKEABLE,Armazones,Steffani,,,,,UNIDAD,origen: ASUNCION=PC - Inventario.xlsx#667@2026-08-03
ASU-107183,AC PAT FLEX NEGRO CLIP ON G5905 57-17-155 C6,PRODUCTO_STOCKEABLE,Armazones,Altania,,,,,UNIDAD,origen: ASUNCION=PC - Inventario.xlsx#494@2026-08-03
ASU-107186,AC PAT FLEX TRANSPARENTE CLIP ON TA1054 54-17-145 C3,PRODUCTO_STOCKEABLE,Armazones,Altania,,,,,UNIDAD,origen: ASUNCION=PC - Inventario.xlsx#479@2026-08-03
ASU-107188,AC PAT FLEX AZUL C/ GOMA,PRODUCTO_STOCKEABLE,Armazones,Proray,,,,,UNIDAD,origen: ASUNCION=PC - Inventario.xlsx#522@2026-08-03
ASU-107189,AC PAT FLEX MARRON K9987 55-17-142 C-825,PRODUCTO_STOCKEABLE,Armazones,Steffani,,,,,UNIDAD,origen: ASUNCION=PC - Inventario.xlsx#665@2026-08-03
ASU-107190,AC PAT FLEX NEGRO K9988 55-18-142 C-813,PRODUCTO_STOCKEABLE,Armazones,Steffani,,,,,UNIDAD,origen: ASUNCION=PC - Inventario.xlsx#664@2026-08-03
ASU-107191,AC PAT FLEX AZUL K9988 55-18-142 C-809,PRODUCTO_STOCKEABLE,Armazones,Steffani,,,,,UNIDAD,origen: ASUNCION=PC - Inventario.xlsx#653@2026-08-03
ASU-107192,AC PAT FLEX PLATEADO H3676 55-16-145 C-304,PRODUCTO_STOCKEABLE,Armazones,Unicity,,,,,UNIDAD,origen: ASUNCION=PC - Inventario.xlsx#628@2026-08-03
ASU-107193,AC PAT FLEX AZUL CLIP ON G5575 62-18-155 C2,PRODUCTO_STOCKEABLE,Armazones,Altania,,,,,UNIDAD,origen: ASUNCION=PC - Inventario.xlsx#485@2026-08-03
ASU-107194,AC PAT FIJA DORADO K9883 55-17-148 C-524,PRODUCTO_STOCKEABLE,Armazones,Steffani,,,,,UNIDAD,origen: ASUNCION=PC - Inventario.xlsx#643@2026-08-03
ASU-107196,AC PAT FIJA K9838 49-22-144 C-13,PRODUCTO_STOCKEABLE,Armazones,Steffani,,,,,UNIDAD,origen: ASUNCION=PC - Inventario.xlsx#275@2026-08-03
ASU-107197,AC PAT FLEX GRIS K9853 53-17-140 C-800,PRODUCTO_STOCKEABLE,Armazones,Steffani,,,,,UNIDAD,origen: ASUNCION=PC - Inventario.xlsx#537@2026-08-03
ASU-107199,AC PAT FIJA TRANSPARENTE K9838 49-22-144 C-19,PRODUCTO_STOCKEABLE,Armazones,Steffani,,,,,UNIDAD,origen: ASUNCION=PC - Inventario.xlsx#555@2026-08-03
ASU-107200,AC PAT FLEX TRANSPARENTE K9906 54-16-140 C-19,PRODUCTO_STOCKEABLE,Armazones,Steffani,,,,,UNIDAD,origen: ASUNCION=PC - Inventario.xlsx#542@2026-08-03
ASU-107201,AC PAT FIJA VERDE K9838 49-22-144 C-26,PRODUCTO_STOCKEABLE,Armazones,Steffani,,,,,UNIDAD,origen: ASUNCION=PC - Inventario.xlsx#536@2026-08-03
ASU-107202,AC PAT FIJA MARRON K9976 55-17-145 C-817,PRODUCTO_STOCKEABLE,Armazones,Steffani,,,,,UNIDAD,origen: ASUNCION=PC - Inventario.xlsx#545@2026-08-03
ASU-107203,AC PAT FLEX NEGRO K9908 54-16-141 C-200,PRODUCTO_STOCKEABLE,Armazones,Steffani,,,,,UNIDAD,origen: ASUNCION=PC - Inventario.xlsx#541@2026-08-03
ASU-107205,AC PAT FLEX MARRON K9908 54-16-141 C-13,PRODUCTO_STOCKEABLE,Armazones,Steffani,,,,,UNIDAD,origen: ASUNCION=PC - Inventario.xlsx#526@2026-08-03
ASU-107207,AC PAT FLEX TRANSPARENTE K9991 54-17-142 C-822,PRODUCTO_STOCKEABLE,Armazones,Steffani,,,,,UNIDAD,origen: ASUNCION=PC - Inventario.xlsx#548@2026-08-03
ASU-107210,AC PAT FLEX NEGRO H3680 49-17-130 C-311,PRODUCTO_STOCKEABLE,Armazones,Unicity,,,,,UNIDAD,origen: ASUNCION=PC - Inventario.xlsx#616@2026-08-03
ASU-107211,AC PAT FLEX GRIS K9906 54-16-140 C-813,PRODUCTO_STOCKEABLE,Armazones,Steffani,,,,,UNIDAD,origen: ASUNCION=PC - Inventario.xlsx#551@2026-08-03
ASU-107212,AC PAT FLEX ROSADO K9958 53-16-142 C-805,PRODUCTO_STOCKEABLE,Armazones,Steffani,,,,,UNIDAD,origen: ASUNCION=PC - Inventario.xlsx#524@2026-08-03
ASU-107213,AC PAT FIJA TRANSPARENTE K9838 49-22-144 C-800,PRODUCTO_STOCKEABLE,Armazones,Steffani,,,,,UNIDAD,origen: ASUNCION=PC - Inventario.xlsx#559@2026-08-03
ASU-107214,AH PAT FLEX PLATEADO H3374 54-17-142 C-608,PRODUCTO_STOCKEABLE,Armazones,Unicity,,,,,UNIDAD,origen: ASUNCION=PC - Inventario.xlsx#611@2026-08-03
ASU-107217,AC PAT FLEX GRIS K9964 54-18-145 C-816,PRODUCTO_STOCKEABLE,Armazones,Steffani,,,,,UNIDAD,origen: ASUNCION=PC - Inventario.xlsx#556@2026-08-03
ASU-107218,AC PAT FLEX ROSADO K9849 54-17-140 C-524,PRODUCTO_STOCKEABLE,Armazones,Steffani,,,,,UNIDAD,origen: ASUNCION=PC - Inventario.xlsx#638@2026-08-03
ASU-107219,AC PAT FIJA PLATEADO K9920 53-17-140 C-529,PRODUCTO_STOCKEABLE,Armazones,Steffani,,,,,UNIDAD,origen: ASUNCION=PC - Inventario.xlsx#639@2026-08-03
ASU-107220,AC PAT FIJA TRANSPARENTE K9976 55-17-145 C-816,PRODUCTO_STOCKEABLE,Armazones,Steffani,,,,,UNIDAD,origen: ASUNCION=PC - Inventario.xlsx#552@2026-08-03
ASU-107221,AC PAT FIJA MARRON K9976 55-17-145 C-810,PRODUCTO_STOCKEABLE,Armazones,Steffani,,,,,UNIDAD,origen: ASUNCION=PC - Inventario.xlsx#549@2026-08-03
ASU-107222,AC PAT FLEX DORADO H3717 54-16-143 C-305,PRODUCTO_STOCKEABLE,Armazones,Unicity,,,,,UNIDAD,origen: ASUNCION=PC - Inventario.xlsx#633@2026-08-03
ASU-107227,AC PAT FLEX AZUL K9983 51-20-142 C-809,PRODUCTO_STOCKEABLE,Armazones,Steffani,,,,,UNIDAD,origen: ASUNCION=PC - Inventario.xlsx#662@2026-08-03
ASU-107229,AC PAT FLEX CELESTE K9977 53-16-142 C-824,PRODUCTO_STOCKEABLE,Armazones,Steffani,,,,,UNIDAD,origen: ASUNCION=PC - Inventario.xlsx#554@2026-08-03
ASU-107230,AC PAT FLEX NEGRO,PRODUCTO_STOCKEABLE,Armazones,KAZWINI,,,,,UNIDAD,origen: ASUNCION=PC - Inventario.xlsx#742@2026-08-03
ASU-107231,AC PAT FLEX ANIMAL PRINT K9514 53-16-140 C-422,PRODUCTO_STOCKEABLE,Armazones,Steffani,,,,,UNIDAD,origen: ASUNCION=PC - Inventario.xlsx#640@2026-08-03
ASU-107232,AC PAT FIJA PLATEADO K9920 53-17-140 C-502,PRODUCTO_STOCKEABLE,Armazones,Steffani,,,,,UNIDAD,origen: ASUNCION=PC - Inventario.xlsx#641@2026-08-03
ASU-107233,AC PAT FLEX K9964 54-18-145 C-805,PRODUCTO_STOCKEABLE,Armazones,Steffani,,,,,UNIDAD,origen: ASUNCION=PC - Inventario.xlsx#277@2026-08-03
ASU-107234,AC PAT FLEX MARRON K9961 55-15-142 C-810,PRODUCTO_STOCKEABLE,Armazones,Steffani,,,,,UNIDAD,origen: ASUNCION=PC - Inventario.xlsx#560@2026-08-03
ASU-107235,AC PAT FLEX VIOLETA K9988 55-18-142 C-805,PRODUCTO_STOCKEABLE,Armazones,Steffani,,,,,UNIDAD,origen: ASUNCION=PC - Inventario.xlsx#658@2026-08-03
ASU-107236,AC PAT FLEX PLATEADO V1404 53-17-135 C-113,PRODUCTO_STOCKEABLE,Armazones,Vicrola,,,,,UNIDAD,origen: ASUNCION=PC - Inventario.xlsx#608@2026-08-03
ASU-107238,AC PAT FLEX PLATEADO K9881 53-17-145 C-508,PRODUCTO_STOCKEABLE,Armazones,Steffani,,,,,UNIDAD,origen: ASUNCION=PC - Inventario.xlsx#657@2026-08-03
ASU-107239,AC PAT FLEX PLATEADO K9849 54-17-140 C-529,PRODUCTO_STOCKEABLE,Armazones,Steffani,,,,,UNIDAD,origen: ASUNCION=PC - Inventario.xlsx#651@2026-08-03
ASU-107240,AC PAT FLEX BORDO Z274G 53-17-138 C-95,PRODUCTO_STOCKEABLE,Armazones,KAZWINI,,,,,UNIDAD,origen: ASUNCION=PC - Inventario.xlsx#705@2026-08-03
ASU-107241,AC PAT FLEX PLATEADO V1351 54-17-140 C-509,PRODUCTO_STOCKEABLE,Armazones,Vicrola,,,,,UNIDAD,origen: ASUNCION=PC - Inventario.xlsx#600@2026-08-03
ASU-107242,AC PAT FIJA PLATEADO V1378 55-16-140 C-125,PRODUCTO_STOCKEABLE,Armazones,Vicrola,,,,,UNIDAD,origen: ASUNCION=PC - Inventario.xlsx#598@2026-08-03
ASU-107244,AH PAT FLEX PLATEADO K9859 52-20-143 C-102,PRODUCTO_STOCKEABLE,Armazones,Steffani,,,,,UNIDAD,origen: ASUNCION=PC - Inventario.xlsx#656@2026-08-03
ASU-107246,AC PAT FLEX DORADO K9881 53-17-145 C-502,PRODUCTO_STOCKEABLE,Armazones,Steffani,,,,,UNIDAD,origen: ASUNCION=PC - Inventario.xlsx#652@2026-08-03
ASU-107247,AC PAT FIJA NEGRO B383 49-20-145 C-1,PRODUCTO_STOCKEABLE,Armazones,KAZWINI,,,,,UNIDAD,origen: ASUNCION=PC - Inventario.xlsx#733@2026-08-03
ASU-107248,AC PAT FLEX NEGRO H3630 53-17-143 C-314,PRODUCTO_STOCKEABLE,Armazones,Unicity,,,,,UNIDAD,origen: ASUNCION=PC - Inventario.xlsx#631@2026-08-03
ASU-107249,AC PAT FLEX AZUL H3629 55-17-140 C-309,PRODUCTO_STOCKEABLE,Armazones,Unicity,,,,,UNIDAD,origen: ASUNCION=PC - Inventario.xlsx#622@2026-08-03
ASU-107250,AC PAT FLEX MARRON V1163 53-17-145 C-13,PRODUCTO_STOCKEABLE,Armazones,Vicrola,,,,,UNIDAD,origen: ASUNCION=PC - Inventario.xlsx#583@2026-08-03
ASU-107253,AC PAT FLEX ROSA V1163 53-17-145 C-11,PRODUCTO_STOCKEABLE,Armazones,Vicrola,,,,,UNIDAD,origen: ASUNCION=PC - Inventario.xlsx#578@2026-08-03
ASU-107254,AC PAT FIJA VERDE K9872 53-18-144 C-26,PRODUCTO_STOCKEABLE,Armazones,Steffani,,,,,UNIDAD,origen: ASUNCION=PC - Inventario.xlsx#547@2026-08-03
ASU-107255,AC PAT FLEX GRIS H3680 49-17-130 C-316,PRODUCTO_STOCKEABLE,Armazones,Unicity,,,,,UNIDAD,origen: ASUNCION=PC - Inventario.xlsx#618@2026-08-03
ASU-107256,AC PAT FLEX NEGRO H3627 53-16-143 C-314,PRODUCTO_STOCKEABLE,Armazones,Unicity,,,,,UNIDAD,origen: ASUNCION=PC - Inventario.xlsx#621@2026-08-03
ASU-107257,AC PAT FLEX ANIMAL PRINT V1390 55-17-142 C-110,PRODUCTO_STOCKEABLE,Armazones,Vicrola,,,,,UNIDAD,origen: ASUNCION=PC - Inventario.xlsx#582@2026-08-03
ASU-107258,AC PAT FLEX AZUL H3672 53-18-145 C-309,PRODUCTO_STOCKEABLE,Armazones,Unicity,,,,,UNIDAD,origen: ASUNCION=PC - Inventario.xlsx#619@2026-08-03
ASU-107260,AC PAT FLEX VERDE K9797 54-16-140 C-526,PRODUCTO_STOCKEABLE,Armazones,Steffani,,,,,UNIDAD,origen: ASUNCION=PC - Inventario.xlsx#528@2026-08-03
ASU-107262,AC PAT FIJA ROSADO K9872 53-18-144 C-24,PRODUCTO_STOCKEABLE,Armazones,Steffani,,,,,UNIDAD,origen: ASUNCION=PC - Inventario.xlsx#538@2026-08-03
ASU-107264,AC PAT FIJA AZUL S833 54-17-140 C-3,PRODUCTO_STOCKEABLE,Armazones,KAZWINI,,,,,UNIDAD,origen: ASUNCION=PC - Inventario.xlsx#707@2026-08-03
ASU-107267,AC PAT FIJA NEGRO K9976 55-17-145 C-815,PRODUCTO_STOCKEABLE,Armazones,Steffani,,,,,UNIDAD,origen: ASUNCION=PC - Inventario.xlsx#544@2026-08-03
ASU-107268,AC PAT FLEX DORADO V1351 54-17- 140 C-529,PRODUCTO_STOCKEABLE,Armazones,Vicrola,,,,,UNIDAD,origen: ASUNCION=PC - Inventario.xlsx#593@2026-08-03
ASU-107270,AC PAT FIJA MARRON K9873 53-20-140 C-13,PRODUCTO_STOCKEABLE,Armazones,Steffani,,,,,UNIDAD,origen: ASUNCION=PC - Inventario.xlsx#532@2026-08-03
ASU-107271,AC PAT FLEX TRANSPARENTE K9911 54-21-147 C-19,PRODUCTO_STOCKEABLE,Armazones,Steffani,,,,,UNIDAD,origen: ASUNCION=PC - Inventario.xlsx#530@2026-08-03
ASU-107273,AC PAT FLEX DORADO V1407 56-17-142 C-101,PRODUCTO_STOCKEABLE,Armazones,Vicrola,,,,,UNIDAD,origen: ASUNCION=PC - Inventario.xlsx#603@2026-08-03
ASU-107274,AC PAT FLEX GRIS K9911 54-21-147 C-800,PRODUCTO_STOCKEABLE,Armazones,Steffani,,,,,UNIDAD,origen: ASUNCION=PC - Inventario.xlsx#535@2026-08-03
ASU-107275,AC PAT FLEX PLATEADO V1339 53-17-140 C-502,PRODUCTO_STOCKEABLE,Armazones,Vicrola,,,,,UNIDAD,origen: ASUNCION=PC - Inventario.xlsx#607@2026-08-03
ASU-107278,AC PAT FLEX NEGRO V1407 56-17-142 C-114,PRODUCTO_STOCKEABLE,Armazones,Vicrola,,,,,UNIDAD,origen: ASUNCION=PC - Inventario.xlsx#599@2026-08-03
ASU-107279,AC PAT FLEX NEGRO K9981 54-16-142 C-811,PRODUCTO_STOCKEABLE,Armazones,Steffani,,,,,UNIDAD,origen: ASUNCION=PC - Inventario.xlsx#563@2026-08-03
ASU-107280,AC PAT FLEX BLANCO K9964 54-18-145 C-812,PRODUCTO_STOCKEABLE,Armazones,Steffani,,,,,UNIDAD,origen: ASUNCION=PC - Inventario.xlsx#557@2026-08-03
ASU-107281,AC PAT FLEX K9977 53-16-142 C-811,PRODUCTO_STOCKEABLE,Armazones,Steffani,,,,,UNIDAD,origen: ASUNCION=PC - Inventario.xlsx#278@2026-08-03
ASU-107284,AC PAT FLEX PLATEADO K9834 53-16-135 C-529,PRODUCTO_STOCKEABLE,Armazones,Steffani,,,,,UNIDAD,origen: ASUNCION=PC - Inventario.xlsx#659@2026-08-03
ASU-107285,AC PAT FLEX AZUL H3627 53-16-143 C-309,PRODUCTO_STOCKEABLE,Armazones,Unicity,,,,,UNIDAD,origen: ASUNCION=PC - Inventario.xlsx#629@2026-08-03
ASU-107286,AC PAT FIJA GRIS K9873 53-20-140 C-507,PRODUCTO_STOCKEABLE,Armazones,Steffani,,,,,UNIDAD,origen: ASUNCION=PC - Inventario.xlsx#558@2026-08-03
ASU-107287,AC PAT FLEX BLANCO K9916 54-18-140 C-519,PRODUCTO_STOCKEABLE,Armazones,Steffani,,,,,UNIDAD,origen: ASUNCION=PC - Inventario.xlsx#562@2026-08-03
ASU-107289,AC PAT FLEX NEGRO V1390 55-17-142 C-111,PRODUCTO_STOCKEABLE,Armazones,Vicrola,,,,,UNIDAD,origen: ASUNCION=PC - Inventario.xlsx#588@2026-08-03
ASU-107290,AC PAT FIJA DORADO K9849 54-17-140 C-22,PRODUCTO_STOCKEABLE,Armazones,Steffani,,,,,UNIDAD,origen: ASUNCION=PC - Inventario.xlsx#644@2026-08-03
ASU-107291,AH PAT FLEX GRIS H3374 54-17-142 C-611,PRODUCTO_STOCKEABLE,Armazones,Unicity,,,,,UNIDAD,origen: ASUNCION=PC - Inventario.xlsx#612@2026-08-03
ASU-107293,AC PAT FLEX NEGRO K9987 55-17-142 C-813,PRODUCTO_STOCKEABLE,Armazones,Steffani,,,,,UNIDAD,origen: ASUNCION=PC - Inventario.xlsx#654@2026-08-03
ASU-107295,AC PAT FLEX PLATEADO H3629 55-17-140 C-307,PRODUCTO_STOCKEABLE,Armazones,Unicity,,,,,UNIDAD,origen: ASUNCION=PC - Inventario.xlsx#632@2026-08-03
ASU-107297,AC PAT FLEX NEGRO V1163 53-17-145 C-200,PRODUCTO_STOCKEABLE,Armazones,Vicrola,,,,,UNIDAD,origen: ASUNCION=PC - Inventario.xlsx#589@2026-08-03
ASU-107298,AC PAT FLEX ROSA K9916 54-18-140 C-524,PRODUCTO_STOCKEABLE,Armazones,Steffani,,,,,UNIDAD,origen: ASUNCION=PC - Inventario.xlsx#572@2026-08-03
ASU-107299,AC PAT FLEX NEGRO V1319 55-16-145 C-111,PRODUCTO_STOCKEABLE,Armazones,Vicrola,,,,,UNIDAD,origen: ASUNCION=PC - Inventario.xlsx#587@2026-08-03
ASU-107305,AH PAT FLEX PLATEADO H3374 54-17-142 C-607,PRODUCTO_STOCKEABLE,Armazones,Unicity,,,,,UNIDAD,origen: ASUNCION=PC - Inventario.xlsx#630@2026-08-03
ASU-107306,AC PAT FIJA VIOLETA K9873 53-20-140 C-509,PRODUCTO_STOCKEABLE,Armazones,Steffani,,,,,UNIDAD,origen: ASUNCION=PC - Inventario.xlsx#570@2026-08-03
ASU-107307,AC PAT FLEX VERDE V1192 52-18-140 C-26,PRODUCTO_STOCKEABLE,Armazones,Vicrola,,,,,UNIDAD,origen: ASUNCION=PC - Inventario.xlsx#586@2026-08-03
ASU-107309,AC PAT FLEX GRIS K9916 54-18-140 C-400,PRODUCTO_STOCKEABLE,Armazones,Steffani,,,,,UNIDAD,origen: ASUNCION=PC - Inventario.xlsx#574@2026-08-03
ASU-107310,AC PAT FLEX NEGRO H3630 53-17-143 C-313,PRODUCTO_STOCKEABLE,Armazones,Unicity,,,,,UNIDAD,origen: ASUNCION=PC - Inventario.xlsx#626@2026-08-03
ASU-107311,AC PAT FLEX NEGRO V1407 56-17-142 C-107,PRODUCTO_STOCKEABLE,Armazones,Vicrola,,,,,UNIDAD,origen: ASUNCION=PC - Inventario.xlsx#601@2026-08-03
ASU-107312,AC PAT FIJA MARRON K9872 53-18-144 C-13,PRODUCTO_STOCKEABLE,Armazones,Steffani,,,,,UNIDAD,origen: ASUNCION=PC - Inventario.xlsx#571@2026-08-03
ASU-107316,AC PAT FLEX PLATEADO K9834 53-16-135 C-502,PRODUCTO_STOCKEABLE,Armazones,Steffani,,,,,UNIDAD,origen: ASUNCION=PC - Inventario.xlsx#645@2026-08-03
ASU-107319,AC PAT FLEX VERDE 076 55-17-140 C-3,PRODUCTO_STOCKEABLE,Armazones,KAZWINI,,,,,UNIDAD,origen: ASUNCION=PC - Inventario.xlsx#757@2026-08-03
ASU-107320,AH PAT FLEX GRIS K9859 52-20-143 C602,PRODUCTO_STOCKEABLE,Armazones,Steffani,,,,,UNIDAD,origen: ASUNCION=PC - Inventario.xlsx#660@2026-08-03
ASU-107322,AC PAT FIJA VERDE B838 49-20-145 C-2,PRODUCTO_STOCKEABLE,Armazones,KAZWINI,,,,,UNIDAD,origen: ASUNCION=PC - Inventario.xlsx#750@2026-08-03
ASU-107324,AC PAT FIJA TRANSPARENTE,PRODUCTO_STOCKEABLE,Armazones,KAZWINI,,,,,UNIDAD,origen: ASUNCION=PC - Inventario.xlsx#745@2026-08-03
ASU-107326,AC PAT FIJA ANIMAL PRINT B383 49-20-145 C-149,PRODUCTO_STOCKEABLE,Armazones,KAZWINI,,,,,UNIDAD,origen: ASUNCION=PC - Inventario.xlsx#751@2026-08-03
ASU-107327,AC PAT FLEX VERDE 076 55-17-140 C-3,PRODUCTO_STOCKEABLE,Armazones,KAZWINI,,,,,UNIDAD,origen: ASUNCION=PC - Inventario.xlsx#756@2026-08-03
ASU-107328,AC PAT FLEX NEGRO K9990 53-18-142 C-813,PRODUCTO_STOCKEABLE,Armazones,Steffani,,,,,UNIDAD,origen: ASUNCION=PC - Inventario.xlsx#635@2026-08-03
ASU-107330,AC PAT FLEX DORADO K9881 53-17-145 C-524,PRODUCTO_STOCKEABLE,Armazones,Steffani,,,,,UNIDAD,origen: ASUNCION=PC - Inventario.xlsx#634@2026-08-03
ASU-107331,AC PAT FIJA DORADO 3013 51-17-140 C-01,PRODUCTO_STOCKEABLE,Armazones,KAZWINI,,,,,UNIDAD,origen: ASUNCION=PC - Inventario.xlsx#681@2026-08-03
ASU-107332,AC PAT FLEX MARRON 8578C 52-16-135 C-04,PRODUCTO_STOCKEABLE,Armazones,KAZWINI,,,,,UNIDAD,origen: ASUNCION=PC - Inventario.xlsx#727@2026-08-03
ASU-107335,AC PAT FLEX MARRON K9990 53-18-142 C-801,PRODUCTO_STOCKEABLE,Armazones,Steffani,,,,,UNIDAD,origen: ASUNCION=PC - Inventario.xlsx#646@2026-08-03
ASU-107337,AC PAT FIJA GRIS K9872 53-18-144 C-24,PRODUCTO_STOCKEABLE,Armazones,Steffani,,,,,UNIDAD,origen: ASUNCION=PC - Inventario.xlsx#564@2026-08-03
ASU-107340,AC PAT FIJA NEGRO S3922 53-17-135 C-462,PRODUCTO_STOCKEABLE,Armazones,KAZWINI,,,,,UNIDAD,origen: ASUNCION=PC - Inventario.xlsx#752@2026-08-03
ASU-107341,AC PAT FLEX MARRON RX8001 54-18-140 C-3,PRODUCTO_STOCKEABLE,Armazones,KAZWINI,,,,,UNIDAD,origen: ASUNCION=PC - Inventario.xlsx#689@2026-08-03
ASU-107342,AC PAT FLEX GRIS K9981 54-16-142 C-804,PRODUCTO_STOCKEABLE,Armazones,Steffani,,,,,UNIDAD,origen: ASUNCION=PC - Inventario.xlsx#568@2026-08-03
ASU-107343,AC PAT FLEX DORADO H3717 54-16-143 C-301,PRODUCTO_STOCKEABLE,Armazones,Unicity,,,,,UNIDAD,origen: ASUNCION=PC - Inventario.xlsx#624@2026-08-03
ASU-107344,AC PAT FLEX NEGRO K9981 54-16-142 C-809,PRODUCTO_STOCKEABLE,Armazones,Steffani,,,,,UNIDAD,origen: ASUNCION=PC - Inventario.xlsx#567@2026-08-03
ASU-107345,AC PAT FIJA NEGRO FC-98176 54-16-145 C-02,PRODUCTO_STOCKEABLE,Armazones,KAZWINI,,,,,UNIDAD,origen: ASUNCION=PC - Inventario.xlsx#753@2026-08-03
ASU-107346,AC PAT FLEX DORADO 53-19-140,PRODUCTO_STOCKEABLE,Armazones,KAZWINI,,,,,UNIDAD,origen: ASUNCION=PC - Inventario.xlsx#685@2026-08-03
ASU-107347,AC PAT FLEX BORDO K9988 55-18-142 C-803,PRODUCTO_STOCKEABLE,Armazones,Steffani,,,,,UNIDAD,origen: ASUNCION=PC - Inventario.xlsx#650@2026-08-03
ASU-107349,AC PAT FIJA GRIS K9872 53-18-144 C-14,PRODUCTO_STOCKEABLE,Armazones,Steffani,,,,,UNIDAD,origen: ASUNCION=PC - Inventario.xlsx#565@2026-08-03
ASU-107351,AC PAT FLEX GRIS K9987 55-17-142 C-816,PRODUCTO_STOCKEABLE,Armazones,Steffani,,,,,UNIDAD,origen: ASUNCION=PC - Inventario.xlsx#647@2026-08-03
ASU-107353,AC PAT FIJA PLATEADO K9883 55-17-148 C-508,PRODUCTO_STOCKEABLE,Armazones,Steffani,,,,,UNIDAD,origen: ASUNCION=PC - Inventario.xlsx#642@2026-08-03
ASU-107355,AC PAT FLEX DORADO 2085 49-18-140,PRODUCTO_STOCKEABLE,Armazones,KAZWINI,,,,,UNIDAD,origen: ASUNCION=PC - Inventario.xlsx#670@2026-08-03
ASU-107356,AC PAT FIJA VERDE B838 49-20-145 C-2,PRODUCTO_STOCKEABLE,Armazones,KAZWINI,,,,,UNIDAD,origen: ASUNCION=PC - Inventario.xlsx#749@2026-08-03
ASU-107357,AC PAT FIJA NEGRO 5337 54-16-138 C-41,PRODUCTO_STOCKEABLE,Armazones,KAZWINI,,,,,UNIDAD,origen: ASUNCION=PC - Inventario.xlsx#737@2026-08-03
ASU-107359,AC PAT FLEX VIOLETA 6329 52-15-138 C-56,PRODUCTO_STOCKEABLE,Armazones,KAZWINI,,,,,UNIDAD,origen: ASUNCION=PC - Inventario.xlsx#718@2026-08-03
ASU-107360,AC PAT FIJA TURQUESA S831 53-16-135 C-2,PRODUCTO_STOCKEABLE,Armazones,KAZWINI,,,,,UNIDAD,origen: ASUNCION=PC - Inventario.xlsx#703@2026-08-03
ASU-107361,AC PAT FLEX NEGRO 8535C 53-17-135 C-3,PRODUCTO_STOCKEABLE,Armazones,KAZWINI,,,,,UNIDAD,origen: ASUNCION=PC - Inventario.xlsx#728@2026-08-03
ASU-107362,AC PAT FLEX DORADO 53-19-140,PRODUCTO_STOCKEABLE,Armazones,KAZWINI,,,,,UNIDAD,origen: ASUNCION=PC - Inventario.xlsx#686@2026-08-03
ASU-107363,AC PAT FIJA NEGRO S823 52-16-135 C-1,PRODUCTO_STOCKEABLE,Armazones,KAZWINI,,,,,UNIDAD,origen: ASUNCION=PC - Inventario.xlsx#693@2026-08-03
ASU-107364,AC PAT FIJA ROJO 16222 49-21-143 C-23,PRODUCTO_STOCKEABLE,Armazones,KAZWINI,,,,,UNIDAD,origen: ASUNCION=PC - Inventario.xlsx#738@2026-08-03
ASU-107365,AC PAT FLEX CIAN 8986 52-18-140 C-3,PRODUCTO_STOCKEABLE,Armazones,KAZWINI,,,,,UNIDAD,origen: ASUNCION=PC - Inventario.xlsx#729@2026-08-03
ASU-107366,AC PAT FLEX DORADO 1013 55-18-140,PRODUCTO_STOCKEABLE,Armazones,KAZWINI,,,,,UNIDAD,origen: ASUNCION=PC - Inventario.xlsx#672@2026-08-03
ASU-107367,AC PAT FIJA ANIMAL PRINT S802 53-15-130 C-4,PRODUCTO_STOCKEABLE,Armazones,KAZWINI,,,,,UNIDAD,origen: ASUNCION=PC - Inventario.xlsx#696@2026-08-03
ASU-107369,AC PAT FIJA ANIMAL PRINT S838 54-15-140 C-3,PRODUCTO_STOCKEABLE,Armazones,KAZWINI,,,,,UNIDAD,origen: ASUNCION=PC - Inventario.xlsx#708@2026-08-03
ASU-107370,AC PAT FLEX ANIMAL PRINT 6587 51-15-140 C-2,PRODUCTO_STOCKEABLE,Armazones,KAZWINI,,,,,UNIDAD,origen: ASUNCION=PC - Inventario.xlsx#721@2026-08-03
ASU-107371,AC PAT FLEX NEGRO,PRODUCTO_STOCKEABLE,Armazones,KAZWINI,,,,,UNIDAD,origen: ASUNCION=PC - Inventario.xlsx#741@2026-08-03
ASU-107372,AC PAT FLEX DORADO 2061 50-18-140,PRODUCTO_STOCKEABLE,Armazones,KAZWINI,,,,,UNIDAD,origen: ASUNCION=PC - Inventario.xlsx#673@2026-08-03
ASU-107374,AC PAT FIJA NEGRO S839 54-16-140 C-1,PRODUCTO_STOCKEABLE,Armazones,KAZWINI,,,,,UNIDAD,origen: ASUNCION=PC - Inventario.xlsx#695@2026-08-03
ASU-107376,AC PAT FLEX NEGRO 55-17-140 C-1 076,PRODUCTO_STOCKEABLE,Armazones,KAZWINI,,,,,UNIDAD,origen: ASUNCION=PC - Inventario.xlsx#732@2026-08-03
ASU-107378,AC PAT FIJA ANIMAL PRINT MZ9169 53-15-140 C-44,PRODUCTO_STOCKEABLE,Armazones,KAZWINI,,,,,UNIDAD,origen: ASUNCION=PC - Inventario.xlsx#704@2026-08-03
ASU-107379,AC PAT FIJA NEGRO,PRODUCTO_STOCKEABLE,Armazones,KAZWINI,,,,,UNIDAD,origen: ASUNCION=PC - Inventario.xlsx#744@2026-08-03
ASU-107380,AC PAT FLEX MARRON NACARADO 8954 53-15-135 C-2,PRODUCTO_STOCKEABLE,Armazones,KAZWINI,,,,,UNIDAD,origen: ASUNCION=PC - Inventario.xlsx#710@2026-08-03
ASU-107381,AC PAT FIJA NEGRO S820 53-15-140 C-3,PRODUCTO_STOCKEABLE,Armazones,KAZWINI,,,,,UNIDAD,origen: ASUNCION=PC - Inventario.xlsx#711@2026-08-03
ASU-107382,AC PAT FIJA ANIMAL PRINT 8574C 55-15-140 C-08,PRODUCTO_STOCKEABLE,Armazones,KAZWINI,,,,,UNIDAD,origen: ASUNCION=PC - Inventario.xlsx#731@2026-08-03
ASU-107383,AC PAT FIJA NEGRO,PRODUCTO_STOCKEABLE,Armazones,KAZWINI,,,,,UNIDAD,origen: ASUNCION=PC - Inventario.xlsx#743@2026-08-03
ASU-107384,AC PAT FIJA GRIS FG5053 49-19-138 C-4,PRODUCTO_STOCKEABLE,Armazones,KAZWINI,,,,,UNIDAD,origen: ASUNCION=PC - Inventario.xlsx#735@2026-08-03
ASU-107385,AC PAT FIJA BRONCE 52-17-140,PRODUCTO_STOCKEABLE,Armazones,KAZWINI,,,,,UNIDAD,origen: ASUNCION=PC - Inventario.xlsx#687@2026-08-03
ASU-107386,AC PAT FIJA MARRON B383 49-20-145 C-149,PRODUCTO_STOCKEABLE,Armazones,KAZWINI,,,,,UNIDAD,origen: ASUNCION=PC - Inventario.xlsx#734@2026-08-03
ASU-107387,AC PAT FLEX NEGRO MZ09118 52-18-138 C-01,PRODUCTO_STOCKEABLE,Armazones,KAZWINI,,,,,UNIDAD,origen: ASUNCION=PC - Inventario.xlsx#755@2026-08-03
ASU-107388,AC PAT FLEX ANIMAL PRINT MZ09122 56-15-140 C-02,PRODUCTO_STOCKEABLE,Armazones,KAZWINI,,,,,UNIDAD,origen: ASUNCION=PC - Inventario.xlsx#713@2026-08-03
ASU-107389,AC PAT FLEX AZUL 8979 50-18-140 C-2132,PRODUCTO_STOCKEABLE,Armazones,KAZWINI,,,,,UNIDAD,origen: ASUNCION=PC - Inventario.xlsx#758@2026-08-03
ASU-107392,AC PAT FIJA NEGRO 8324 53-16-135 C-78,PRODUCTO_STOCKEABLE,Armazones,KAZWINI,,,,,UNIDAD,origen: ASUNCION=PC - Inventario.xlsx#726@2026-08-03
ASU-107393,AC PAT FIJA DORADO 3013 51-17-140 C-01,PRODUCTO_STOCKEABLE,Armazones,KAZWINI,,,,,UNIDAD,origen: ASUNCION=PC - Inventario.xlsx#680@2026-08-03
ASU-107394,AC PAT FLEX MARRON 7311C 54-15-145 C-3,PRODUCTO_STOCKEABLE,Armazones,KAZWINI,,,,,UNIDAD,origen: ASUNCION=PC - Inventario.xlsx#717@2026-08-03
ASU-107395,AC PAT FLEX DORADO 2061 50-18-140,PRODUCTO_STOCKEABLE,Armazones,KAZWINI,,,,,UNIDAD,origen: ASUNCION=PC - Inventario.xlsx#675@2026-08-03
ASU-107396,AC PAT FIJA VIOLETA S831 53-16-135 C-4,PRODUCTO_STOCKEABLE,Armazones,KAZWINI,,,,,UNIDAD,origen: ASUNCION=PC - Inventario.xlsx#699@2026-08-03
ASU-107398,AC PAT FIJA VIOLETA S813 54-17-135 C-4,PRODUCTO_STOCKEABLE,Armazones,KAZWINI,,,,,UNIDAD,origen: ASUNCION=PC - Inventario.xlsx#691@2026-08-03
ASU-107399,AC PAT FIJA ANIMAL PRINT 8552C 53-17-195 C-2,PRODUCTO_STOCKEABLE,Armazones,KAZWINI,,,,,UNIDAD,origen: ASUNCION=PC - Inventario.xlsx#739@2026-08-03
ASU-107401,AC PAT FIJA BORDO S802 53-915-130 C-2,PRODUCTO_STOCKEABLE,Armazones,KAZWINI,,,,,UNIDAD,origen: ASUNCION=PC - Inventario.xlsx#715@2026-08-03
ASU-107402,AC PAT FIJA ROJO S823 52-16-135 C-2,PRODUCTO_STOCKEABLE,Armazones,KAZWINI,,,,,UNIDAD,origen: ASUNCION=PC - Inventario.xlsx#692@2026-08-03
ASU-107408,AC PAT FIJA VIOLETA MZ09128 52-15-135 C-08,PRODUCTO_STOCKEABLE,Armazones,KAZWINI,,,,,UNIDAD,origen: ASUNCION=PC - Inventario.xlsx#712@2026-08-03
ASU-107409,AC PAT FLEX NEGRO 1016 50-18-140,PRODUCTO_STOCKEABLE,Armazones,KAZWINI,,,,,UNIDAD,origen: ASUNCION=PC - Inventario.xlsx#677@2026-08-03
ASU-107410,AC PAT FLEX VERDE MZ9181 52-17-135 C-44,PRODUCTO_STOCKEABLE,Armazones,KAZWINI,,,,,UNIDAD,origen: ASUNCION=PC - Inventario.xlsx#702@2026-08-03
ASU-107411,AC PAT FIJA PLATEADO 3050 54-18-138 C-03,PRODUCTO_STOCKEABLE,Armazones,KAZWINI,,,,,UNIDAD,origen: ASUNCION=PC - Inventario.xlsx#683@2026-08-03
ASU-107412,AC PAT FLEX NEGRO 1516 50-18-140,PRODUCTO_STOCKEABLE,Armazones,KAZWINI,,,,,UNIDAD,origen: ASUNCION=PC - Inventario.xlsx#676@2026-08-03
ASU-107413,AC PAT FIJA NEGRO S819 53-16-140 C-1,PRODUCTO_STOCKEABLE,Armazones,KAZWINI,,,,,UNIDAD,origen: ASUNCION=PC - Inventario.xlsx#697@2026-08-03
ASU-107415,AC PAT FIJA MARRON B383 49-20-145 C-16,PRODUCTO_STOCKEABLE,Armazones,KAZWINI,,,,,UNIDAD,origen: ASUNCION=PC - Inventario.xlsx#736@2026-08-03
ASU-107416,AC PAT FIJA NEGRO B383 49-20-145 C-1,PRODUCTO_STOCKEABLE,Armazones,KAZWINI,,,,,UNIDAD,origen: ASUNCION=PC - Inventario.xlsx#747@2026-08-03
ASU-107417,AC PAT FLEX ANIMAL PRINT 6587 51-15-140 C-2,PRODUCTO_STOCKEABLE,Armazones,KAZWINI,,,,,UNIDAD,origen: ASUNCION=PC - Inventario.xlsx#716@2026-08-03
ASU-107418,AC PAT FLEX NEGRO CT076 55-17-140,PRODUCTO_STOCKEABLE,Armazones,KAZWINI,,,,,UNIDAD,origen: ASUNCION=PC - Inventario.xlsx#754@2026-08-03
ASU-107419,AC PAT FIJA PLATEADO 3050 54-18-138 C-03,PRODUCTO_STOCKEABLE,Armazones,KAZWINI,,,,,UNIDAD,origen: ASUNCION=PC - Inventario.xlsx#682@2026-08-03
ASU-107420,AC PAT FIJA VIOLETA MZ4059 54-17-135 C-07,PRODUCTO_STOCKEABLE,Armazones,KAZWINI,,,,,UNIDAD,origen: ASUNCION=PC - Inventario.xlsx#746@2026-08-03
ASU-107423,AC PAT FIJA VIOLETA S819 53-16-140 C-2,PRODUCTO_STOCKEABLE,Armazones,KAZWINI,,,,,UNIDAD,origen: ASUNCION=PC - Inventario.xlsx#701@2026-08-03
ASU-107425,AC PAT FIJA NEGRO 3049 54-17-138 C-02,PRODUCTO_STOCKEABLE,Armazones,KAZWINI,,,,,UNIDAD,origen: ASUNCION=PC - Inventario.xlsx#679@2026-08-03
ASU-107427,AC PAT FIJA NEGRO S807 52-16-140 C-1,PRODUCTO_STOCKEABLE,Armazones,KAZWINI,,,,,UNIDAD,origen: ASUNCION=PC - Inventario.xlsx#698@2026-08-03
ASU-107428,AC PAT FLEX AZUL 6327 55-19-140 C-55,PRODUCTO_STOCKEABLE,Armazones,KAZWINI,,,,,UNIDAD,origen: ASUNCION=PC - Inventario.xlsx#759@2026-08-03
ASU-107430,AC PAT FIJA VERDE B838 49-20-145 C-2,PRODUCTO_STOCKEABLE,Armazones,KAZWINI,,,,,UNIDAD,origen: ASUNCION=PC - Inventario.xlsx#748@2026-08-03
ASU-107432,AC PAT FLEX VIOLETA 8969 51-16-140 C-2055,PRODUCTO_STOCKEABLE,Armazones,KAZWINI,,,,,UNIDAD,origen: ASUNCION=PC - Inventario.xlsx#719@2026-08-03
ASU-107433,AC PAT FIJA NEGRO MY-4009A 54-17-138 C-6,PRODUCTO_STOCKEABLE,Armazones,KAZWINI,,,,,UNIDAD,origen: ASUNCION=PC - Inventario.xlsx#720@2026-08-03
ASU-107434,AC PAT FIJA NEGRO 83620 54-16-140 C-008,PRODUCTO_STOCKEABLE,Armazones,KAZWINI,,,,,UNIDAD,origen: ASUNCION=PC - Inventario.xlsx#723@2026-08-03
ASU-107435,AH PAT FLEX NEGRO DS18003 58-17-145 C2,PRODUCTO_STOCKEABLE,Armazones,CG,,,,,UNIDAD,origen: ASUNCION=PC - Inventario.xlsx#824@2026-08-03
ASU-107436,AC PAT FLEX PLATEADO DS18007 53-19-145 C3,PRODUCTO_STOCKEABLE,Armazones,CG,,,,,UNIDAD,origen: ASUNCION=PC - Inventario.xlsx#812@2026-08-03
ASU-107437,AC PAT FLEX MARRON 3150M 49-17-130 C.BT2,PRODUCTO_STOCKEABLE,Armazones,Hanis,,,,,UNIDAD,origen: ASUNCION=PC - Inventario.xlsx#775@2026-08-03
ASU-107440,AC PAT FLEX MARRON 4490 51-16-140 C.BT2,PRODUCTO_STOCKEABLE,Armazones,Hanis,,,,,UNIDAD,origen: ASUNCION=PC - Inventario.xlsx#774@2026-08-03
ASU-107441,AC PAT FLEX NEGRO DS18006 54-17-145 C1,PRODUCTO_STOCKEABLE,Armazones,CG,,,,,UNIDAD,origen: ASUNCION=PC - Inventario.xlsx#799@2026-08-03
ASU-107442,AC PAT FLEX GRIS 4705 54-18-145 C.BT1,PRODUCTO_STOCKEABLE,Armazones,Hanis,,,,,UNIDAD,origen: ASUNCION=PC - Inventario.xlsx#768@2026-08-03
ASU-107443,AC PAT FIJA DORADO HA26010 57-17-140 C.B14,PRODUCTO_STOCKEABLE,Armazones,Hanis,,,,,UNIDAD,origen: ASUNCION=PC - Inventario.xlsx#819@2026-08-03
ASU-107444,AC PAT FLEX NEGRO M4120 52-16-135 C.BT1,PRODUCTO_STOCKEABLE,Armazones,Hanis,,,,,UNIDAD,origen: ASUNCION=PC - Inventario.xlsx#761@2026-08-03
ASU-107445,AC PAT FLEX ANIMAL PRINT 4622 55-16-140 C.BT2,PRODUCTO_STOCKEABLE,Armazones,Hanis,,,,,UNIDAD,origen: ASUNCION=PC - Inventario.xlsx#772@2026-08-03
ASU-107447,AC PAT FLEX NEGRO HA26012 54-17-145 C.F1,PRODUCTO_STOCKEABLE,Armazones,Hanis,,,,,UNIDAD,origen: ASUNCION=PC - Inventario.xlsx#790@2026-08-03
ASU-107448,AC PAT FLEX NEGRO TF8603 54-17-142 C2,PRODUCTO_STOCKEABLE,Armazones,CG,,,,,UNIDAD,origen: ASUNCION=PC - Inventario.xlsx#831@2026-08-03
ASU-107449,AC PAT FLEX DORADO HA26009 56-16-140 C.FFU2,PRODUCTO_STOCKEABLE,Armazones,Hanis,,,,,UNIDAD,origen: ASUNCION=PC - Inventario.xlsx#820@2026-08-03
ASU-107450,AC PAT FIJA ROJO XB2176 53-17-145 C5,PRODUCTO_STOCKEABLE,Armazones,CG,,,,,UNIDAD,origen: ASUNCION=PC - Inventario.xlsx#798@2026-08-03
ASU-107451,AC PAT FIJA NEGRO HA26010 57-17-140 C.B1,PRODUCTO_STOCKEABLE,Armazones,Hanis,,,,,UNIDAD,origen: ASUNCION=PC - Inventario.xlsx#792@2026-08-03
ASU-107453,AC PAT FLEX MARRON DS18002 58-18-145 C6,PRODUCTO_STOCKEABLE,Armazones,CG,,,,,UNIDAD,origen: ASUNCION=PC - Inventario.xlsx#806@2026-08-03
ASU-107454,AC PAT FIJA NEGRO XB2175 53-19-145 C1,PRODUCTO_STOCKEABLE,Armazones,CG,,,,,UNIDAD,origen: ASUNCION=PC - Inventario.xlsx#793@2026-08-03
ASU-107456,AC PAT FLEX PLATEADO HA26015 52-21-145 C.BT13,PRODUCTO_STOCKEABLE,Armazones,Hanis,,,,,UNIDAD,origen: ASUNCION=PC - Inventario.xlsx#815@2026-08-03
ASU-107457,AC PAT FLEX PLATEADO SCJ508 54-18-145 C3,PRODUCTO_STOCKEABLE,Armazones,CG,,,,,UNIDAD,origen: ASUNCION=PC - Inventario.xlsx#811@2026-08-03
ASU-107458,AC PAT FLEX DORADO HA26012 54-17-145 C.F2,PRODUCTO_STOCKEABLE,Armazones,Hanis,,,,,UNIDAD,origen: ASUNCION=PC - Inventario.xlsx#821@2026-08-03
ASU-107459,AC PAT FLEX NEGRO DS18006 54-17-145 C2,PRODUCTO_STOCKEABLE,Armazones,CG,,,,,UNIDAD,origen: ASUNCION=PC - Inventario.xlsx#830@2026-08-03
ASU-107460,AC PAT FLEX MARRON TF8603 54-17-142 C6,PRODUCTO_STOCKEABLE,Armazones,CG,,,,,UNIDAD,origen: ASUNCION=PC - Inventario.xlsx#809@2026-08-03
ASU-107461,AC PAT FLEX PLATEADO HA26016 52-21-145 C.B2,PRODUCTO_STOCKEABLE,Lentes de Sol,Hand,,,,,UNIDAD,origen: ASUNCION=PC - Inventario.xlsx#8030@2026-08-03
ASU-107462,AC PAT FLEX NEGRO 4506 56-18-145 C.B2,PRODUCTO_STOCKEABLE,Armazones,Hanis,,,,,UNIDAD,origen: ASUNCION=PC - Inventario.xlsx#766@2026-08-03
ASU-107463,AC PAT FLEX NEGRO HA26016 52-21-145 C.B1,PRODUCTO_STOCKEABLE,Lentes de Sol,Hanis,,,,,UNIDAD,origen: ASUNCION=PC - Inventario.xlsx#8028@2026-08-03
ASU-107464,AC PAT FLEX NEGRO 4506 56-18-145 C.B1,PRODUCTO_STOCKEABLE,Armazones,Hanis,,,,,UNIDAD,origen: ASUNCION=PC - Inventario.xlsx#763@2026-08-03
ASU-107466,AC PAT FLEX DORADO HA26016 52-21-145 C.FCM0,PRODUCTO_STOCKEABLE,Lentes de Sol,Hanis,,,,,UNIDAD,origen: ASUNCION=PC - Inventario.xlsx#8029@2026-08-03
ASU-107468,AC PAT FLEX NEGRO DS18002 58-18-145 C2,PRODUCTO_STOCKEABLE,Armazones,CG,,,,,UNIDAD,origen: ASUNCION=PC - Inventario.xlsx#822@2026-08-03
ASU-107469,AH PAT FLEX NEGRO DS18003 58-17-145 C1,PRODUCTO_STOCKEABLE,Armazones,CG,,,,,UNIDAD,origen: ASUNCION=PC - Inventario.xlsx#828@2026-08-03
ASU-107470,AC PAT FLEX ROSA TRANSPARENTE 4726 52-17-140 C.BT5,PRODUCTO_STOCKEABLE,Armazones,Hanis,,,,,UNIDAD,origen: ASUNCION=PC - Inventario.xlsx#788@2026-08-03
ASU-107471,AH PAT FLEX NEGRO DS18003 57-19-145 C1,PRODUCTO_STOCKEABLE,Armazones,CG,,,,,UNIDAD,origen: ASUNCION=PC - Inventario.xlsx#827@2026-08-03
ASU-107472,AC PAT FLEX NEGRO DS18007 53-19-145 C1,PRODUCTO_STOCKEABLE,Armazones,CG,,,,,UNIDAD,origen: ASUNCION=PC - Inventario.xlsx#829@2026-08-03
ASU-107473,AC PAT FLEX NEGRO 4355M 51-17-135 C.BT1,PRODUCTO_STOCKEABLE,Armazones,Hanis,,,,,UNIDAD,origen: ASUNCION=PC - Inventario.xlsx#762@2026-08-03
ASU-107474,AC PAT FLEX BORDO 4649 53-16-140 C.BT6,PRODUCTO_STOCKEABLE,Armazones,Hanis,,,,,UNIDAD,origen: ASUNCION=PC - Inventario.xlsx#782@2026-08-03
ASU-107475,AC PAT FLEX MARRON TRANSPARENTE 4335M 51-17-135 C.B2,PRODUCTO_STOCKEABLE,Armazones,Hanis,,,,,UNIDAD,origen: ASUNCION=PC - Inventario.xlsx#789@2026-08-03
ASU-107477,AC PAT FLEX MARRON M4120 52-16-135 C.B2,PRODUCTO_STOCKEABLE,Armazones,Hanis,,,,,UNIDAD,origen: ASUNCION=PC - Inventario.xlsx#781@2026-08-03
ASU-107478,AC PAT FLEX NEGRO HA26012 54-17-145 C.FE3,PRODUCTO_STOCKEABLE,Armazones,Hanis,,,,,UNIDAD,origen: ASUNCION=PC - Inventario.xlsx#813@2026-08-03
ASU-107479,AC PAT FLEX NEGRO HA26015 52-21-145 C.B1,PRODUCTO_STOCKEABLE,Armazones,Hanis,,,,,UNIDAD,origen: ASUNCION=PC - Inventario.xlsx#814@2026-08-03
ASU-107480,AC PAT FLEX NEGRO SCJ505 55-18-145 C1,PRODUCTO_STOCKEABLE,Armazones,CG,,,,,UNIDAD,origen: ASUNCION=PC - Inventario.xlsx#826@2026-08-03
ASU-107481,AC PAT FLEX ROSA 4649 53-16-140 C.BT7,PRODUCTO_STOCKEABLE,Armazones,Hanis,,,,,UNIDAD,origen: ASUNCION=PC - Inventario.xlsx#787@2026-08-03
ASU-107482,AC PAT FLEX NEGRO SCJ508 54-18-145 C1,PRODUCTO_STOCKEABLE,Armazones,CG,,,,,UNIDAD,origen: ASUNCION=PC - Inventario.xlsx#805@2026-08-03
ASU-107483,AC PAT FLEX BORDO 3150M 49-17-130 C.BT6,PRODUCTO_STOCKEABLE,Armazones,Hanis,,,,,UNIDAD,origen: ASUNCION=PC - Inventario.xlsx#786@2026-08-03
ASU-107484,AC PAT FLEX DORADO HA26009 56-16-140 C.BFU2,PRODUCTO_STOCKEABLE,Armazones,Hanis,,,,,UNIDAD,origen: ASUNCION=PC - Inventario.xlsx#818@2026-08-03
ASU-107486,AC PAT FLEX MARRON DS18008 57-19-145 C6,PRODUCTO_STOCKEABLE,Armazones,CG,,,,,UNIDAD,origen: ASUNCION=PC - Inventario.xlsx#808@2026-08-03
ASU-107488,AC PAT FLEX MARRON TRANSPARENTE 4726 52-17-140 C.BT2,PRODUCTO_STOCKEABLE,Armazones,Hanis,,,,,UNIDAD,origen: ASUNCION=PC - Inventario.xlsx#776@2026-08-03
ASU-107489,AC PAT FLEX NEGRO DS18008 57-19-145 C2,PRODUCTO_STOCKEABLE,Armazones,CG,,,,,UNIDAD,origen: ASUNCION=PC - Inventario.xlsx#801@2026-08-03
ASU-107490,AC PAT FLEX ROSA OSCURO 3139M 50-17-135 C.TE6,PRODUCTO_STOCKEABLE,Armazones,Hanis,,,,,UNIDAD,origen: ASUNCION=PC - Inventario.xlsx#784@2026-08-03
ASU-107492,AC PAT FLEX NEGRO DS18007 53-19-145 C2,PRODUCTO_STOCKEABLE,Armazones,CG,,,,,UNIDAD,origen: ASUNCION=PC - Inventario.xlsx#802@2026-08-03
ASU-107493,AC PAT FLEX NEGRO SCJ509 54-18-145 C1,PRODUCTO_STOCKEABLE,Armazones,CG,,,,,UNIDAD,origen: ASUNCION=PC - Inventario.xlsx#823@2026-08-03
ASU-107494,AC PAT FLEX VIOLETA TRANSPARENTE 3150M 49-17-130 C.BT5,PRODUCTO_STOCKEABLE,Armazones,Hanis,,,,,UNIDAD,origen: ASUNCION=PC - Inventario.xlsx#785@2026-08-03
ASU-107495,AC PAT FLEX MARRON DS18006 54-17-145 C6,PRODUCTO_STOCKEABLE,Armazones,CG,,,,,UNIDAD,origen: ASUNCION=PC - Inventario.xlsx#807@2026-08-03
ASU-107496,AC PAT FLEX NEGRO TF8604 54-17-142 C1,PRODUCTO_STOCKEABLE,Armazones,CG,,,,,UNIDAD,origen: ASUNCION=PC - Inventario.xlsx#804@2026-08-03
ASU-107497,AC PAT FIJA DORADO HA26010 57-17-140 C.B6,PRODUCTO_STOCKEABLE,Armazones,Hanis,,,,,UNIDAD,origen: ASUNCION=PC - Inventario.xlsx#817@2026-08-03
ASU-107499,AC PAT FLEX DORADO SCJ508 54-18-145 C4,PRODUCTO_STOCKEABLE,Armazones,CG,,,,,UNIDAD,origen: ASUNCION=PC - Inventario.xlsx#810@2026-08-03
ASU-107501,AC PAT FLEX BORDO 4622 55-16-140 C.BE6,PRODUCTO_STOCKEABLE,Armazones,Hanis,,,,,UNIDAD,origen: ASUNCION=PC - Inventario.xlsx#783@2026-08-03
ASU-107502,AC PAT FLEX ANIMAL PRINT TRANSPARENTE 3907M 52-16-135 C.BT5,PRODUCTO_STOCKEABLE,Armazones,Hanis,,,,,UNIDAD,origen: ASUNCION=PC - Inventario.xlsx#779@2026-08-03
ASU-107503,AC PAT FLEX DORADO HA26015 52-21-145 C.FCM0,PRODUCTO_STOCKEABLE,Armazones,Hanis,,,,,UNIDAD,origen: ASUNCION=PC - Inventario.xlsx#816@2026-08-03
ASU-107505,AC PAT FLEX PLATEADO SCJ517 54-17-145 C5,PRODUCTO_STOCKEABLE,Armazones,CG,,,,,UNIDAD,origen: ASUNCION=PC - Inventario.xlsx#834@2026-08-03
ASU-107507,AC PAT FIJA ANIMAL PRINT XB2175 53-19-145 C7,PRODUCTO_STOCKEABLE,Armazones,CG,,,,,UNIDAD,origen: ASUNCION=PC - Inventario.xlsx#795@2026-08-03
ASU-107508,AC PAT FLEX PLATEADO SCJ505 55-18-145 C5,PRODUCTO_STOCKEABLE,Armazones,CG,,,,,UNIDAD,origen: ASUNCION=PC - Inventario.xlsx#835@2026-08-03
ASU-107509,AC PAT FIJA ANIMAL PRINT XB2718 53-19-145 C6,PRODUCTO_STOCKEABLE,Armazones,CG,,,,,UNIDAD,origen: ASUNCION=PC - Inventario.xlsx#796@2026-08-03
ASU-107510,AC PAT FLEX ANIMAL PRINT TRANSPARENTE 3139M 50-17-135 C.BT5,PRODUCTO_STOCKEABLE,Armazones,Hanis,,,,,UNIDAD,origen: ASUNCION=PC - Inventario.xlsx#780@2026-08-03
ASU-107511,AC PAT FLEX NEGRO SCJ517 54-17-145 C1,PRODUCTO_STOCKEABLE,Armazones,CG,,,,,UNIDAD,origen: ASUNCION=PC - Inventario.xlsx#832@2026-08-03
ASU-107512,AH PAT FLEX PLATEADO DS18003 58-17-145 C3,PRODUCTO_STOCKEABLE,Armazones,CG,,,,,UNIDAD,origen: ASUNCION=PC - Inventario.xlsx#833@2026-08-03
ASU-107513,AC PAT FLEX NEGRO TF8604 54-17-142 C3,PRODUCTO_STOCKEABLE,Armazones,CG,,,,,UNIDAD,origen: ASUNCION=PC - Inventario.xlsx#825@2026-08-03
ASU-107515,AC PAT FLEX PLATEADO SCJ509 54-18-145 C3,PRODUCTO_STOCKEABLE,Armazones,CG,,,,,UNIDAD,origen: ASUNCION=PC - Inventario.xlsx#836@2026-08-03
ASU-107516,AC PAT FLEX NEGRO TR27004 54-18-143 C1,PRODUCTO_STOCKEABLE,Armazones,CG,,,,,UNIDAD,origen: ASUNCION=PC - Inventario.xlsx#848@2026-08-03
ASU-107517,AC PAT FLEX LILA 89905 53-18-145 C5,PRODUCTO_STOCKEABLE,Armazones,CG,,,,,UNIDAD,origen: ASUNCION=PC - Inventario.xlsx#860@2026-08-03
ASU-107518,AC PAT FLEX MARRON V1404 53-17-135 C.125,PRODUCTO_STOCKEABLE,Armazones,Vicrola,,,,,UNIDAD,origen: ASUNCION=PC - Inventario.xlsx#955@2026-08-03
ASU-107519,AC PAT FLEX NEGRO H2963 49-16-135 C.613,PRODUCTO_STOCKEABLE,Armazones,Unicity,,,,,UNIDAD,origen: ASUNCION=PC - Inventario.xlsx#997@2026-08-03
ASU-107520,AC PAT FLEX BORDO K9983 51-20-142 C.803,PRODUCTO_STOCKEABLE,Armazones,Steffani,,,,,UNIDAD,origen: ASUNCION=PC - Inventario.xlsx#901@2026-08-03
ASU-107521,AC PAT FLEX AZUL THS3459 52-19-145 C.3,PRODUCTO_STOCKEABLE,Armazones,Graffiti,,,,,UNIDAD,origen: ASUNCION=PC - Inventario.xlsx#36@2026-08-03
ASU-107522,AC PAT FLEX DORADO SCJ505 55-18-145 C4,PRODUCTO_STOCKEABLE,Armazones,CG,,,,,UNIDAD,origen: ASUNCION=PC - Inventario.xlsx#841@2026-08-03
ASU-107523,AC PAT FLEX ANIMAL PRINT H3661 53-18-145 C.310,PRODUCTO_STOCKEABLE,Armazones,Unicity,,,,,UNIDAD,origen: ASUNCION=PC - Inventario.xlsx#1000@2026-08-03
ASU-107524,AC PAT FLEX DORADO WK6986 54-17-143 C4,PRODUCTO_STOCKEABLE,Armazones,CG,,,,,UNIDAD,origen: ASUNCION=PC - Inventario.xlsx#844@2026-08-03
ASU-107525,AC PAT FLEX ANIMAL PRINT V1206 49-19-140 C.110,PRODUCTO_STOCKEABLE,Armazones,Vicrola,,,,,UNIDAD,origen: ASUNCION=PC - Inventario.xlsx#975@2026-08-03
ASU-107526,AC PAT FLEX AZUL KAS3081 54-17-143 C.5,PRODUCTO_STOCKEABLE,Armazones,Graffiti,,,,,UNIDAD,origen: ASUNCION=PC - Inventario.xlsx#1047@2026-08-03
ASU-107527,AC PAT FIJA NEGRO MM033 51-20-145 C.01,PRODUCTO_STOCKEABLE,Armazones,Graffiti,,,,,UNIDAD,origen: ASUNCION=PC - Inventario.xlsx#1055@2026-08-03
ASU-107529,AC PAT FLEX GRIS K9956 48-23-145 C.816,PRODUCTO_STOCKEABLE,Armazones,Steffani,,,,,UNIDAD,origen: ASUNCION=PC - Inventario.xlsx#930@2026-08-03
ASU-107530,AC PAT FIJA AZUL G7024 49-15-135 C.2,PRODUCTO_STOCKEABLE,Armazones,Graffiti,,,,,UNIDAD,origen: ASUNCION=PC - Inventario.xlsx#35@2026-08-03
ASU-107532,AC PAT FLEX AZUL GRA3095 53-18-143 C.5,PRODUCTO_STOCKEABLE,Armazones,Graffiti,,,,,UNIDAD,origen: ASUNCION=PC - Inventario.xlsx#1046@2026-08-03
ASU-107533,AC PAT FLEX VERDE V1206 49-19-140 C.26,PRODUCTO_STOCKEABLE,Armazones,Vicrola,,,,,UNIDAD,origen: ASUNCION=PC - Inventario.xlsx#978@2026-08-03
ASU-107534,AC PAT FLEX MARRON K9994 56-16-142 C.825,PRODUCTO_STOCKEABLE,Armazones,Steffani,,,,,UNIDAD,origen: ASUNCION=PC - Inventario.xlsx#1018@2026-08-03
ASU-107535,AC PAT FLEX ROSA H9783 54-16-140 C.524,PRODUCTO_STOCKEABLE,Armazones,Steffani,,,,,UNIDAD,origen: ASUNCION=PC - Inventario.xlsx#895@2026-08-03
ASU-107536,AC PAT FLEX DORADO WK6986 54-17-143 C3,PRODUCTO_STOCKEABLE,Armazones,CG,,,,,UNIDAD,origen: ASUNCION=PC - Inventario.xlsx#845@2026-08-03
ASU-107537,AC PAT FLEX PLATEADO HA26015 52-21-142 C.B1,PRODUCTO_STOCKEABLE,Armazones,Hanis,,,,,UNIDAD,origen: ASUNCION=PC - Inventario.xlsx#187@2026-08-03
ASU-107538,AC PAT FLEX DORADO WK6983 54-17-142 C5,PRODUCTO_STOCKEABLE,Armazones,CG,,,,,UNIDAD,origen: ASUNCION=PC - Inventario.xlsx#846@2026-08-03
ASU-107539,AC PAT FLEX ANIMAL PRINT H3754 52-19-140 C.320,PRODUCTO_STOCKEABLE,Armazones,Unicity,,,,,UNIDAD,origen: ASUNCION=PC - Inventario.xlsx#1036@2026-08-03
ASU-107540,AC PAT FIJA NEGRO G7024 49-15-135 C.1,PRODUCTO_STOCKEABLE,Armazones,Graffiti,,,,,UNIDAD,origen: ASUNCION=PC - Inventario.xlsx#1053@2026-08-03
ASU-107541,AC PAT FLEX MARRON K9993 51-18-142 C.801,PRODUCTO_STOCKEABLE,Armazones,Steffani,,,,,UNIDAD,origen: ASUNCION=PC - Inventario.xlsx#1030@2026-08-03
ASU-107542,AC PAT FIJA TRANSPARENTE MM033 51-20-145 C.02,PRODUCTO_STOCKEABLE,Armazones,Graffiti,,,,,UNIDAD,origen: ASUNCION=PC - Inventario.xlsx#41@2026-08-03
ASU-107543,AC PAT FLEX MARRON K9996 53-20-142 C.825,PRODUCTO_STOCKEABLE,Armazones,Steffani,,,,,UNIDAD,origen: ASUNCION=PC - Inventario.xlsx#1017@2026-08-03
ASU-107544,AC PAT FLEX ANIMAL PRINT H3754 52-19-140 C.320,PRODUCTO_STOCKEABLE,Armazones,Unicity,,,,,UNIDAD,origen: ASUNCION=PC - Inventario.xlsx#1035@2026-08-03
ASU-107545,AC PAT FLEX DORADO K9670 53-19-145 C.524,PRODUCTO_STOCKEABLE,Armazones,Steffani,,,,,UNIDAD,origen: ASUNCION=PC - Inventario.xlsx#937@2026-08-03
ASU-107546,AC PAT FIJA ANIMAL PRINT XB2174 52-17-145 C4,PRODUCTO_STOCKEABLE,Armazones,CG,,,,,UNIDAD,origen: ASUNCION=PC - Inventario.xlsx#854@2026-08-03
ASU-107547,AC PAT FLEX PLATEADO HA26014 51-16-140 C.F0FU2,PRODUCTO_STOCKEABLE,Armazones,Hanis,,,,,UNIDAD,origen: ASUNCION=PC - Inventario.xlsx#193@2026-08-03
ASU-107548,AC PAT FIJA GRIS K9914 54-17-140 C.824,PRODUCTO_STOCKEABLE,Armazones,Steffani,,,,,UNIDAD,origen: ASUNCION=PC - Inventario.xlsx#929@2026-08-03
ASU-107549,AC PAT FIJA MARRON K9880 52-17-141 C.513,PRODUCTO_STOCKEABLE,Armazones,Steffani,,,,,UNIDAD,origen: ASUNCION=PC - Inventario.xlsx#911@2026-08-03
ASU-107550,AC PAT FLEX NEGRO K9954 54-18-145 C.816,PRODUCTO_STOCKEABLE,Armazones,Steffani,,,,,UNIDAD,origen: ASUNCION=PC - Inventario.xlsx#927@2026-08-03
ASU-107552,AC PAT FLEX NEGRO V1317 48-21-145 C.200,PRODUCTO_STOCKEABLE,Armazones,Vicrola,,,,,UNIDAD,origen: ASUNCION=PC - Inventario.xlsx#966@2026-08-03
ASU-107553,AC PAT FLEX NEGRO K9954 54-18-145 C.809,PRODUCTO_STOCKEABLE,Armazones,Steffani,,,,,UNIDAD,origen: ASUNCION=PC - Inventario.xlsx#926@2026-08-03
ASU-107554,AC PAT FLEX DORADO CTM8002 54-17-140 C5,PRODUCTO_STOCKEABLE,Armazones,CG,,,,,UNIDAD,origen: ASUNCION=PC - Inventario.xlsx#843@2026-08-03
ASU-107555,AC PAT FLEX DORADO SCJ517 54-17-145 C4,PRODUCTO_STOCKEABLE,Armazones,CG,,,,,UNIDAD,origen: ASUNCION=PC - Inventario.xlsx#840@2026-08-03
ASU-107556,AC PAT FLEX NEGRO H3754 52-19-140 C.311,PRODUCTO_STOCKEABLE,Armazones,Unicity,,,,,UNIDAD,origen: ASUNCION=PC - Inventario.xlsx#1033@2026-08-03
ASU-107557,AC PAT FLEX AZUL K9811 53-13-143 C.756,PRODUCTO_STOCKEABLE,Armazones,Steffani,,,,,UNIDAD,origen: ASUNCION=PC - Inventario.xlsx#943@2026-08-03
ASU-107558,AC PAT FLEX GRIS THS3459 52-19-145 C.1,PRODUCTO_STOCKEABLE,Armazones,Graffiti,,,,,UNIDAD,origen: ASUNCION=PC - Inventario.xlsx#34@2026-08-03
ASU-107559,AC PAT FLEX BORDO TR27028 54-16-145 C6,PRODUCTO_STOCKEABLE,Armazones,CG,,,,,UNIDAD,origen: ASUNCION=PC - Inventario.xlsx#858@2026-08-03
ASU-107560,AC PAT FLEX DORADO WK6983 54-17-142 C2,PRODUCTO_STOCKEABLE,Armazones,CG,,,,,UNIDAD,origen: ASUNCION=PC - Inventario.xlsx#838@2026-08-03
ASU-107562,AC PAT FIJA MARRON K9914 54-17-140 C.12,PRODUCTO_STOCKEABLE,Armazones,Steffani,,,,,UNIDAD,origen: ASUNCION=PC - Inventario.xlsx#936@2026-08-03
ASU-107563,AC PAT FLEX TRANSPARENTE TR27001 54-17-143 C3,PRODUCTO_STOCKEABLE,Armazones,CG,,,,,UNIDAD,origen: ASUNCION=PC - Inventario.xlsx#850@2026-08-03
ASU-107565,AC PAT FLEX MARRON TF8604 54-17-142 C6,PRODUCTO_STOCKEABLE,Armazones,CG,,,,,UNIDAD,origen: ASUNCION=PC - Inventario.xlsx#837@2026-08-03
ASU-107566,AC PAT FLEX TRANSPARENTE TR27004 54-18-143 C3,PRODUCTO_STOCKEABLE,Armazones,CG,,,,,UNIDAD,origen: ASUNCION=PC - Inventario.xlsx#849@2026-08-03
ASU-107567,AC PAT FLEX NEGRO TR27028 54-16-145 C1,PRODUCTO_STOCKEABLE,Armazones,CG,,,,,UNIDAD,origen: ASUNCION=PC - Inventario.xlsx#847@2026-08-03
ASU-107568,AC PAT FLEX ROSA K9781 54-17-142 C.524,PRODUCTO_STOCKEABLE,Armazones,Steffani,,,,,UNIDAD,origen: ASUNCION=PC - Inventario.xlsx#893@2026-08-03
ASU-107569,AC PAT FIJA NEGRO K9877 51-20-145 C.F200,PRODUCTO_STOCKEABLE,Armazones,Steffani,,,,,UNIDAD,origen: ASUNCION=PC - Inventario.xlsx#91@2026-08-03
ASU-107570,AC PAT FLEX DORADO 25060 52-16-138 C.1,PRODUCTO_STOCKEABLE,Armazones,Graffiti,,,,,UNIDAD,origen: ASUNCION=PC - Inventario.xlsx#1050@2026-08-03
ASU-107571,AC PAT FLEX NEGRO K9811 53-15-143 C.201,PRODUCTO_STOCKEABLE,Armazones,Steffani,,,,,UNIDAD,origen: ASUNCION=PC - Inventario.xlsx#920@2026-08-03
ASU-107572,AH PAT FLEX PLATEADO 25073 50-17-138 C.7,PRODUCTO_STOCKEABLE,Armazones,Graffiti,,,,,UNIDAD,origen: ASUNCION=PC - Inventario.xlsx#1048@2026-08-03
ASU-107573,AC PAT FIJA BORDO K9942 55-17-142 C.803,PRODUCTO_STOCKEABLE,Armazones,Steffani,,,,,UNIDAD,origen: ASUNCION=PC - Inventario.xlsx#904@2026-08-03
ASU-107574,AC PAT FLEX BORDO RY92009 52-18-140 C2,PRODUCTO_STOCKEABLE,Armazones,CG,,,,,UNIDAD,origen: ASUNCION=PC - Inventario.xlsx#857@2026-08-03
ASU-107575,AC PAT FIJA ANIMAL PRINT XB2178 53-19-145 C7,PRODUCTO_STOCKEABLE,Armazones,CG,,,,,UNIDAD,origen: ASUNCION=PC - Inventario.xlsx#855@2026-08-03
ASU-107576,AC PAT FIJA ANIMAL PRINT XB2175 53-19-145 C6,PRODUCTO_STOCKEABLE,Armazones,CG,,,,,UNIDAD,origen: ASUNCION=PC - Inventario.xlsx#853@2026-08-03
ASU-107577,AC PAT FLEX MARRON RY92009 52-18-140 C4,PRODUCTO_STOCKEABLE,Armazones,CG,,,,,UNIDAD,origen: ASUNCION=PC - Inventario.xlsx#856@2026-08-03
ASU-107578,AC PAT FLEX TRANSPARENTE TR27025 54-16-144 C3,PRODUCTO_STOCKEABLE,Armazones,CG,,,,,UNIDAD,origen: ASUNCION=PC - Inventario.xlsx#851@2026-08-03
ASU-107579,AC PAT FLEX GRIS V1179 50-17-140 C.116,PRODUCTO_STOCKEABLE,Armazones,Vicrola,,,,,UNIDAD,origen: ASUNCION=PC - Inventario.xlsx#972@2026-08-03
ASU-107580,AC PAT FLEX TRANSPARENTE 89905 53-18-145 C6,PRODUCTO_STOCKEABLE,Armazones,CG,,,,,UNIDAD,origen: ASUNCION=PC - Inventario.xlsx#852@2026-08-03
ASU-107581,AH PAT FLEX GRIS V1359 52-17-140 C.529,PRODUCTO_STOCKEABLE,Armazones,Vicrola,,,,,UNIDAD,origen: ASUNCION=PC - Inventario.xlsx#957@2026-08-03
ASU-107582,AC PAT FLEX DORADO WK6986 54-17-143 C5,PRODUCTO_STOCKEABLE,Armazones,CG,,,,,UNIDAD,origen: ASUNCION=PC - Inventario.xlsx#839@2026-08-03
ASU-107583,AC PAT FLEX DORADO CTM8002 51-17-140 C2,PRODUCTO_STOCKEABLE,Armazones,CG,,,,,UNIDAD,origen: ASUNCION=PC - Inventario.xlsx#842@2026-08-03
ASU-107584,AC PAT FLEX DORADO K9670 53-19-145 C.519,PRODUCTO_STOCKEABLE,Armazones,Steffani,,,,,UNIDAD,origen: ASUNCION=PC - Inventario.xlsx#938@2026-08-03
ASU-107585,AC PAT FIJA NEGRO K9912 53-18-147 C.200,PRODUCTO_STOCKEABLE,Armazones,Steffani,,,,,UNIDAD,origen: ASUNCION=PC - Inventario.xlsx#928@2026-08-03
ASU-107586,AC PAT FLEX DORADO 25060 52-16-138 C.3,PRODUCTO_STOCKEABLE,Armazones,Graffiti,,,,,UNIDAD,origen: ASUNCION=PC - Inventario.xlsx#1052@2026-08-03
ASU-107587,AC PAT FLEX TRANSPARENTE V1202 51-18-140 C.19,PRODUCTO_STOCKEABLE,Armazones,Vicrola,,,,,UNIDAD,origen: ASUNCION=PC - Inventario.xlsx#990@2026-08-03
ASU-107588,AC PAT FLEX NEGRO K9773 54-15-140 C.502,PRODUCTO_STOCKEABLE,Armazones,Steffani,,,,,UNIDAD,origen: ASUNCION=PC - Inventario.xlsx#925@2026-08-03
ASU-107589,AC PAT FLEX TRANSPARENTE H2963 49-16-135 C.612,PRODUCTO_STOCKEABLE,Armazones,Unicity,,,,,UNIDAD,origen: ASUNCION=PC - Inventario.xlsx#1009@2026-08-03
ASU-107590,AC PAT FLEX MARRON TR27030 54-17-143 C3,PRODUCTO_STOCKEABLE,Armazones,CG,,,,,UNIDAD,origen: ASUNCION=PC - Inventario.xlsx#861@2026-08-03
ASU-107591,AC PAT FLEX GRIS TR27001 54-17-143 C6,PRODUCTO_STOCKEABLE,Armazones,CG,,,,,UNIDAD,origen: ASUNCION=PC - Inventario.xlsx#859@2026-08-03
ASU-107593,AC PAT FLEX MARRON V1368 55-16-140 C.13,PRODUCTO_STOCKEABLE,Armazones,Vicrola,,,,,UNIDAD,origen: ASUNCION=PC - Inventario.xlsx#981@2026-08-03
ASU-107594,AC PAT FLEX MARRON K9786 55-16-140 C.28,PRODUCTO_STOCKEABLE,Armazones,Steffani,,,,,UNIDAD,origen: ASUNCION=PC - Inventario.xlsx#907@2026-08-03
ASU-107595,AH PAT FLEX MARRON V1359 52-17-140 C.514,PRODUCTO_STOCKEABLE,Armazones,Vicrola,,,,,UNIDAD,origen: ASUNCION=PC - Inventario.xlsx#956@2026-08-03
ASU-107596,AC PAT FIJA NEGRO V1316 50-23-150 C.200,PRODUCTO_STOCKEABLE,Armazones,Vicrola,,,,,UNIDAD,origen: ASUNCION=PC - Inventario.xlsx#969@2026-08-03
ASU-107597,AC PAT FLEX DORADO V1404 53-17-135 C.118,PRODUCTO_STOCKEABLE,Armazones,Vicrola,,,,,UNIDAD,origen: ASUNCION=PC - Inventario.xlsx#960@2026-08-03
ASU-107599,AC PAT FLEX NEGRO V1206 49-19-140 C.224,PRODUCTO_STOCKEABLE,Armazones,Vicrola,,,,,UNIDAD,origen: ASUNCION=PC - Inventario.xlsx#967@2026-08-03
ASU-107600,AC PAT FLEX NEGRO V1289 53-16-142 C.502,PRODUCTO_STOCKEABLE,Armazones,Vicrola,,,,,UNIDAD,origen: ASUNCION=PC - Inventario.xlsx#965@2026-08-03
ASU-107601,AH PAT FLEX PLATEADO K9986 56-18-145 C.809,PRODUCTO_STOCKEABLE,Armazones,Steffani,,,,,UNIDAD,origen: ASUNCION=PC - Inventario.xlsx#882@2026-08-03
ASU-107602,AC PAT FIJA NEGRO V1322 51-19-148 C.F200,PRODUCTO_STOCKEABLE,Armazones,Vicrola,,,,,UNIDAD,origen: ASUNCION=PC - Inventario.xlsx#968@2026-08-03
ASU-107603,AC PAT FLEX NEGRO H2962 49-16-135 C.613,PRODUCTO_STOCKEABLE,Armazones,Unicity,,,,,UNIDAD,origen: ASUNCION=PC - Inventario.xlsx#998@2026-08-03
ASU-107604,AC PAT FLEX MARRON K9956 48-23-145 C.810,PRODUCTO_STOCKEABLE,Armazones,Steffani,,,,,UNIDAD,origen: ASUNCION=PC - Inventario.xlsx#934@2026-08-03
ASU-107605,AH PAT FLEX NEGRO V1359 52-17-140 C.502,PRODUCTO_STOCKEABLE,Armazones,Vicrola,,,,,UNIDAD,origen: ASUNCION=PC - Inventario.xlsx#952@2026-08-03
ASU-107606,AC PAT FLEX AZUL K9812 57-17-145 C.756,PRODUCTO_STOCKEABLE,Armazones,Steffani,,,,,UNIDAD,origen: ASUNCION=PC - Inventario.xlsx#942@2026-08-03
ASU-107607,AC PAT FLEX ROSA LE2053 53-16-142 C.4,PRODUCTO_STOCKEABLE,Armazones,Graffiti,,,,,UNIDAD,origen: ASUNCION=PC - Inventario.xlsx#39@2026-08-03
ASU-107608,AC PAT FIJA NEGRO G7024 49-15-135 C.5,PRODUCTO_STOCKEABLE,Armazones,Graffiti,,,,,UNIDAD,origen: ASUNCION=PC - Inventario.xlsx#29@2026-08-03
ASU-107609,AC PAT FLEX ROJO K9994 56-16-142 C.803,PRODUCTO_STOCKEABLE,Armazones,Steffani,,,,,UNIDAD,origen: ASUNCION=PC - Inventario.xlsx#1019@2026-08-03
ASU-107610,AC PAT FLEX AZUL K9989 54-17-142 C.809,PRODUCTO_STOCKEABLE,Armazones,Steffani,,,,,UNIDAD,origen: ASUNCION=PC - Inventario.xlsx#913@2026-08-03
ASU-107611,AC PAT FLEX AZUL K9993 51-18-142 C.824,PRODUCTO_STOCKEABLE,Armazones,Steffani,,,,,UNIDAD,origen: ASUNCION=PC - Inventario.xlsx#1031@2026-08-03
ASU-107612,AC PAT FIJA TRANSPARENTE K9839 54-16-143 C.26,PRODUCTO_STOCKEABLE,Armazones,Steffani,,,,,UNIDAD,origen: ASUNCION=PC - Inventario.xlsx#950@2026-08-03
ASU-107613,AC PAT FLEX NEGRO K9996 53-20-142 C.813,PRODUCTO_STOCKEABLE,Armazones,Steffani,,,,,UNIDAD,origen: ASUNCION=PC - Inventario.xlsx#1010@2026-08-03
ASU-107615,AC PAT FLEX GRIS H3754 52-19-140 C.317,PRODUCTO_STOCKEABLE,Armazones,Unicity,,,,,UNIDAD,origen: ASUNCION=PC - Inventario.xlsx#1038@2026-08-03
ASU-107616,AC PAT FLEX MARRON LE2038 53-16-142 C.2,PRODUCTO_STOCKEABLE,Armazones,Graffiti,,,,,UNIDAD,origen: ASUNCION=PC - Inventario.xlsx#38@2026-08-03
ASU-107617,AC PAT FIJA MARRON V1322 51-19-148 C.513,PRODUCTO_STOCKEABLE,Armazones,Vicrola,,,,,UNIDAD,origen: ASUNCION=PC - Inventario.xlsx#985@2026-08-03
ASU-107618,AC PAT FLEX BLANCO K9781 54-17-142 C.527,PRODUCTO_STOCKEABLE,Armazones,Steffani,,,,,UNIDAD,origen: ASUNCION=PC - Inventario.xlsx#919@2026-08-03
ASU-107619,AC PAT FLEX AZUL K9917 54-17-143 C.700,PRODUCTO_STOCKEABLE,Armazones,Steffani,,,,,UNIDAD,origen: ASUNCION=PC - Inventario.xlsx#944@2026-08-03
ASU-107620,AC PAT FIJA TRANSPARENTE K9912 53-18-147 C.13,PRODUCTO_STOCKEABLE,Armazones,Steffani,,,,,UNIDAD,origen: ASUNCION=PC - Inventario.xlsx#951@2026-08-03
ASU-107621,AC PAT FIJA MARRON K9880 52-17-141 C.524,PRODUCTO_STOCKEABLE,Armazones,Steffani,,,,,UNIDAD,origen: ASUNCION=PC - Inventario.xlsx#912@2026-08-03
ASU-107622,AC PAT FLEX LILA K9992 55-18-142 C.804,PRODUCTO_STOCKEABLE,Armazones,Steffani,,,,,UNIDAD,origen: ASUNCION=PC - Inventario.xlsx#1032@2026-08-03
ASU-107623,AC PAT FLEX MARRON V1202 51-18-140 C.13,PRODUCTO_STOCKEABLE,Armazones,Vicrola,,,,,UNIDAD,origen: ASUNCION=PC - Inventario.xlsx#982@2026-08-03
ASU-107624,AC PAT FLEX LILA H2702 49-17-138 C.620,PRODUCTO_STOCKEABLE,Armazones,Unicity,,,,,UNIDAD,origen: ASUNCION=PC - Inventario.xlsx#1001@2026-08-03
ASU-107625,AC PAT FLEX BORDO K9993 51-18-142 C.803,PRODUCTO_STOCKEABLE,Armazones,Steffani,,,,,UNIDAD,origen: ASUNCION=PC - Inventario.xlsx#1028@2026-08-03
ASU-107626,AC PAT FLEX LILA K9989 54-17-142 C.805,PRODUCTO_STOCKEABLE,Armazones,Steffani,,,,,UNIDAD,origen: ASUNCION=PC - Inventario.xlsx#915@2026-08-03
ASU-107627,AC PAT FIJA LILA K9942 55-17-142 C.804,PRODUCTO_STOCKEABLE,Armazones,Steffani,,,,,UNIDAD,origen: ASUNCION=PC - Inventario.xlsx#916@2026-08-03
ASU-107628,AC PAT FIJA NEGRO 25182 56-18-148 C.01,PRODUCTO_STOCKEABLE,Armazones,Graffiti,,,,,UNIDAD,origen: ASUNCION=PC - Inventario.xlsx#1054@2026-08-03
ASU-107629,AC PAT FLEX MARRON H9783 54-16-140 C.529,PRODUCTO_STOCKEABLE,Armazones,Steffani,,,,,UNIDAD,origen: ASUNCION=PC - Inventario.xlsx#910@2026-08-03
ASU-107631,AC PAT FLEX MARRON K9992 55-1-142 C.801,PRODUCTO_STOCKEABLE,Armazones,Steffani,,,,,UNIDAD,origen: ASUNCION=PC - Inventario.xlsx#1029@2026-08-03
ASU-107632,AC PAT FLEX NEGRO K9993 51-18-142 C.811,PRODUCTO_STOCKEABLE,Armazones,Steffani,,,,,UNIDAD,origen: ASUNCION=PC - Inventario.xlsx#1026@2026-08-03
ASU-107633,AC PAT FLEX BLANCO K9984 54-18-142 C.821,PRODUCTO_STOCKEABLE,Armazones,Steffani,,,,,UNIDAD,origen: ASUNCION=PC - Inventario.xlsx#917@2026-08-03
ASU-107634,AC PAT FLEX TRANSPARENTE H2702 49-17-138 C.312,PRODUCTO_STOCKEABLE,Armazones,Unicity,,,,,UNIDAD,origen: ASUNCION=PC - Inventario.xlsx#1007@2026-08-03
ASU-107635,AC PAT FLEX AZUL V1317 48-21-145 C.700,PRODUCTO_STOCKEABLE,Armazones,Vicrola,,,,,UNIDAD,origen: ASUNCION=PC - Inventario.xlsx#976@2026-08-03
ASU-107636,AC PAT FLEX MARRON K9994 56-16-142 C.801,PRODUCTO_STOCKEABLE,Armazones,Steffani,,,,,UNIDAD,origen: ASUNCION=PC - Inventario.xlsx#1015@2026-08-03
ASU-107637,AC PAT FIJA AZUL K9880 52-17-141 C.607,PRODUCTO_STOCKEABLE,Armazones,Steffani,,,,,UNIDAD,origen: ASUNCION=PC - Inventario.xlsx#914@2026-08-03
ASU-107638,AC PAT FLEX ANIMAL PRINT LE2038 53-16-142 C.3,PRODUCTO_STOCKEABLE,Armazones,Graffiti,,,,,UNIDAD,origen: ASUNCION=PC - Inventario.xlsx#37@2026-08-03
ASU-107639,AC PAT FLEX MARRON K9995 53-18-142 C.801,PRODUCTO_STOCKEABLE,Armazones,Steffani,,,,,UNIDAD,origen: ASUNCION=PC - Inventario.xlsx#1013@2026-08-03
ASU-107640,AC PAT FLEX MARRON V1346 55-16-142 C.520,PRODUCTO_STOCKEABLE,Armazones,Vicrola,,,,,UNIDAD,origen: ASUNCION=PC - Inventario.xlsx#954@2026-08-03
ASU-107641,AC PAT FIJA GRIS 25182 56-18-148 C.03,PRODUCTO_STOCKEABLE,Armazones,Graffiti,,,,,UNIDAD,origen: ASUNCION=PC - Inventario.xlsx#31@2026-08-03
ASU-107642,AC PAT FLEX NEGRO K9780 53-18-145 C.502,PRODUCTO_STOCKEABLE,Armazones,Steffani,,,,,UNIDAD,origen: ASUNCION=PC - Inventario.xlsx#862@2026-08-03
ASU-107644,AC PAT FLEX TRANSPARENTE H3754 52-19-140 C.312,PRODUCTO_STOCKEABLE,Armazones,Unicity,,,,,UNIDAD,origen: ASUNCION=PC - Inventario.xlsx#1039@2026-08-03
ASU-107645,AC PAT FLEX BORDO K9992 55-18-142 C.803,PRODUCTO_STOCKEABLE,Armazones,Steffani,,,,,UNIDAD,origen: ASUNCION=PC - Inventario.xlsx#1027@2026-08-03
ASU-107646,AC PAT FLEX BLANCO K9780 53-18-145 C.527,PRODUCTO_STOCKEABLE,Armazones,Steffani,,,,,UNIDAD,origen: ASUNCION=PC - Inventario.xlsx#918@2026-08-03
ASU-107647,AC PAT FIJA DORADO V1353 54-16-147 C.22,PRODUCTO_STOCKEABLE,Armazones,Vicrola,,,,,UNIDAD,origen: ASUNCION=PC - Inventario.xlsx#961@2026-08-03
ASU-107648,AC PAT FLEX NEGRO K9790 54-18-145 C.F200,PRODUCTO_STOCKEABLE,Armazones,Steffani,,,,,UNIDAD,origen: ASUNCION=PC - Inventario.xlsx#864@2026-08-03
ASU-107649,AC PAT FIJA GRIS G1002 54-17-140 C.1,PRODUCTO_STOCKEABLE,Armazones,Graffiti,,,,,UNIDAD,origen: ASUNCION=PC - Inventario.xlsx#32@2026-08-03
ASU-107652,AC PAT FIJA MARRON V1316 50-23-150 C.13,PRODUCTO_STOCKEABLE,Armazones,Vicrola,,,,,UNIDAD,origen: ASUNCION=PC - Inventario.xlsx#986@2026-08-03
ASU-107653,AC PAT FLEX NEGRO K9992 55-18-142 C.811,PRODUCTO_STOCKEABLE,Armazones,Steffani,,,,,UNIDAD,origen: ASUNCION=PC - Inventario.xlsx#1025@2026-08-03
ASU-107654,AC PAT FLEX MARRON K9996 53-20-142 C.801,PRODUCTO_STOCKEABLE,Armazones,Steffani,,,,,UNIDAD,origen: ASUNCION=PC - Inventario.xlsx#1014@2026-08-03
ASU-107655,AC PAT FLEX GRIS ACS2727 53-17-140 C.6,PRODUCTO_STOCKEABLE,Armazones,Graffiti,,,,,UNIDAD,origen: ASUNCION=PC - Inventario.xlsx#33@2026-08-03
ASU-107656,AT PAT FLEX PLATEADO H3507 55-18-140 C.623,PRODUCTO_STOCKEABLE,Armazones,Unicity,,,,,UNIDAD,origen: ASUNCION=PC - Inventario.xlsx#993@2026-08-03
ASU-107657,AC PAT FLEX MARRON V1346 55-16-142 C.529,PRODUCTO_STOCKEABLE,Armazones,Vicrola,,,,,UNIDAD,origen: ASUNCION=PC - Inventario.xlsx#963@2026-08-03
ASU-107659,AC PAT FLEX NEGRO K9781 54-17-142 C.502,PRODUCTO_STOCKEABLE,Armazones,Steffani,,,,,UNIDAD,origen: ASUNCION=PC - Inventario.xlsx#863@2026-08-03
ASU-107660,AC PAT FLEX ROSADO V1163 53-17-145 C.24,PRODUCTO_STOCKEABLE,Armazones,Vicrola,,,,,UNIDAD,origen: ASUNCION=PC - Inventario.xlsx#987@2026-08-03
ASU-107661,AC PAT FLEX DORADO V1404 53-17-135 C.106,PRODUCTO_STOCKEABLE,Armazones,Vicrola,,,,,UNIDAD,origen: ASUNCION=PC - Inventario.xlsx#959@2026-08-03
ASU-107662,AC PAT FLEX VERDE V1192 52-18-140 C.26,PRODUCTO_STOCKEABLE,Armazones,Vicrola,,,,,UNIDAD,origen: ASUNCION=PC - Inventario.xlsx#979@2026-08-03
ASU-107663,AC PAT FLEX TRANSPARENTE H2962 49-16-135 C.612,PRODUCTO_STOCKEABLE,Armazones,Unicity,,,,,UNIDAD,origen: ASUNCION=PC - Inventario.xlsx#1008@2026-08-03
ASU-107664,AT PAT FLEX PLATEADO H3507 55-18-140 C.613,PRODUCTO_STOCKEABLE,Armazones,Unicity,,,,,UNIDAD,origen: ASUNCION=PC - Inventario.xlsx#994@2026-08-03
ASU-107666,AC PAT FLEX NEGRO K9824 53-16-135 C.813,PRODUCTO_STOCKEABLE,Armazones,Steffani,,,,,UNIDAD,origen: ASUNCION=PC - Inventario.xlsx#865@2026-08-03
ASU-107667,AC PAT FLEX NEGRO KAS3081 54-17-143 C.1,PRODUCTO_STOCKEABLE,Armazones,Graffiti,,,,,UNIDAD,origen: ASUNCION=PC - Inventario.xlsx#1043@2026-08-03
ASU-107668,AC PAT FLEX DORADO K9996 53-20-142 C.818,PRODUCTO_STOCKEABLE,Armazones,Steffani,,,,,UNIDAD,origen: ASUNCION=PC - Inventario.xlsx#1024@2026-08-03
ASU-107669,AC PAT FLEX TRANSPARENTE H3754 52-19-140 C.312,PRODUCTO_STOCKEABLE,Armazones,Unicity,,,,,UNIDAD,origen: ASUNCION=PC - Inventario.xlsx#1040@2026-08-03
ASU-107670,AC PAT FLEX AZUL K9956 48-23-145 C.809,PRODUCTO_STOCKEABLE,Armazones,Steffani,,,,,UNIDAD,origen: ASUNCION=PC - Inventario.xlsx#940@2026-08-03
ASU-107671,AT PAT FLEX PLATEADO H3507 55-18-140 C.601,PRODUCTO_STOCKEABLE,Armazones,Unicity,,,,,UNIDAD,origen: ASUNCION=PC - Inventario.xlsx#992@2026-08-03
ASU-107673,AC PAT FLEX VERDE V1317 48-21-145 C.26,PRODUCTO_STOCKEABLE,Armazones,Vicrola,,,,,UNIDAD,origen: ASUNCION=PC - Inventario.xlsx#977@2026-08-03
ASU-107674,AC PAT FLEX NEGRO K9984 54-18-142 C.813,PRODUCTO_STOCKEABLE,Armazones,Steffani,,,,,UNIDAD,origen: ASUNCION=PC - Inventario.xlsx#873@2026-08-03
ASU-107675,AC PAT FLEX NEGRO K9956 48-23-145 C.811,PRODUCTO_STOCKEABLE,Armazones,Steffani,,,,,UNIDAD,origen: ASUNCION=PC - Inventario.xlsx#922@2026-08-03
ASU-107676,AC PAT FLEX MARRON H3439 54-20-145 C.305,PRODUCTO_STOCKEABLE,Armazones,Unicity,,,,,UNIDAD,origen: ASUNCION=PC - Inventario.xlsx#1004@2026-08-03
ASU-107677,AC PAT FLEX AZUL K9994 56-16-142 C.809,PRODUCTO_STOCKEABLE,Armazones,Steffani,,,,,UNIDAD,origen: ASUNCION=PC - Inventario.xlsx#1022@2026-08-03
ASU-107678,AC PAT FLEX BORDO V1390 55-17-142 C.126,PRODUCTO_STOCKEABLE,Armazones,Vicrola,,,,,UNIDAD,origen: ASUNCION=PC - Inventario.xlsx#974@2026-08-03
ASU-107679,AC PAT FLEX MARRON H2962 49-16-135 C.617,PRODUCTO_STOCKEABLE,Armazones,Unicity,,,,,UNIDAD,origen: ASUNCION=PC - Inventario.xlsx#1003@2026-08-03
ASU-107680,AC PAT FLEX MARRON H3439 54-20-145 C.326,PRODUCTO_STOCKEABLE,Armazones,Unicity,,,,,UNIDAD,origen: ASUNCION=PC - Inventario.xlsx#1005@2026-08-03
ASU-107681,AC PAT FLEX ROSA H2702 49-17-138 C.605,PRODUCTO_STOCKEABLE,Armazones,Unicity,,,,,UNIDAD,origen: ASUNCION=PC - Inventario.xlsx#1006@2026-08-03
ASU-107682,AC PAT FLEX DORADO K9789 55-18-144 C.500,PRODUCTO_STOCKEABLE,Armazones,Steffani,,,,,UNIDAD,origen: ASUNCION=PC - Inventario.xlsx#888@2026-08-03
ASU-107684,AC PAT FLEX NEGRO H3660 55-18-145 C.311,PRODUCTO_STOCKEABLE,Armazones,Unicity,,,,,UNIDAD,origen: ASUNCION=PC - Inventario.xlsx#996@2026-08-03
ASU-107686,AC PAT FLEX ROJO K9997 54-19-142 C.803,PRODUCTO_STOCKEABLE,Armazones,Steffani,,,,,UNIDAD,origen: ASUNCION=PC - Inventario.xlsx#1020@2026-08-03
ASU-107689,AC PAT FIJA NEGRO V1316 50-23-150 C.800,PRODUCTO_STOCKEABLE,Armazones,Vicrola,,,,,UNIDAD,origen: ASUNCION=PC - Inventario.xlsx#970@2026-08-03
ASU-107690,AC PAT FLEX MARRON K9917 54-17-143 C.13,PRODUCTO_STOCKEABLE,Armazones,Steffani,,,,,UNIDAD,origen: ASUNCION=PC - Inventario.xlsx#931@2026-08-03
ASU-107691,AC PAT FLEX GRIS HG7086 62-18-155 C.3,PRODUCTO_STOCKEABLE,Armazones,Graffiti,,,,,UNIDAD,origen: ASUNCION=PC - Inventario.xlsx#1044@2026-08-03
ASU-107692,AC PAT FLEX PLATEADO 25068 53-16-140 C.7,PRODUCTO_STOCKEABLE,Armazones,Graffiti,,,,,UNIDAD,origen: ASUNCION=PC - Inventario.xlsx#1049@2026-08-03
ASU-107693,AC PAT FLEX CELESTE V1256 52-17-140 C.700,PRODUCTO_STOCKEABLE,Armazones,Vicrola,,,,,UNIDAD,origen: ASUNCION=PC - Inventario.xlsx#989@2026-08-03
ASU-107694,AC PAT FLEX GRIS V1368 55-16-140 C.824,PRODUCTO_STOCKEABLE,Armazones,Vicrola,,,,,UNIDAD,origen: ASUNCION=PC - Inventario.xlsx#971@2026-08-03
ASU-107695,AC PAT FLEX GRIS H3660 55-18-145 C.316,PRODUCTO_STOCKEABLE,Armazones,Unicity,,,,,UNIDAD,origen: ASUNCION=PC - Inventario.xlsx#999@2026-08-03
ASU-107696,AC PAT FLEX MARRON K9775 53-17-140 C.528,PRODUCTO_STOCKEABLE,Armazones,Steffani,,,,,UNIDAD,origen: ASUNCION=PC - Inventario.xlsx#933@2026-08-03
ASU-107697,AC PAT FLEX AZUL GRA3099 55-16-143 C.5,PRODUCTO_STOCKEABLE,Armazones,Graffiti,,,,,UNIDAD,origen: ASUNCION=PC - Inventario.xlsx#1045@2026-08-03
ASU-107698,AC PAT FLEX GRIS H3754 52-19-140 C.317,PRODUCTO_STOCKEABLE,Armazones,Unicity,,,,,UNIDAD,origen: ASUNCION=PC - Inventario.xlsx#1037@2026-08-03
ASU-107699,AC PAT FIJA MARRON K9839 54-16-143 C.13,PRODUCTO_STOCKEABLE,Armazones,Steffani,,,,,UNIDAD,origen: ASUNCION=PC - Inventario.xlsx#935@2026-08-03
ASU-107700,AC PAT FLEX MARRON K9917 54-17-143 C.800,PRODUCTO_STOCKEABLE,Armazones,Steffani,,,,,UNIDAD,origen: ASUNCION=PC - Inventario.xlsx#932@2026-08-03
ASU-107701,AC PAT FLEX MARRON K9824 53-16-135 C.825,PRODUCTO_STOCKEABLE,Armazones,Steffani,,,,,UNIDAD,origen: ASUNCION=PC - Inventario.xlsx#908@2026-08-03
ASU-107702,AC PAT FLEX NEGRO V1267 53-18-142 C.F207,PRODUCTO_STOCKEABLE,Armazones,Vicrola,,,,,UNIDAD,origen: ASUNCION=PC - Inventario.xlsx#964@2026-08-03
ASU-107703,AC PAT FLEX VERDE V1179 50-17-140 C.24,PRODUCTO_STOCKEABLE,Armazones,Vicrola,,,,,UNIDAD,origen: ASUNCION=PC - Inventario.xlsx#980@2026-08-03
ASU-107705,AC PAT FIJA VERDE 25182 56-18-148 C.04,PRODUCTO_STOCKEABLE,Armazones,Graffiti,,,,,UNIDAD,origen: ASUNCION=PC - Inventario.xlsx#40@2026-08-03
ASU-107706,AC PAT FLEX NEGRO H2963 49-16-135 C.611,PRODUCTO_STOCKEABLE,Armazones,Unicity,,,,,UNIDAD,origen: ASUNCION=PC - Inventario.xlsx#995@2026-08-03
ASU-107708,AC PAT FLEX DORADO K9786 55-16-140 C.529,PRODUCTO_STOCKEABLE,Armazones,Steffani,,,,,UNIDAD,origen: ASUNCION=PC - Inventario.xlsx#886@2026-08-03
ASU-107710,AC PAT FLEX NEGRO K9997 54-19-142 C.813,PRODUCTO_STOCKEABLE,Armazones,Steffani,,,,,UNIDAD,origen: ASUNCION=PC - Inventario.xlsx#1012@2026-08-03
ASU-107711,AC PAT FLEX DORADO 25064 50-17-138 C.1,PRODUCTO_STOCKEABLE,Armazones,Graffiti,,,,,UNIDAD,origen: ASUNCION=PC - Inventario.xlsx#1051@2026-08-03
ASU-107712,AC PAT FLEX AZUL K9997 54-19-142 C.809,PRODUCTO_STOCKEABLE,Armazones,Steffani,,,,,UNIDAD,origen: ASUNCION=PC - Inventario.xlsx#1021@2026-08-03
ASU-107713,AC PAT FLEX GRIS V1206 49-19-140 C.116,PRODUCTO_STOCKEABLE,Armazones,Vicrola,,,,,UNIDAD,origen: ASUNCION=PC - Inventario.xlsx#973@2026-08-03
ASU-107714,AC PAT FLEX ROSA K9917 54-17-143 C.24,PRODUCTO_STOCKEABLE,Armazones,Steffani,,,,,UNIDAD,origen: ASUNCION=PC - Inventario.xlsx#947@2026-08-03
ASU-107715,AC PAT FLEX BORDO K9987 55-17-142 C.803,PRODUCTO_STOCKEABLE,Armazones,Steffani,,,,,UNIDAD,origen: ASUNCION=PC - Inventario.xlsx#903@2026-08-03
ASU-107716,AC PAT FIJA DORADO K9920 53-17-140 C.524,PRODUCTO_STOCKEABLE,Armazones,Steffani,,,,,UNIDAD,origen: ASUNCION=PC - Inventario.xlsx#889@2026-08-03
ASU-107717,AC PAT FLEX DORADO K9824 53-16-135 C.803,PRODUCTO_STOCKEABLE,Armazones,Steffani,,,,,UNIDAD,origen: ASUNCION=PC - Inventario.xlsx#885@2026-08-03
ASU-107718,AC PAT FLEX DP PLATEADO K9985 57-15-145 C.816,PRODUCTO_STOCKEABLE,Armazones,Steffani,,,,,UNIDAD,origen: ASUNCION=PC - Inventario.xlsx#870@2026-08-03
ASU-107720,AC PAT FLEX DORADO K9789 52-18-144 C.22,PRODUCTO_STOCKEABLE,Armazones,Steffani,,,,,UNIDAD,origen: ASUNCION=PC - Inventario.xlsx#884@2026-08-03
ASU-107721,AC PAT FLEX DORADO K9828 53-17-140 C.522,PRODUCTO_STOCKEABLE,Armazones,Steffani,,,,,UNIDAD,origen: ASUNCION=PC - Inventario.xlsx#883@2026-08-03
ASU-107722,AC PAT FLEX NEGRO K9810 54-17-140 C.805,PRODUCTO_STOCKEABLE,Armazones,Steffani,,,,,UNIDAD,origen: ASUNCION=PC - Inventario.xlsx#924@2026-08-03
ASU-107723,AC PAT FLEX MARRON K9984 54-18-142 C.801,PRODUCTO_STOCKEABLE,Armazones,Steffani,,,,,UNIDAD,origen: ASUNCION=PC - Inventario.xlsx#906@2026-08-03
ASU-107724,AC PAT FLEX NEGRO 25064 50-17-138 C.4,PRODUCTO_STOCKEABLE,Armazones,Graffiti,,,,,UNIDAD,origen: ASUNCION=PC - Inventario.xlsx#1041@2026-08-03
ASU-107725,AC PAT FLEX DORADO K9786 55-16-140 C.522,PRODUCTO_STOCKEABLE,Armazones,Steffani,,,,,UNIDAD,origen: ASUNCION=PC - Inventario.xlsx#887@2026-08-03
ASU-107726,AC PAT FLEX MARRON K9997 54-19-142 C.825,PRODUCTO_STOCKEABLE,Armazones,Steffani,,,,,UNIDAD,origen: ASUNCION=PC - Inventario.xlsx#1016@2026-08-03
ASU-107727,AC PAT FLEX NEGRO GRA3099 55-16-143 C.2,PRODUCTO_STOCKEABLE,Armazones,Graffiti,,,,,UNIDAD,origen: ASUNCION=PC - Inventario.xlsx#1042@2026-08-03
ASU-107728,AC PAT FIJA MARRON V1353 54-16-147 C.504,PRODUCTO_STOCKEABLE,Armazones,Vicrola,,,,,UNIDAD,origen: ASUNCION=PC - Inventario.xlsx#953@2026-08-03
ASU-107729,AC PAT FLEX MARRON K9987 55-17-142 C.825,PRODUCTO_STOCKEABLE,Armazones,Steffani,,,,,UNIDAD,origen: ASUNCION=PC - Inventario.xlsx#909@2026-08-03
ASU-107734,AC PAT FLEX ROSADO V1256 52-17-140 C.511,PRODUCTO_STOCKEABLE,Armazones,Vicrola,,,,,UNIDAD,origen: ASUNCION=PC - Inventario.xlsx#988@2026-08-03
ASU-107735,AC PAT FIJA DORADO K9858 51-20-140 C.20,PRODUCTO_STOCKEABLE,Armazones,Steffani,,,,,UNIDAD,origen: ASUNCION=PC - Inventario.xlsx#892@2026-08-03
ASU-107736,AC PAT FLEX NEGRO K9515 55-17-140 C.606,PRODUCTO_STOCKEABLE,Armazones,Steffani,,,,,UNIDAD,origen: ASUNCION=PC - Inventario.xlsx#874@2026-08-03
ASU-107737,AC PAT FIJA PLATEADO K9858 51-20-140 C.600,PRODUCTO_STOCKEABLE,Armazones,Steffani,,,,,UNIDAD,origen: ASUNCION=PC - Inventario.xlsx#879@2026-08-03
ASU-107738,AC PAT FLEX ROJO H9783 54-16-140 C.520,PRODUCTO_STOCKEABLE,Armazones,Steffani,,,,,UNIDAD,origen: ASUNCION=PC - Inventario.xlsx#900@2026-08-03
ASU-107739,AC PAT FLEX BORDO K9864 54-16-140 C.511,PRODUCTO_STOCKEABLE,Armazones,Steffani,,,,,UNIDAD,origen: ASUNCION=PC - Inventario.xlsx#905@2026-08-03
ASU-107740,AC PAT FIJA ROSA K9863 54-17-140 C.805,PRODUCTO_STOCKEABLE,Armazones,Steffani,,,,,UNIDAD,origen: ASUNCION=PC - Inventario.xlsx#899@2026-08-03
ASU-107741,AC PAT FIJA DORADO K9863 54-17-140 C.806,PRODUCTO_STOCKEABLE,Armazones,Steffani,,,,,UNIDAD,origen: ASUNCION=PC - Inventario.xlsx#890@2026-08-03
ASU-107742,AC PAT FLEX ROSA K9824 53-16-135 C.805,PRODUCTO_STOCKEABLE,Armazones,Steffani,,,,,UNIDAD,origen: ASUNCION=PC - Inventario.xlsx#897@2026-08-03
ASU-107743,AC PAT FLEX NEGRO K9828 53-17-140 C.502,PRODUCTO_STOCKEABLE,Armazones,Steffani,,,,,UNIDAD,origen: ASUNCION=PC - Inventario.xlsx#877@2026-08-03
ASU-107744,AC PAT FLEX NEGRO K9514 53-16-140 C.606,PRODUCTO_STOCKEABLE,Armazones,Steffani,,,,,UNIDAD,origen: ASUNCION=PC - Inventario.xlsx#875@2026-08-03
ASU-107745,AC PAT FIJA DORADO K9920 53-17-140 C.527,PRODUCTO_STOCKEABLE,Armazones,Steffani,,,,,UNIDAD,origen: ASUNCION=PC - Inventario.xlsx#891@2026-08-03
ASU-107746,AC PAT FLEX PLATEADO K9789 52-18-144 C.600,PRODUCTO_STOCKEABLE,Armazones,Steffani,,,,,UNIDAD,origen: ASUNCION=PC - Inventario.xlsx#878@2026-08-03
ASU-107747,AC PAT FLEX NEGRO K9514 53-16-140 C.602,PRODUCTO_STOCKEABLE,Armazones,Steffani,,,,,UNIDAD,origen: ASUNCION=PC - Inventario.xlsx#867@2026-08-03
ASU-107750,AH PAT FLEX NEGRO K9986 56-18-145 C.814,PRODUCTO_STOCKEABLE,Armazones,Steffani,,,,,UNIDAD,origen: ASUNCION=PC - Inventario.xlsx#869@2026-08-03
ASU-107751,AC PAT FLEX NEGRO K9983 51-20-142 C.813,PRODUCTO_STOCKEABLE,Armazones,Steffani,,,,,UNIDAD,origen: ASUNCION=PC - Inventario.xlsx#872@2026-08-03
ASU-107752,AH PAT FLEX PLATEADO K9986 56-18-145 C-807,PRODUCTO_STOCKEABLE,Armazones,Steffani,,,,,UNIDAD,origen: ASUNCION=PC - Inventario.xlsx#881@2026-08-03
ASU-107753,AC PAT FIJA NEGRO K9942 55-17-142 C.801,PRODUCTO_STOCKEABLE,Armazones,Steffani,,,,,UNIDAD,origen: ASUNCION=PC - Inventario.xlsx#876@2026-08-03
ASU-107754,AC PAT FLEX PLATEADO K9786 55-16-140 C.600,PRODUCTO_STOCKEABLE,Armazones,Steffani,,,,,UNIDAD,origen: ASUNCION=PC - Inventario.xlsx#880@2026-08-03
ASU-107755,AC PAT FLEX DORADO HL2623 52-18-145 C.BT7,PRODUCTO_STOCKEABLE,Armazones,Hanis,,,,,UNIDAD,origen: ASUNCION=PC - Inventario.xlsx#201@2026-08-03
ASU-107756,AH PAT FLEX MARRÓN HL2614 52-18-145 C.F2,PRODUCTO_STOCKEABLE,Armazones,Hanis,,,,,UNIDAD,origen: ASUNCION=PC - Inventario.xlsx#195@2026-08-03
ASU-107757,AC PAT FLEX GRIS GRK3276 49-16-135 C.6,PRODUCTO_STOCKEABLE,Armazones,Graffiti,,,,,UNIDAD,origen: ASUNCION=PC - Inventario.xlsx#149@2026-08-03
ASU-107758,AC PAT FLEX ANIMAL PRINT 4622 55-16-140 C.BE2,PRODUCTO_STOCKEABLE,Armazones,Hanis,,,,,UNIDAD,origen: ASUNCION=PC - Inventario.xlsx#162@2026-08-03
ASU-107759,AC PAT FLEX MARRÓN HA26004 52-18-140 C.BFU2,PRODUCTO_STOCKEABLE,Armazones,Hanis,,,,,UNIDAD,origen: ASUNCION=PC - Inventario.xlsx#196@2026-08-03
ASU-107760,AC PAT FLEX MARRON DP M8014 57-16-145 C.4,PRODUCTO_STOCKEABLE,Armazones,Graffiti,,,,,UNIDAD,origen: ASUNCION=PC - Inventario.xlsx#150@2026-08-03
ASU-107761,AC PAT FIJA PLATEADO K9942 55-17-142 C.805,PRODUCTO_STOCKEABLE,Armazones,Steffani,,,,,UNIDAD,origen: ASUNCION=PC - Inventario.xlsx#121@2026-08-03
ASU-107762,AC PAT FLEX DORADO HL2623 52-18-145 C.BCT2,PRODUCTO_STOCKEABLE,Armazones,Hanis,,,,,UNIDAD,origen: ASUNCION=PC - Inventario.xlsx#202@2026-08-03
ASU-107763,AC PAT FLEX NEGRO HA26012 54-17-145 C.F1,PRODUCTO_STOCKEABLE,Armazones,Hanis,,,,,UNIDAD,origen: ASUNCION=PC - Inventario.xlsx#182@2026-08-03
ASU-107764,AC PAT FIJA PLATEADO HL2622 52-18-145 C.FE12,PRODUCTO_STOCKEABLE,Armazones,Hanis,,,,,UNIDAD,origen: ASUNCION=PC - Inventario.xlsx#192@2026-08-03
ASU-107765,AC PAT FLEX ANIMAL PRINT 4662 53-18-140 C.BE2,PRODUCTO_STOCKEABLE,Armazones,Hanis,,,,,UNIDAD,origen: ASUNCION=PC - Inventario.xlsx#160@2026-08-03
ASU-107766,AC PAT FIJA DORADO K9857 52-17-142 C.20,PRODUCTO_STOCKEABLE,Armazones,Steffani,,,,,UNIDAD,origen: ASUNCION=PC - Inventario.xlsx#94@2026-08-03
ASU-107767,AC PAT FLEX NEGRO HL2613 53-20-145 C.B1,PRODUCTO_STOCKEABLE,Armazones,Hanis,,,,,UNIDAD,origen: ASUNCION=PC - Inventario.xlsx#153@2026-08-03
ASU-107768,AC PAT FLEX ANIMAL PRINT 4525 54-17-140 C.BC2,PRODUCTO_STOCKEABLE,Armazones,Hanis,,,,,UNIDAD,origen: ASUNCION=PC - Inventario.xlsx#163@2026-08-03
ASU-107769,AC PAT FIJA MARRON K9914 54-17-140 C.28,PRODUCTO_STOCKEABLE,Armazones,Steffani,,,,,UNIDAD,origen: ASUNCION=PC - Inventario.xlsx#68@2026-08-03
ASU-107770,AC PAT FLEX TRANSPARENTE H3754 52-19-140 C.312,PRODUCTO_STOCKEABLE,Armazones,Unicity,,,,,UNIDAD,origen: ASUNCION=PC - Inventario.xlsx#127@2026-08-03
ASU-107771,AC PAT FLEX DORADO HA26012 54-17-145 C.F2,PRODUCTO_STOCKEABLE,Armazones,Hanis,,,,,UNIDAD,origen: ASUNCION=PC - Inventario.xlsx#200@2026-08-03
ASU-107772,AC PAT FLEX PLATEADO HA26012 54-17-145 C.FE3,PRODUCTO_STOCKEABLE,Armazones,Hanis,,,,,UNIDAD,origen: ASUNCION=PC - Inventario.xlsx#190@2026-08-03
ASU-107773,AC PAT FIJA NEGRO V1378 55-16-140 C.113,PRODUCTO_STOCKEABLE,Armazones,Vicrola,,,,,UNIDAD,origen: ASUNCION=PC - Inventario.xlsx#84@2026-08-03
ASU-107774,AC PAT FLEX ROSA GRK3270 49-16-135 C.4,PRODUCTO_STOCKEABLE,Armazones,Graffiti,,,,,UNIDAD,origen: ASUNCION=PC - Inventario.xlsx#146@2026-08-03
ASU-107775,AC PAT FLEX NEGRO HL2612 55-18-145 C.B1,PRODUCTO_STOCKEABLE,Armazones,Hanis,,,,,UNIDAD,origen: ASUNCION=PC - Inventario.xlsx#157@2026-08-03
ASU-107776,AC PAT FLEX TRANSPARENTE V1192 52-18-140 C.19,PRODUCTO_STOCKEABLE,Armazones,Vicrola,,,,,UNIDAD,origen: ASUNCION=PC - Inventario.xlsx#76@2026-08-03
ASU-107777,AC PAT FLEX MARRON V1163 53-17-145 C.13,PRODUCTO_STOCKEABLE,Armazones,Vicrola,,,,,UNIDAD,origen: ASUNCION=PC - Inventario.xlsx#75@2026-08-03
ASU-107778,AC PAT FLEX NEGRO K9503 55-18-140 C.202,PRODUCTO_STOCKEABLE,Armazones,Steffani,,,,,UNIDAD,origen: ASUNCION=PC - Inventario.xlsx#122@2026-08-03
ASU-107779,AC PAT FLEX MARRON K9992 55-18-142 C.801,PRODUCTO_STOCKEABLE,Armazones,Steffani,,,,,UNIDAD,origen: ASUNCION=PC - Inventario.xlsx#130@2026-08-03
ASU-107780,AC PAT FLEX PLATEADO HL2624 53-17-140 C.F13,PRODUCTO_STOCKEABLE,Armazones,Hanis,,,,,UNIDAD,origen: ASUNCION=PC - Inventario.xlsx#188@2026-08-03
ASU-107781,AC PAT FLEX MARRON K9997 54-19-142 C.825,PRODUCTO_STOCKEABLE,Armazones,Steffani,,,,,UNIDAD,origen: ASUNCION=PC - Inventario.xlsx#132@2026-08-03
ASU-107782,AH PAT FIJA ROSADO HA26002  53-17-140 C.BFU2,PRODUCTO_STOCKEABLE,Armazones,Hanis,,,,,UNIDAD,origen: ASUNCION=PC - Inventario.xlsx#198@2026-08-03
ASU-107783,AC PAT FLEX LILA K9992 55-18-142 C.804,PRODUCTO_STOCKEABLE,Armazones,Steffani,,,,,UNIDAD,origen: ASUNCION=PC - Inventario.xlsx#125@2026-08-03
ASU-107784,AC PAT FLEX MARRÓN 4726 52-17-140 C.BT2,PRODUCTO_STOCKEABLE,Armazones,Hanis,,,,,UNIDAD,origen: ASUNCION=PC - Inventario.xlsx#174@2026-08-03
ASU-107785,AC PAT FLEX MARRON V1347 55-16-140 C.504,PRODUCTO_STOCKEABLE,Armazones,Vicrola,,,,,UNIDAD,origen: ASUNCION=PC - Inventario.xlsx#79@2026-08-03
ASU-107786,AC PAT FLEX NEGRO K9992 55-18-142 C.811,PRODUCTO_STOCKEABLE,Armazones,Steffani,,,,,UNIDAD,origen: ASUNCION=PC - Inventario.xlsx#128@2026-08-03
ASU-107787,AC PAT FLEX NEGRO GRK3274 50-16-135 C.5,PRODUCTO_STOCKEABLE,Armazones,Graffiti,,,,,UNIDAD,origen: ASUNCION=PC - Inventario.xlsx#144@2026-08-03
ASU-107788,AC PAT FIJA NEGRO K9883 55-17-148 C.502,PRODUCTO_STOCKEABLE,Armazones,Steffani,,,,,UNIDAD,origen: ASUNCION=PC - Inventario.xlsx#117@2026-08-03
ASU-107789,AC PAT FLEX VIOLETA GRK3272 49-18-135 C.2,PRODUCTO_STOCKEABLE,Armazones,Graffiti,,,,,UNIDAD,origen: ASUNCION=PC - Inventario.xlsx#147@2026-08-03
ASU-107790,AC PAT FIJA  MARRON G1012 52-17-140 C.3,PRODUCTO_STOCKEABLE,Armazones,Graffiti,,,,,UNIDAD,origen: ASUNCION=PC - Inventario.xlsx#145@2026-08-03
ASU-107791,AC PAT FLEX PLATEADO K9865 52-17-143 C.608,PRODUCTO_STOCKEABLE,Armazones,Steffani,,,,,UNIDAD,origen: ASUNCION=PC - Inventario.xlsx#89@2026-08-03
ASU-107792,AC PAT FLEX MARRON K9989 54-17-142 C.801,PRODUCTO_STOCKEABLE,Armazones,Steffani,,,,,UNIDAD,origen: ASUNCION=PC - Inventario.xlsx#96@2026-08-03
ASU-107793,AC PAT FLEX ANIMAL PRINT HL2612 55-18-145 C.BC22,PRODUCTO_STOCKEABLE,Armazones,Hanis,,,,,UNIDAD,origen: ASUNCION=PC - Inventario.xlsx#165@2026-08-03
ASU-107794,AC PAT FLEX ANIMAL PRINT HL2612 55-18-145 C.B133,PRODUCTO_STOCKEABLE,Armazones,Hanis,,,,,UNIDAD,origen: ASUNCION=PC - Inventario.xlsx#167@2026-08-03
ASU-107796,AC PAT FLEX ROSADO HA26004 52-18-145 C.BFU7,PRODUCTO_STOCKEABLE,Armazones,Hanis,,,,,UNIDAD,origen: ASUNCION=PC - Inventario.xlsx#197@2026-08-03
ASU-107797,AC PAT FLEX AZUL 4705 54-18-145 C.F3,PRODUCTO_STOCKEABLE,Armazones,Hanis,,,,,UNIDAD,origen: ASUNCION=PC - Inventario.xlsx#173@2026-08-03
ASU-107798,AC PAT FLEX DORADO HL2616 55-16-142 C.FP9,PRODUCTO_STOCKEABLE,Armazones,Hanis,,,,,UNIDAD,origen: ASUNCION=PC - Inventario.xlsx#204@2026-08-03
ASU-107799,AC PAT FLEX ROSADO 4726 52-17-140 C.BT5,PRODUCTO_STOCKEABLE,Armazones,Hanis,,,,,UNIDAD,origen: ASUNCION=PC - Inventario.xlsx#177@2026-08-03
ASU-107800,AC PAT FLEX PLATEADO K9870 53-19-144 C.600,PRODUCTO_STOCKEABLE,Armazones,Steffani,,,,,UNIDAD,origen: ASUNCION=PC - Inventario.xlsx#101@2026-08-03
ASU-107801,AC PAT FLEX PLATEADO HA 26015 52-21-145 C.BT13,PRODUCTO_STOCKEABLE,Armazones,Hanis,,,,,UNIDAD,origen: ASUNCION=PC - Inventario.xlsx#191@2026-08-03
ASU-107802,AC PAT FLEX GRIS 4705 54-18-145 C.BT1,PRODUCTO_STOCKEABLE,Armazones,Hanis,,,,,UNIDAD,origen: ASUNCION=PC - Inventario.xlsx#175@2026-08-03
ASU-107803,AC PAT FLEX GRIS H3754 52-19-140 C.317,PRODUCTO_STOCKEABLE,Armazones,Unicity,,,,,UNIDAD,origen: ASUNCION=PC - Inventario.xlsx#124@2026-08-03
ASU-107804,AC PAT FLEX DORADO HL2616 55-16-142 C.F7,PRODUCTO_STOCKEABLE,Armazones,Hanis,,,,,UNIDAD,origen: ASUNCION=PC - Inventario.xlsx#203@2026-08-03
ASU-107806,AC PAT FIJA AZUL K9877 51-20-145 C.700,PRODUCTO_STOCKEABLE,Armazones,Steffani,,,,,UNIDAD,origen: ASUNCION=PC - Inventario.xlsx#118@2026-08-03
ASU-107807,AC PAT FLEX NEGRO HL2624 53-17-140 C.B1,PRODUCTO_STOCKEABLE,Armazones,Hanis,,,,,UNIDAD,origen: ASUNCION=PC - Inventario.xlsx#184@2026-08-03
ASU-107808,AH PAT FLEX NEGRO HL2614 52-18-142 C.FE2,PRODUCTO_STOCKEABLE,Armazones,Hanis,,,,,UNIDAD,origen: ASUNCION=PC - Inventario.xlsx#186@2026-08-03
ASU-107809,AC PAT FLEX MARRÓN HA26011 56-18-145 C.F2,PRODUCTO_STOCKEABLE,Armazones,Hanis,,,,,UNIDAD,origen: ASUNCION=PC - Inventario.xlsx#194@2026-08-03
ASU-107810,AC PAT FLEX NEGRO BE2508 54-17-145 C2,PRODUCTO_STOCKEABLE,Armazones,Belotti,,,,,UNIDAD,origen: ASUNCION=PC - Inventario.xlsx#152@2026-08-03
ASU-107811,AC PAT FLEX PLATEADO VGP020 GOLD 55-16-145,PRODUCTO_STOCKEABLE,Armazones,Gap,,,,,UNIDAD,origen: ASUNCION=PC - Inventario.xlsx#151@2026-08-03
ASU-107812,AC PAT FLEX NEGRO HTM-2016 56-17-148 C.3,PRODUCTO_STOCKEABLE,Armazones,Graffiti,,,,,UNIDAD,origen: ASUNCION=PC - Inventario.xlsx#142@2026-08-03
ASU-107813,AC PAT FLEX ANIMAL PRINT HL2613 53-20-145 C.BE2,PRODUCTO_STOCKEABLE,Armazones,Hanis,,,,,UNIDAD,origen: ASUNCION=PC - Inventario.xlsx#164@2026-08-03
ASU-107814,AC PAT FLEX GRIS H3660 55-18-145 C.316,PRODUCTO_STOCKEABLE,Armazones,Unicity,,,,,UNIDAD,origen: ASUNCION=PC - Inventario.xlsx#71@2026-08-03
ASU-107816,AC PAT FIJA NEGRO HL2622 52-18-145 C.B1,PRODUCTO_STOCKEABLE,Armazones,Hanis,,,,,UNIDAD,origen: ASUNCION=PC - Inventario.xlsx#185@2026-08-03
ASU-107817,AC PAT FLEX AZUL K9997 54-19-142 C.809,PRODUCTO_STOCKEABLE,Armazones,Steffani,,,,,UNIDAD,origen: ASUNCION=PC - Inventario.xlsx#133@2026-08-03
ASU-107818,AC PAT FIJA ROSA V1323 50-20-145 C.524,PRODUCTO_STOCKEABLE,Armazones,Vicrola,,,,,UNIDAD,origen: ASUNCION=PC - Inventario.xlsx#55@2026-08-03
ASU-107819,AC PAT FLEX PLATEADO DP K9985 57-15-145 C.807,PRODUCTO_STOCKEABLE,Armazones,Steffani,,,,,UNIDAD,origen: ASUNCION=PC - Inventario.xlsx#119@2026-08-03
ASU-107820,AC PAT FLEX NEGRO 4649 53-16-140 C.BT1,PRODUCTO_STOCKEABLE,Armazones,Hanis,,,,,UNIDAD,origen: ASUNCION=PC - Inventario.xlsx#156@2026-08-03
ASU-107821,AC PAT FIJA BLANCO V1378 55-16-140 C.112,PRODUCTO_STOCKEABLE,Armazones,Vicrola,,,,,UNIDAD,origen: ASUNCION=PC - Inventario.xlsx#82@2026-08-03
ASU-107822,AC PAT FLEX BORDÓ 4622 55-16-140 C.BE6,PRODUCTO_STOCKEABLE,Armazones,Hanis,,,,,UNIDAD,origen: ASUNCION=PC - Inventario.xlsx#172@2026-08-03
ASU-107823,AC PAT FLEX NEGRO K9954 54-18-145 C.811,PRODUCTO_STOCKEABLE,Armazones,Steffani,,,,,UNIDAD,origen: ASUNCION=PC - Inventario.xlsx#61@2026-08-03
ASU-107824,AC PAT FLEX NEGRO K9503 55-18-140 C.606,PRODUCTO_STOCKEABLE,Armazones,Steffani,,,,,UNIDAD,origen: ASUNCION=PC - Inventario.xlsx#123@2026-08-03
ASU-107825,AC PAT FLEX MARRON V1347 55-16-140 C.529,PRODUCTO_STOCKEABLE,Armazones,Vicrola,,,,,UNIDAD,origen: ASUNCION=PC - Inventario.xlsx#78@2026-08-03
ASU-107826,AC PAT FIJA TRANSPARENTE MM033 51-20-145 C.02,PRODUCTO_STOCKEABLE,Armazones,Graffiti,,,,,UNIDAD,origen: ASUNCION=PC - Inventario.xlsx#137@2026-08-03
ASU-107827,AC PAT FLEX ANIMAL PRINT HL2612 55-18-145 C.BE2,PRODUCTO_STOCKEABLE,Armazones,Hanis,,,,,UNIDAD,origen: ASUNCION=PC - Inventario.xlsx#158@2026-08-03
ASU-107828,AC PAT FLEX ANIMAL PRINT 4726 52-17-140 C.BE6,PRODUCTO_STOCKEABLE,Armazones,Hanis,,,,,UNIDAD,origen: ASUNCION=PC - Inventario.xlsx#170@2026-08-03
ASU-107829,AC PAT FLEX NEGRO K9997 54-19-142 C.813,PRODUCTO_STOCKEABLE,Armazones,Steffani,,,,,UNIDAD,origen: ASUNCION=PC - Inventario.xlsx#135@2026-08-03
ASU-107830,AC PAT FLEX BORDO K9992 55-18-142 C.803,PRODUCTO_STOCKEABLE,Armazones,Steffani,,,,,UNIDAD,origen: ASUNCION=PC - Inventario.xlsx#131@2026-08-03
ASU-107831,AC PAT FLEX BORDÓ 4649 53-16-140 C.BT6,PRODUCTO_STOCKEABLE,Armazones,Hanis,,,,,UNIDAD,origen: ASUNCION=PC - Inventario.xlsx#171@2026-08-03
ASU-107832,AC PAT FLEX DORADO K9865 52-17-143 C.524,PRODUCTO_STOCKEABLE,Armazones,Steffani,,,,,UNIDAD,origen: ASUNCION=PC - Inventario.xlsx#86@2026-08-03
ASU-107833,AC PAT FLEX NEGRO HA26011 56-18-145 C.F1,PRODUCTO_STOCKEABLE,Armazones,Hanis,,,,,UNIDAD,origen: ASUNCION=PC - Inventario.xlsx#183@2026-08-03
ASU-107834,AC PAT FLEX ANIMAL PRINT 4662 53-18-140 C.BT5,PRODUCTO_STOCKEABLE,Armazones,Hanis,,,,,UNIDAD,origen: ASUNCION=PC - Inventario.xlsx#168@2026-08-03
ASU-107835,AC PAT FIJA AZUL K9839 56-16-143 C.700,PRODUCTO_STOCKEABLE,Armazones,Steffani,,,,,UNIDAD,origen: ASUNCION=PC - Inventario.xlsx#45@2026-08-03
ASU-107836,.AC PAT FLEX GRIS K9853 53-17-140 C.800,PRODUCTO_STOCKEABLE,Armazones,Steffani,,,,,UNIDAD,origen: ASUNCION=PC - Inventario.xlsx#46@2026-08-03
ASU-107837,AC PAT FLEX ANIMAL PRINT HL2612 55-18-145 C.B13,PRODUCTO_STOCKEABLE,Armazones,Hanis,,,,,UNIDAD,origen: ASUNCION=PC - Inventario.xlsx#166@2026-08-03
ASU-107838,AC PAT FIJA TRANSPARENTE G1006 54-16-140 C.3,PRODUCTO_STOCKEABLE,Armazones,Graffiti,,,,,UNIDAD,origen: ASUNCION=PC - Inventario.xlsx#143@2026-08-03
ASU-107839,AC PAT FLEX DORADO K9786 55-16-140 C.529,PRODUCTO_STOCKEABLE,Armazones,Steffani,,,,,UNIDAD,origen: ASUNCION=PC - Inventario.xlsx#98@2026-08-03
ASU-107840,AC PAT FIJA MARRON K9863 54-17-140 C.825,PRODUCTO_STOCKEABLE,Armazones,Steffani,,,,,UNIDAD,origen: ASUNCION=PC - Inventario.xlsx#103@2026-08-03
ASU-107841,AC PAT FIJA PLATEADO K9920 53-17-140 C.502,PRODUCTO_STOCKEABLE,Armazones,Steffani,,,,,UNIDAD,origen: ASUNCION=PC - Inventario.xlsx#88@2026-08-03
ASU-107842,AC PAT FIJA MARRON K9880 52-17-141 C.529,PRODUCTO_STOCKEABLE,Armazones,Steffani,,,,,UNIDAD,origen: ASUNCION=PC - Inventario.xlsx#97@2026-08-03
ASU-107843,AC PAT FLEX ROSADO 4651 52-17-140 C.BT7,PRODUCTO_STOCKEABLE,Armazones,Hanis,,,,,UNIDAD,origen: ASUNCION=PC - Inventario.xlsx#179@2026-08-03
ASU-107844,AC PAT FLEX NEGRO HA26014 51-16-140 C.B1,PRODUCTO_STOCKEABLE,Armazones,Hanis,,,,,UNIDAD,origen: ASUNCION=PC - Inventario.xlsx#181@2026-08-03
ASU-107845,AC PAT FLEX ROSADO 4649 53-16-140 C.BT7,PRODUCTO_STOCKEABLE,Armazones,Hanis,,,,,UNIDAD,origen: ASUNCION=PC - Inventario.xlsx#178@2026-08-03
ASU-107846,AC PAT FIJA NEGRO K9880 52-17-141 C.502,PRODUCTO_STOCKEABLE,Armazones,Steffani,,,,,UNIDAD,origen: ASUNCION=PC - Inventario.xlsx#93@2026-08-03
ASU-107847,AC PAT FLEX NEGRO K9853 53-17-140 C.F200,PRODUCTO_STOCKEABLE,Armazones,Steffani,,,,,UNIDAD,origen: ASUNCION=PC - Inventario.xlsx#64@2026-08-03
ASU-107848,AC PAT FLEX NEGRO K9853 53-17-140 C.F200,PRODUCTO_STOCKEABLE,Armazones,Steffani,,,,,UNIDAD,origen: ASUNCION=PC - Inventario.xlsx#67@2026-08-03
ASU-107849,AC PAT FLEX NEGRO K9812 57-17-145 C.328,PRODUCTO_STOCKEABLE,Armazones,Steffani,,,,,UNIDAD,origen: ASUNCION=PC - Inventario.xlsx#62@2026-08-03
ASU-107850,AC PAT FLEX NEGRO K9870 53-19-144 C.F200,PRODUCTO_STOCKEABLE,Armazones,Steffani,,,,,UNIDAD,origen: ASUNCION=PC - Inventario.xlsx#100@2026-08-03
ASU-107851,AC PAT FLEX NEGRO K9908 54-16-141 C.200,PRODUCTO_STOCKEABLE,Armazones,Steffani,,,,,UNIDAD,origen: ASUNCION=PC - Inventario.xlsx#66@2026-08-03
ASU-107852,AC PAT FLEX TRANSPARENTE V1256 52-17-140 C.524,PRODUCTO_STOCKEABLE,Armazones,Vicrola,,,,,UNIDAD,origen: ASUNCION=PC - Inventario.xlsx#53@2026-08-03
ASU-107853,AC PAT FLEX AZUL K9870 53-19-144 C.700,PRODUCTO_STOCKEABLE,Armazones,Steffani,,,,,UNIDAD,origen: ASUNCION=PC - Inventario.xlsx#99@2026-08-03
ASU-107854,AC PAT FLEX TRANSPARENTE V1267 53-18-142 C.112,PRODUCTO_STOCKEABLE,Armazones,Vicrola,,,,,UNIDAD,origen: ASUNCION=PC - Inventario.xlsx#56@2026-08-03
ASU-107855,AC PAT FIJA DORADO K9857 52-17-142 C.500,PRODUCTO_STOCKEABLE,Armazones,Steffani,,,,,UNIDAD,origen: ASUNCION=PC - Inventario.xlsx#85@2026-08-03
ASU-107856,AC PAT FIJA GRIS K9912 53-18-147 C.800,PRODUCTO_STOCKEABLE,Armazones,Steffani,,,,,UNIDAD,origen: ASUNCION=PC - Inventario.xlsx#59@2026-08-03
ASU-107857,AC PAT FLEX NEGRO DP K9985 57-15-145 C.814,PRODUCTO_STOCKEABLE,Armazones,Steffani,,,,,UNIDAD,origen: ASUNCION=PC - Inventario.xlsx#105@2026-08-03
ASU-107858,AC PAT FLEX NEGRO K9865 52-17-143 C.502,PRODUCTO_STOCKEABLE,Armazones,Steffani,,,,,UNIDAD,origen: ASUNCION=PC - Inventario.xlsx#87@2026-08-03
ASU-107859,AC PAT FIJA ROSA V1378 55-16-140 C.104,PRODUCTO_STOCKEABLE,Armazones,Vicrola,,,,,UNIDAD,origen: ASUNCION=PC - Inventario.xlsx#83@2026-08-03
ASU-107860,AC PAT FLEX TRANSPARENTE H2666 54-15-140 C.612,PRODUCTO_STOCKEABLE,Armazones,Unicity,,,,,UNIDAD,origen: ASUNCION=PC - Inventario.xlsx#51@2026-08-03
ASU-107861,AC PAT FIJA NEGRO K9914 54-17-140 C.200,PRODUCTO_STOCKEABLE,Armazones,Steffani,,,,,UNIDAD,origen: ASUNCION=PC - Inventario.xlsx#63@2026-08-03
ASU-107862,AC PAT FLEX AZUL HTM-2001 53-14-145 C.5,PRODUCTO_STOCKEABLE,Armazones,Graffiti,,,,,UNIDAD,origen: ASUNCION=PC - Inventario.xlsx#139@2026-08-03
ASU-107863,AC PAT FIJA NEGRO K9863 54-17-140 C.813,PRODUCTO_STOCKEABLE,Armazones,Steffani,,,,,UNIDAD,origen: ASUNCION=PC - Inventario.xlsx#102@2026-08-03
ASU-107864,AC PAT FLEX ANIMAL PRINT 4662 53-18-140 C.BE6,PRODUCTO_STOCKEABLE,Armazones,Hanis,,,,,UNIDAD,origen: ASUNCION=PC - Inventario.xlsx#169@2026-08-03
ASU-107865,AH PAT FIJA NEGRO K9855 56-17-144 C.F200,PRODUCTO_STOCKEABLE,Armazones,Steffani,,,,,UNIDAD,origen: ASUNCION=PC - Inventario.xlsx#113@2026-08-03
ASU-107866,AC PAT FLEX NEGRO K9989 54-17-142 C.813,PRODUCTO_STOCKEABLE,Armazones,Steffani,,,,,UNIDAD,origen: ASUNCION=PC - Inventario.xlsx#95@2026-08-03
ASU-107867,AC PAT FLEX AZUL K9890 56-16-140 C.207,PRODUCTO_STOCKEABLE,Armazones,Steffani,,,,,UNIDAD,origen: ASUNCION=PC - Inventario.xlsx#114@2026-08-03
ASU-107868,AC PAT FLEX MARRON HTM-2001 53-17-145 C.3,PRODUCTO_STOCKEABLE,Armazones,Graffiti,,,,,UNIDAD,origen: ASUNCION=PC - Inventario.xlsx#141@2026-08-03
ASU-107869,AC PAT FLEX NEGRO V1192 52-18-140 C.226,PRODUCTO_STOCKEABLE,Armazones,Vicrola,,,,,UNIDAD,origen: ASUNCION=PC - Inventario.xlsx#69@2026-08-03
ASU-107870,AC PAT FLEX MARRON V1390 55-17-140 C.101,PRODUCTO_STOCKEABLE,Armazones,Vicrola,,,,,UNIDAD,origen: ASUNCION=PC - Inventario.xlsx#42@2026-08-03
ASU-107871,AC PAT FLEX ANIMAL PRINT HL2612 55-18-145 C.BC2,PRODUCTO_STOCKEABLE,Armazones,Hanis,,,,,UNIDAD,origen: ASUNCION=PC - Inventario.xlsx#161@2026-08-03
ASU-107872,AC PAT FLEX MARRON K9954 54-18-145 C.817,PRODUCTO_STOCKEABLE,Armazones,Steffani,,,,,UNIDAD,origen: ASUNCION=PC - Inventario.xlsx#65@2026-08-03
ASU-107873,AC PAT FLEX NEGRO V1256 52-17-140 C.502,PRODUCTO_STOCKEABLE,Armazones,Vicrola,,,,,UNIDAD,origen: ASUNCION=PC - Inventario.xlsx#47@2026-08-03
ASU-107874,AC PAT FLEX MARRON K9908 54-16-141 C.13,PRODUCTO_STOCKEABLE,Armazones,Steffani,,,,,UNIDAD,origen: ASUNCION=PC - Inventario.xlsx#72@2026-08-03
ASU-107876,AC PAT FLEX NEGRO GRK3273 49-15-135 C.3,PRODUCTO_STOCKEABLE,Armazones,Graffiti,,,,,UNIDAD,origen: ASUNCION=PC - Inventario.xlsx#148@2026-08-03
ASU-107877,AC PAT FLEX PLATEADO K9790 54-18-145 C.600,PRODUCTO_STOCKEABLE,Armazones,Steffani,,,,,UNIDAD,origen: ASUNCION=PC - Inventario.xlsx#107@2026-08-03
ASU-107878,AC PAT FLEX DORADO HA26015 52-21-145 C.FCM0,PRODUCTO_STOCKEABLE,Armazones,Hanis,,,,,UNIDAD,origen: ASUNCION=PC - Inventario.xlsx#199@2026-08-03
ASU-107879,AC PAT FLEX DORADO K9790 54-18-145 C.22,PRODUCTO_STOCKEABLE,Armazones,Steffani,,,,,UNIDAD,origen: ASUNCION=PC - Inventario.xlsx#106@2026-08-03
ASU-107880,AC PAT FLEX PLATEADO K9955 57-17-145 C.807,PRODUCTO_STOCKEABLE,Armazones,Steffani,,,,,UNIDAD,origen: ASUNCION=PC - Inventario.xlsx#108@2026-08-03
ASU-107881,AC PAT FLEX ANIMAL PRINT 4622 55-16-140 C.BT2,PRODUCTO_STOCKEABLE,Armazones,Hanis,,,,,UNIDAD,origen: ASUNCION=PC - Inventario.xlsx#159@2026-08-03
ASU-107882,AC PAT FLEX PLATEADO HA26004 52-18-140 C.F14,PRODUCTO_STOCKEABLE,Armazones,Hanis,,,,,UNIDAD,origen: ASUNCION=PC - Inventario.xlsx#189@2026-08-03
ASU-107883,AC PAT FIJA NEGRO V1323 50-20-145 C.502,PRODUCTO_STOCKEABLE,Armazones,Vicrola,,,,,UNIDAD,origen: ASUNCION=PC - Inventario.xlsx#52@2026-08-03
ASU-107884,AC PAT FLEX PLATEADO K9890 56-16-140 C.606,PRODUCTO_STOCKEABLE,Armazones,Steffani,,,,,UNIDAD,origen: ASUNCION=PC - Inventario.xlsx#115@2026-08-03
ASU-107885,AC PAT FLEX GRIS V1347 55-16-140 C.508,PRODUCTO_STOCKEABLE,Armazones,Vicrola,,,,,UNIDAD,origen: ASUNCION=PC - Inventario.xlsx#81@2026-08-03
ASU-107886,AC PAT FLEX NEGRO K9890 55-16-140 C.206,PRODUCTO_STOCKEABLE,Armazones,Steffani,,,,,UNIDAD,origen: ASUNCION=PC - Inventario.xlsx#109@2026-08-03
ASU-107887,AC PAT FIJA PLATEADO K9857 52-17-140 C.600,PRODUCTO_STOCKEABLE,Armazones,Steffani,,,,,UNIDAD,origen: ASUNCION=PC - Inventario.xlsx#92@2026-08-03
ASU-107888,AC PAT FLEX NEGRO V1267 53-18-142 C.F211,PRODUCTO_STOCKEABLE,Armazones,Vicrola,,,,,UNIDAD,origen: ASUNCION=PC - Inventario.xlsx#54@2026-08-03
ASU-107889,AC PAT FIJA NEGRO K9839 54-16-143 C.200,PRODUCTO_STOCKEABLE,Armazones,Steffani,,,,,UNIDAD,origen: ASUNCION=PC - Inventario.xlsx#44@2026-08-03
ASU-107890,AC PAT FIJA MARRON K9920 53-17-140 C.529,PRODUCTO_STOCKEABLE,Armazones,Steffani,,,,,UNIDAD,origen: ASUNCION=PC - Inventario.xlsx#80@2026-08-03
ASU-107891,AC PAT FIJA AZUL K9912 53-18-147 C.700,PRODUCTO_STOCKEABLE,Armazones,Steffani,,,,,UNIDAD,origen: ASUNCION=PC - Inventario.xlsx#60@2026-08-03
ASU-107892,AC PAT FIJA NEGRO K9942 55-17-142 C.813,PRODUCTO_STOCKEABLE,Armazones,Steffani,,,,,UNIDAD,origen: ASUNCION=PC - Inventario.xlsx#111@2026-08-03
ASU-107893,AC PAT FIJA ROSA K9883 55-17-142 C.524,PRODUCTO_STOCKEABLE,Armazones,Steffani,,,,,UNIDAD,origen: ASUNCION=PC - Inventario.xlsx#104@2026-08-03
ASU-107894,AC PAT FLEX GRIS OB1008 57-17-150 C.02,PRODUCTO_STOCKEABLE,Armazones,Graffiti,,,,,UNIDAD,origen: ASUNCION=PC - Inventario.xlsx#138@2026-08-03
ASU-107895,AH PAT FIJA DORADO K9855 56-17-144 C.22,PRODUCTO_STOCKEABLE,Armazones,Steffani,,,,,UNIDAD,origen: ASUNCION=PC - Inventario.xlsx#116@2026-08-03
ASU-107897,AC PAT FLEX BORDO K9997 54-19-142 C.803,PRODUCTO_STOCKEABLE,Armazones,Steffani,,,,,UNIDAD,origen: ASUNCION=PC - Inventario.xlsx#134@2026-08-03
ASU-107898,AC PAT FLEX NEGRO K9955 57-17-145 C.814,PRODUCTO_STOCKEABLE,Armazones,Steffani,,,,,UNIDAD,origen: ASUNCION=PC - Inventario.xlsx#110@2026-08-03
ASU-107899,AC PAT FLEX AZUL K9983 51-20-142 C.809,PRODUCTO_STOCKEABLE,Armazones,Steffani,,,,,UNIDAD,origen: ASUNCION=PC - Inventario.xlsx#112@2026-08-03
ASU-107900,AC PAT FLEX NEGRO V1163 53-17-145 C.200,PRODUCTO_STOCKEABLE,Armazones,Vicrola,,,,,UNIDAD,origen: ASUNCION=PC - Inventario.xlsx#73@2026-08-03
ASU-107901,AC PAT FLEX TRANSPARENTE V1163 53-17-145 C.19,PRODUCTO_STOCKEABLE,Armazones,Vicrola,,,,,UNIDAD,origen: ASUNCION=PC - Inventario.xlsx#74@2026-08-03
ASU-107902,AC PAT FIJA NEGRO V1323 50-20-145 C.526,PRODUCTO_STOCKEABLE,Armazones,Vicrola,,,,,UNIDAD,origen: ASUNCION=PC - Inventario.xlsx#49@2026-08-03
ASU-107903,AC PAT FLEX VERDE OB1008 57-17-150 C.03,PRODUCTO_STOCKEABLE,Armazones,Graffiti,,,,,UNIDAD,origen: ASUNCION=PC - Inventario.xlsx#136@2026-08-03
ASU-107904,AC PAT FLEX AZUL K9812 57-17-145 C.756,PRODUCTO_STOCKEABLE,Armazones,Steffani,,,,,UNIDAD,origen: ASUNCION=PC - Inventario.xlsx#58@2026-08-03
ASU-107905,AC PAT FLEX NEGRO H2666 54-15-140 C.613,PRODUCTO_STOCKEABLE,Armazones,Unicity,,,,,UNIDAD,origen: ASUNCION=PC - Inventario.xlsx#57@2026-08-03
ASU-107906,AC PAT FLEX AZUL V1267 53-18-142 C.700,PRODUCTO_STOCKEABLE,Armazones,Vicrola,,,,,UNIDAD,origen: ASUNCION=PC - Inventario.xlsx#50@2026-08-03
ASU-107907,AC PAT FIJA AZUL K9876 53-19-145 C.700,PRODUCTO_STOCKEABLE,Armazones,Steffani,,,,,UNIDAD,origen: ASUNCION=PC - Inventario.xlsx#90@2026-08-03
ASU-107908,AC PAT FLEX ROSA V1163 53-17-145 C.11,PRODUCTO_STOCKEABLE,Armazones,Vicrola,,,,,UNIDAD,origen: ASUNCION=PC - Inventario.xlsx#77@2026-08-03
ASU-107909,AC PAT FLEX NEGRO H3754 52-19-140 C.311,PRODUCTO_STOCKEABLE,Armazones,Unicity,,,,,UNIDAD,origen: ASUNCION=PC - Inventario.xlsx#126@2026-08-03
ASU-107910,AH PAT FIJA PLATEADO K9855 56-17-144 C.600,PRODUCTO_STOCKEABLE,Armazones,Steffani,,,,,UNIDAD,origen: ASUNCION=PC - Inventario.xlsx#120@2026-08-03
ASU-107911,AC PAT FLEX NEGRO H3660 55-18-145 C.311,PRODUCTO_STOCKEABLE,Armazones,Unicity,,,,,UNIDAD,origen: ASUNCION=PC - Inventario.xlsx#70@2026-08-03
ASU-107912,AC PAT FLEX ANIMAL PRINT H3754 52-19-140 C.320,PRODUCTO_STOCKEABLE,Armazones,Unicity,,,,,UNIDAD,origen: ASUNCION=PC - Inventario.xlsx#129@2026-08-03
ASU-107913,AC PAT FLEX ANIMAL PRINT V1390 55-17-142 C.110,PRODUCTO_STOCKEABLE,Armazones,Vicrola,,,,,UNIDAD,origen: ASUNCION=PC - Inventario.xlsx#43@2026-08-03
ASU-107914,AC PAT FLEX NEGRO K9843 57-16-146 C.F200,PRODUCTO_STOCKEABLE,Armazones,Steffani,,,,,UNIDAD,origen: ASUNCION=PC - Inventario.xlsx#48@2026-08-03
ASU-107915,AC PAT FLEX DORADO HL2616 55-16-142 C.F14,PRODUCTO_STOCKEABLE,Armazones,Hanis,,,,,UNIDAD,origen: ASUNCION=PC - Inventario.xlsx#205@2026-08-03
ASU-107916,AC PAT FLEX DORADO HA26018 57-18-140 C.FCM0,PRODUCTO_STOCKEABLE,Lentes de Sol,Hanis,,,,,UNIDAD,origen: ASUNCION=PC - Inventario.xlsx#8036@2026-08-03
ASU-107917,AC PAT FLEX DORADO HA26018 57-18-140 C.B2,PRODUCTO_STOCKEABLE,Lentes de Sol,Hanis,,,,,UNIDAD,origen: ASUNCION=PC - Inventario.xlsx#8035@2026-08-03
ASU-107918,AC PAT FLEX DORADO HL2616 55-16-142 C.F14,PRODUCTO_STOCKEABLE,Armazones,Hanis,,,,,UNIDAD,origen: ASUNCION=PC - Inventario.xlsx#282@2026-08-03
ASU-107919,AC PAT FLEX DORADO HA26017 52-18-145 C.FCM0,PRODUCTO_STOCKEABLE,Lentes de Sol,Hanis,,,,,UNIDAD,origen: ASUNCION=PC - Inventario.xlsx#8031@2026-08-03
ASU-107920,AC PAT FLEX DORADO HA26016 52-21-145 C.B2,PRODUCTO_STOCKEABLE,Lentes de Sol,Hanis,,,,,UNIDAD,origen: ASUNCION=PC - Inventario.xlsx#8034@2026-08-03
ASU-107921,AC PAT FLEX DORADO HA26019 48-23-145 C.BMK0,PRODUCTO_STOCKEABLE,Lentes de Sol,Hanis,,,,,UNIDAD,origen: ASUNCION=PC - Inventario.xlsx#8026@2026-08-03
ASU-107922,AC PAT FLEX DORADO HL2616 55-16-142 C.F77,PRODUCTO_STOCKEABLE,Armazones,Hanis,,,,,UNIDAD,origen: ASUNCION=PC - Inventario.xlsx#206@2026-08-03
ASU-107923,AC PAT FIJA DORADO HL2622 52-18-145 C.BET22,PRODUCTO_STOCKEABLE,Armazones,Hanis,,,,,UNIDAD,origen: ASUNCION=PC - Inventario.xlsx#208@2026-08-03
ASU-107924,AC PAT FLEX DORADO HA26016 52-21-145 C.FCM0,PRODUCTO_STOCKEABLE,Lentes de Sol,Hanis,,,,,UNIDAD,origen: ASUNCION=PC - Inventario.xlsx#8032@2026-08-03
ASU-107925,AC PAT FLEX DORADO HA26019 48-23-145 C.BMK0,PRODUCTO_STOCKEABLE,Lentes de Sol,Hanis,,,,,UNIDAD,origen: ASUNCION=PC - Inventario.xlsx#8038@2026-08-03
ASU-107926,AC PAT FLEX NEGRO HA26018 57-18-140 C.B1,PRODUCTO_STOCKEABLE,Lentes de Sol,Hanis,,,,,UNIDAD,origen: ASUNCION=PC - Inventario.xlsx#8039@2026-08-03
ASU-107927,AC PAT FLEX DORADO HA26017 52-18-145 C.B2,PRODUCTO_STOCKEABLE,Lentes de Sol,Hanis,,,,,UNIDAD,origen: ASUNCION=PC - Inventario.xlsx#8033@2026-08-03
ASU-107928,AT PAT FLEX PLATEADO HL2625 56-18-145 C.F2,PRODUCTO_STOCKEABLE,Armazones,Hanis,,,,,UNIDAD,origen: ASUNCION=PC - Inventario.xlsx#215@2026-08-03
ASU-107929,AC PAT FLEX DORADO HA26017 52-18-145 C.FCM0,PRODUCTO_STOCKEABLE,Lentes de Sol,Hanis,,,,,UNIDAD,origen: ASUNCION=PC - Inventario.xlsx#8021@2026-08-03
ASU-107930,AC PAT FLEX NEGRO HA26017 52-18-145 C.B1,PRODUCTO_STOCKEABLE,Lentes de Sol,Hanis,,,,,UNIDAD,origen: ASUNCION=PC - Inventario.xlsx#8040@2026-08-03
ASU-107931,AC PAT FLEX DORADO HA26019 48-23-145 C.BM0,PRODUCTO_STOCKEABLE,Lentes de Sol,Hanis,,,,,UNIDAD,origen: ASUNCION=PC - Inventario.xlsx#8037@2026-08-03
ASU-107932,AC PAT FLEX DORADO HA26019 48-23-145 C.BM0,PRODUCTO_STOCKEABLE,Lentes de Sol,Hanis,,,,,UNIDAD,origen: ASUNCION=PC - Inventario.xlsx#8027@2026-08-03
ASU-107933,AC PAT FIJA NEGRO HL2622 52-18-145 C.B1,PRODUCTO_STOCKEABLE,Armazones,Hanis,,,,,UNIDAD,origen: ASUNCION=PC - Inventario.xlsx#280@2026-08-03
ASU-107934,AT PAT FLEX PLATEADO HL2625 56-18-145 C.B122,PRODUCTO_STOCKEABLE,Armazones,Hanis,,,,,UNIDAD,origen: ASUNCION=PC - Inventario.xlsx#213@2026-08-03
ASU-107935,AC PAT FLEX DORADO HA26017 52-18-145 C.B2,PRODUCTO_STOCKEABLE,Lentes de Sol,Hanis,,,,,UNIDAD,origen: ASUNCION=PC - Inventario.xlsx#8020@2026-08-03
ASU-107937,AC PAT FLEX DORADO HL2623 52-18-145 C.BT14,PRODUCTO_STOCKEABLE,Armazones,Hanis,,,,,UNIDAD,origen: ASUNCION=PC - Inventario.xlsx#281@2026-08-03
ASU-107938,AC PAT FLEX DORADO HA26016 52-21-145 C.B2,PRODUCTO_STOCKEABLE,Lentes de Sol,Hanis,,,,,UNIDAD,origen: ASUNCION=PC - Inventario.xlsx#8022@2026-08-03
ASU-107939,AC PAT FLEX NEGRO HA26016 52-21-145 C.B1,PRODUCTO_STOCKEABLE,Lentes de Sol,Hanis,,,,,UNIDAD,origen: ASUNCION=PC - Inventario.xlsx#8015@2026-08-03
ASU-107940,AC PAT FLEX DORADO HA26018 57-18-140 C.FCM0,PRODUCTO_STOCKEABLE,Lentes de Sol,Hanis,,,,,UNIDAD,origen: ASUNCION=PC - Inventario.xlsx#8024@2026-08-03
ASU-107941,AC PAT FLEX NEGRO HA26016 52-21-145 C.B1,PRODUCTO_STOCKEABLE,Lentes de Sol,Hanis,,,,,UNIDAD,origen: ASUNCION=PC - Inventario.xlsx#8041@2026-08-03
ASU-107942,AC PAT FLEX NEGRO HA26018 57-18-140 C.B1,PRODUCTO_STOCKEABLE,Lentes de Sol,Hanis,,,,,UNIDAD,origen: ASUNCION=PC - Inventario.xlsx#8014@2026-08-03
ASU-107944,AH PAT FIJA DORADO HA26002 53-17-140 C.BT2,PRODUCTO_STOCKEABLE,Armazones,Hanis,,,,,UNIDAD,origen: ASUNCION=PC - Inventario.xlsx#210@2026-08-03
ASU-107945,AC PAT FIJA DORADO HL2622 52-18-145 C.BET2,PRODUCTO_STOCKEABLE,Armazones,Hanis,,,,,UNIDAD,origen: ASUNCION=PC - Inventario.xlsx#207@2026-08-03
ASU-107946,AT PAT FLEX PLATEADO HL2626 54-18-145 C.BE12,PRODUCTO_STOCKEABLE,Armazones,Hanis,,,,,UNIDAD,origen: ASUNCION=PC - Inventario.xlsx#214@2026-08-03
ASU-107947,AC PAT FLEX DORADO HA26018 57-18-140 C.B2,PRODUCTO_STOCKEABLE,Lentes de Sol,Hanis,,,,,UNIDAD,origen: ASUNCION=PC - Inventario.xlsx#8025@2026-08-03
ASU-107948,AC PAT FLEX NEGRO HL2675 57-17-140 C.FE3,PRODUCTO_STOCKEABLE,Lentes de Sol,Hanis,,,,,UNIDAD,origen: ASUNCION=PC - Inventario.xlsx#8018@2026-08-03
ASU-107949,AC PAT FLEX NEGRO HL2675 57-17-140 C.F6,PRODUCTO_STOCKEABLE,Lentes de Sol,Hanis,,,,,UNIDAD,origen: ASUNCION=PC - Inventario.xlsx#8019@2026-08-03
ASU-107950,AT PAT FLEX PLATEADO HL2625 56-18-145 C.B12,PRODUCTO_STOCKEABLE,Armazones,Hanis,,,,,UNIDAD,origen: ASUNCION=PC - Inventario.xlsx#212@2026-08-03
ASU-107951,AC PAT FIJA NEGRO HL2622 52-18-145 C.FE12,PRODUCTO_STOCKEABLE,Armazones,Hanis,,,,,UNIDAD,origen: ASUNCION=PC - Inventario.xlsx#279@2026-08-03
ASU-107952,AH PAT FIJA BLANCO HA26010 57-17-140 C.B14,PRODUCTO_STOCKEABLE,Armazones,Hanis,,,,,UNIDAD,origen: ASUNCION=PC - Inventario.xlsx#211@2026-08-03
ASU-107953,AC PAT FLEX NEGRO HL2675 57-17-140 C.F1,PRODUCTO_STOCKEABLE,Lentes de Sol,Hanis,,,,,UNIDAD,origen: ASUNCION=PC - Inventario.xlsx#8017@2026-08-03
ASU-107954,AC PAT FLEX NEGRO HA26017 52-18-145 C.B1,PRODUCTO_STOCKEABLE,Lentes de Sol,Hanis,,,,,UNIDAD,origen: ASUNCION=PC - Inventario.xlsx#8016@2026-08-03
ASU-107956,AC PAT FIJA NEGRO MM033 51-20-145 C.01,PRODUCTO_STOCKEABLE,Armazones,Graffiti,,,,,UNIDAD,origen: ASUNCION=PC - Inventario.xlsx#140@2026-08-03
ASU-107960,AC PAT FLEX ANIMAL PRINT HL2613 53-20-145 C.BC2,PRODUCTO_STOCKEABLE,Armazones,Hanis,,,,,UNIDAD,origen: ASUNCION=PC - Inventario.xlsx#288@2026-08-03
ASU-107964,AC PAT FLEX MARRÓN HL2606 54-17-145 C.BT2,PRODUCTO_STOCKEABLE,Armazones,Hanis,,,,,UNIDAD,origen: ASUNCION=PC - Inventario.xlsx#292@2026-08-03
ASU-107965,AC PAT FLEX TRANSPARENTE RDA10384 55-19-145 C.4,PRODUCTO_STOCKEABLE,Armazones,Betania,,,,,UNIDAD,origen: ASUNCION=PC - Inventario.xlsx#268@2026-08-03
ASU-107967,AC PAT FLEX MARRÓN HL2607 54-19-140 C.BT2,PRODUCTO_STOCKEABLE,Armazones,Hanis,,,,,UNIDAD,origen: ASUNCION=PC - Inventario.xlsx#293@2026-08-03
ASU-107969,AC PAT FLEX ANIMAL PRINT HL2612 55-18-145 C.BE2,PRODUCTO_STOCKEABLE,Armazones,Hanis,,,,,UNIDAD,origen: ASUNCION=PC - Inventario.xlsx#287@2026-08-03
ASU-107970,AC PAT FLEX ROJO HL2607 54-19-140 C.BET6,PRODUCTO_STOCKEABLE,Armazones,Hanis,,,,,UNIDAD,origen: ASUNCION=PC - Inventario.xlsx#290@2026-08-03
ASU-107972,AC PAT FLEX MARRÓN HL2606 54-17-145 C.BT7,PRODUCTO_STOCKEABLE,Armazones,Hanis,,,,,UNIDAD,origen: ASUNCION=PC - Inventario.xlsx#291@2026-08-03
ASU-107973,AC PAT FLEX GRIS AY6939 54-18-140 C.3,PRODUCTO_STOCKEABLE,Armazones,Betania,,,,,UNIDAD,origen: ASUNCION=PC - Inventario.xlsx#252@2026-08-03
ASU-107975,AC PAT FLEX BORDO CH89012 52-16-142 C.4,PRODUCTO_STOCKEABLE,Armazones,Betania,,,,,UNIDAD,origen: ASUNCION=PC - Inventario.xlsx#236@2026-08-03
ASU-107976,AC PAT FLEX MARRON TB20035 55-16-145 C.3,PRODUCTO_STOCKEABLE,Armazones,Betania,,,,,UNIDAD,origen: ASUNCION=PC - Inventario.xlsx#345@2026-08-03
ASU-107978,AC PAT FLEX DORADO HL2616 55-16-142 C.FP9,PRODUCTO_STOCKEABLE,Armazones,Hanis,,,,,UNIDAD,origen: ASUNCION=PC - Inventario.xlsx#283@2026-08-03
ASU-107980,AC PAT FLEX TRANSPARENTE RDA10146 54-18-145 C.4,PRODUCTO_STOCKEABLE,Armazones,Betania,,,,,UNIDAD,origen: ASUNCION=PC - Inventario.xlsx#269@2026-08-03
ASU-107981,AC PAT FLEX NEGRO HL2606 54-17-145 C.B1,PRODUCTO_STOCKEABLE,Armazones,Hanis,,,,,UNIDAD,origen: ASUNCION=PC - Inventario.xlsx#284@2026-08-03
ASU-107982,AC PAT FLEX ANIMAL PRINT HL2613 53-20-145 C.B13,PRODUCTO_STOCKEABLE,Armazones,Hanis,,,,,UNIDAD,origen: ASUNCION=PC - Inventario.xlsx#289@2026-08-03
ASU-107983,AC PAT FLEX PLATEADO FK7702 53-18-140 C.5,PRODUCTO_STOCKEABLE,Armazones,Betania,,,,,UNIDAD,origen: ASUNCION=PC - Inventario.xlsx#256@2026-08-03
ASU-107984,AC PAT FLEX NEGRO 28079 49-19-140 C.1,PRODUCTO_STOCKEABLE,Armazones,Betania,,,,,UNIDAD,origen: ASUNCION=PC - Inventario.xlsx#218@2026-08-03
ASU-107985,AC PAT FLEX CELESTE XH22033 55-17-145 C.2,PRODUCTO_STOCKEABLE,Armazones,Betania,,,,,UNIDAD,origen: ASUNCION=PC - Inventario.xlsx#315@2026-08-03
ASU-107986,AC PAT FLEX NEGRO 28154 53-19-140 C.3,PRODUCTO_STOCKEABLE,Armazones,Betania,,,,,UNIDAD,origen: ASUNCION=PC - Inventario.xlsx#263@2026-08-03
ASU-107987,AC PAT FLEX NEGRO 28023 54-17-140  C.1,PRODUCTO_STOCKEABLE,Armazones,Betania,,,,,UNIDAD,origen: ASUNCION=PC - Inventario.xlsx#298@2026-08-03
ASU-107990,AC PAT FLEX NEGRO HL2607 54-19-140 C.B1,PRODUCTO_STOCKEABLE,Armazones,Hanis,,,,,UNIDAD,origen: ASUNCION=PC - Inventario.xlsx#285@2026-08-03
ASU-107991,AC PAT FLEX NEGRO 28023 54-17-140 C.4,PRODUCTO_STOCKEABLE,Armazones,Betania,,,,,UNIDAD,origen: ASUNCION=PC - Inventario.xlsx#244@2026-08-03
ASU-107992,AC PAT FLEX NEGRO HL2612 55-18-145 C.B1,PRODUCTO_STOCKEABLE,Armazones,Hanis,,,,,UNIDAD,origen: ASUNCION=PC - Inventario.xlsx#286@2026-08-03
ASU-107996,AH PAT FLEX DORADO LE8841 54-14-140 C.2,PRODUCTO_STOCKEABLE,Armazones,Betania,,,,,UNIDAD,origen: ASUNCION=PC - Inventario.xlsx#242@2026-08-03
ASU-107998,AC PAT FLEX GRIS 28217 53-147-140 C.4,PRODUCTO_STOCKEABLE,Armazones,Betania,,,,,UNIDAD,origen: ASUNCION=PC - Inventario.xlsx#267@2026-08-03
ASU-107999,AC PAT FLEX BORDO XH22031 52-18-145 C.3,PRODUCTO_STOCKEABLE,Armazones,Betania,,,,,UNIDAD,origen: ASUNCION=PC - Inventario.xlsx#249@2026-08-03
ASU-108000,AC PAT FLEX BLANCO TB20035 55-16-145 C.4,PRODUCTO_STOCKEABLE,Armazones,Betania,,,,,UNIDAD,origen: ASUNCION=PC - Inventario.xlsx#361@2026-08-03
ASU-108002,AC PAT FLEX NEGRO 28174 51-18-140 C.1,PRODUCTO_STOCKEABLE,Armazones,Betania,,,,,UNIDAD,origen: ASUNCION=PC - Inventario.xlsx#364@2026-08-03
ASU-108004,AC PAT FLEX NEGRO 28174 51-18-140 C.2,PRODUCTO_STOCKEABLE,,,,,,,UNIDAD,"naturaleza por evidencia: prefijo AC PAT, stockeable en las 3.065 filas del universo || origen: ASUNCION=PC - Inventario.xlsx#11@2026-08-03"
ASU-108006,AC PAT FLEX NEGRO 28022 51-72-140 C.2,PRODUCTO_STOCKEABLE,Armazones,Betania,,,,,UNIDAD,origen: ASUNCION=PC - Inventario.xlsx#297@2026-08-03
ASU-108007,AC PAT FLEX NEGRO 28023 54-17-140 C.3,PRODUCTO_STOCKEABLE,Armazones,Betania,,,,,UNIDAD,origen: ASUNCION=PC - Inventario.xlsx#299@2026-08-03
ASU-108008,AC PAT FLEX VERDE XH22042 54-17-145 C.4,PRODUCTO_STOCKEABLE,Armazones,Betania,,,,,UNIDAD,origen: ASUNCION=PC - Inventario.xlsx#318@2026-08-03
ASU-108009,AC PAT FLEX NEGRO RM77008 54-18-145 C.1,PRODUCTO_STOCKEABLE,Armazones,Betania,,,,,UNIDAD,origen: ASUNCION=PC - Inventario.xlsx#333@2026-08-03
ASU-108011,AC PAT FLEX NEGRO 36035 55-18-145 C.6,PRODUCTO_STOCKEABLE,Armazones,Betania,,,,,UNIDAD,origen: ASUNCION=PC - Inventario.xlsx#301@2026-08-03
ASU-108012,AH PAT FLEX MARRON RM77009 54-19-140 C.2,PRODUCTO_STOCKEABLE,Armazones,Betania,,,,,UNIDAD,origen: ASUNCION=PC - Inventario.xlsx#349@2026-08-03
ASU-108013,AC PAT FLEX BLANCO T1014 55-15-138 C.2,PRODUCTO_STOCKEABLE,Armazones,Altania,,,,,UNIDAD,origen: ASUNCION=PC - Inventario.xlsx#360@2026-08-03
ASU-108014,AC PAT FLEX NEGRO 28235 52-19-140 C.5,PRODUCTO_STOCKEABLE,Armazones,Betania,,,,,UNIDAD,origen: ASUNCION=PC - Inventario.xlsx#295@2026-08-03
ASU-108015,AC PAT FLEX PLATEADO LE8849 55-16-140 C.4,PRODUCTO_STOCKEABLE,Armazones,Betania,,,,,UNIDAD,origen: ASUNCION=PC - Inventario.xlsx#339@2026-08-03
ASU-108016,AC PAT FLEX NEGRO LE8849 55-16-140 C.1,PRODUCTO_STOCKEABLE,Armazones,Betania,,,,,UNIDAD,origen: ASUNCION=PC - Inventario.xlsx#327@2026-08-03
ASU-108017,AC PAT FLEX ROJO TB20039 55-15-145 C.1,PRODUCTO_STOCKEABLE,Armazones,Betania,,,,,UNIDAD,origen: ASUNCION=PC - Inventario.xlsx#352@2026-08-03
ASU-108020,AC PAT FLEX NEGRO 1623 52-17-140 C.2,PRODUCTO_STOCKEABLE,Armazones,Betania,,,,,UNIDAD,origen: ASUNCION=PC - Inventario.xlsx#247@2026-08-03
ASU-108021,AH PAT FLEX PLATEADO 25096 50-17-138 C.6,PRODUCTO_STOCKEABLE,Armazones,Betania,,,,,UNIDAD,origen: ASUNCION=PC - Inventario.xlsx#340@2026-08-03
ASU-108023,AC PAT FLEX ROSADO T1014 55-16-138 C.4,PRODUCTO_STOCKEABLE,Armazones,Altania,,,,,UNIDAD,origen: ASUNCION=PC - Inventario.xlsx#351@2026-08-03
ASU-108024,AC PAT FLEX NEGRO 28022 51-18-140 C.3,PRODUCTO_STOCKEABLE,Armazones,Betania,,,,,UNIDAD,origen: ASUNCION=PC - Inventario.xlsx#296@2026-08-03
ASU-108025,AH PAT FLEX NEGRO RM77007 53-18-142 C.1,PRODUCTO_STOCKEABLE,Armazones,Betania,,,,,UNIDAD,origen: ASUNCION=PC - Inventario.xlsx#337@2026-08-03
ASU-108027,AC PAT FLEX VIOLETA 28235 52-19-140 C.2,PRODUCTO_STOCKEABLE,Armazones,Betania,,,,,UNIDAD,origen: ASUNCION=PC - Inventario.xlsx#310@2026-08-03
ASU-108028,AC PAT FLEX MARRON TB20039 55-16-145 C.4,PRODUCTO_STOCKEABLE,Armazones,Betania,,,,,UNIDAD,origen: ASUNCION=PC - Inventario.xlsx#346@2026-08-03
ASU-108029,AH PAT FLEX NEGRO 25096 50-17-138 C.5,PRODUCTO_STOCKEABLE,Armazones,Betania,,,,,UNIDAD,origen: ASUNCION=PC - Inventario.xlsx#330@2026-08-03
ASU-108031,AC PAT FLEX ROSADO TB20039 55-16-145 C.2,PRODUCTO_STOCKEABLE,Armazones,Betania,,,,,UNIDAD,origen: ASUNCION=PC - Inventario.xlsx#350@2026-08-03
ASU-108033,AC PAT FLEX NEGRO F88188 49-17-140 C.1,PRODUCTO_STOCKEABLE,Armazones,Betania,,,,,UNIDAD,origen: ASUNCION=PC - Inventario.xlsx#366@2026-08-03
ASU-108034,AC PAT FLEX NEGRO 28235 52-19-140 C.1,PRODUCTO_STOCKEABLE,Armazones,Betania,,,,,UNIDAD,origen: ASUNCION=PC - Inventario.xlsx#294@2026-08-03
ASU-108035,AC PAT FLEX PURPURA XH22042 54-17-145 C.3,PRODUCTO_STOCKEABLE,Armazones,Betania,,,,,UNIDAD,origen: ASUNCION=PC - Inventario.xlsx#311@2026-08-03
ASU-108036,AH PAT FLEX PLATEADO RM77009 54-19-140 C.3,PRODUCTO_STOCKEABLE,Armazones,Betania,,,,,UNIDAD,origen: ASUNCION=PC - Inventario.xlsx#335@2026-08-03
ASU-108038,AC PAT FLEX NEGRO GK7382 53-17-135 C.02,PRODUCTO_STOCKEABLE,Armazones,Betania,,,,,UNIDAD,origen: ASUNCION=PC - Inventario.xlsx#227@2026-08-03
ASU-108039,AC PAT FLEX NEGRO 1619 51-19-140 C.1,PRODUCTO_STOCKEABLE,Armazones,Betania,,,,,UNIDAD,origen: ASUNCION=PC - Inventario.xlsx#302@2026-08-03
ASU-108040,AC PAT FLEX AZUL EA1143 53-17-140 C.4,PRODUCTO_STOCKEABLE,Armazones,Altania,,,,,UNIDAD,origen: ASUNCION=PC - Inventario.xlsx#313@2026-08-03
ASU-108041,AC PAT FLEX NEGRO TB20035 55-16-145 C.1,PRODUCTO_STOCKEABLE,Armazones,Betania,,,,,UNIDAD,origen: ASUNCION=PC - Inventario.xlsx#326@2026-08-03
ASU-108042,AC PAT FLEX MARRON TB20035 55-16-145 C.5,PRODUCTO_STOCKEABLE,Armazones,Betania,,,,,UNIDAD,origen: ASUNCION=PC - Inventario.xlsx#356@2026-08-03
ASU-108043,AC PAT FLEX NEGRO DP RDA10146 54-18-145 C.1,PRODUCTO_STOCKEABLE,Armazones,Betania,,,,,UNIDAD,origen: ASUNCION=PC - Inventario.xlsx#260@2026-08-03
ASU-108044,AC PAT FLEX MARRON TB20042 53-18-145 C.5,PRODUCTO_STOCKEABLE,Armazones,Betania,,,,,UNIDAD,origen: ASUNCION=PC - Inventario.xlsx#232@2026-08-03
ASU-108045,AH PAT FLEX PLATEADO LE8841 54-17-140 C.4,PRODUCTO_STOCKEABLE,Armazones,Betania,,,,,UNIDAD,origen: ASUNCION=PC - Inventario.xlsx#230@2026-08-03
ASU-108046,AH PAT FLEX MARRON RM77007 53-18-142 C.2,PRODUCTO_STOCKEABLE,Armazones,Betania,,,,,UNIDAD,origen: ASUNCION=PC - Inventario.xlsx#338@2026-08-03
ASU-108047,AC PAT FLEX BORDO TB20035 55-16-145 C.2,PRODUCTO_STOCKEABLE,Armazones,Betania,,,,,UNIDAD,origen: ASUNCION=PC - Inventario.xlsx#353@2026-08-03
ASU-108048,AC PAT FLEX MARRON RM77008 54-18-145 C.2,PRODUCTO_STOCKEABLE,Armazones,Betania,,,,,UNIDAD,origen: ASUNCION=PC - Inventario.xlsx#334@2026-08-03
ASU-108050,AC PAT FLEX NEGRO TA1033 53-14-145 C.3,PRODUCTO_STOCKEABLE,Armazones,Altania,,,,,UNIDAD,origen: ASUNCION=PC - Inventario.xlsx#306@2026-08-03
ASU-108051,AC PAT FLEX MARRON 1619 51-19-140 C.4,PRODUCTO_STOCKEABLE,Armazones,Betania,,,,,UNIDAD,origen: ASUNCION=PC - Inventario.xlsx#308@2026-08-03
ASU-108052,AC PAT FLEX ANIMAL PRINT EA1143 53-17-140 C.2,PRODUCTO_STOCKEABLE,Armazones,Altania,,,,,UNIDAD,origen: ASUNCION=PC - Inventario.xlsx#307@2026-08-03
ASU-108053,AC PAT FLEX DORADO LE8853 54-16-140 C.3,PRODUCTO_STOCKEABLE,Armazones,Betania,,,,,UNIDAD,origen: ASUNCION=PC - Inventario.xlsx#241@2026-08-03
ASU-108054,AC PAT FLEX BORDO 1619 51-19-140 C.3,PRODUCTO_STOCKEABLE,Armazones,Betania,,,,,UNIDAD,origen: ASUNCION=PC - Inventario.xlsx#309@2026-08-03
ASU-108055,AC PAT FLEX NEGRO 36272 50-17-140 C.5,PRODUCTO_STOCKEABLE,Armazones,Betania,,,,,UNIDAD,origen: ASUNCION=PC - Inventario.xlsx#367@2026-08-03
ASU-108056,AH PAT FLEX AZUL RM77007 53-18-142 C.4,PRODUCTO_STOCKEABLE,Armazones,Betania,,,,,UNIDAD,origen: ASUNCION=PC - Inventario.xlsx#359@2026-08-03
ASU-108057,AC PAT FLEX PLATEADO F88188 49-17-140 C.4,PRODUCTO_STOCKEABLE,Armazones,Betania,,,,,UNIDAD,origen: ASUNCION=PC - Inventario.xlsx#362@2026-08-03
ASU-108058,AC PAT FLEX NEGRO XH22042 54-17-145 C.1,PRODUCTO_STOCKEABLE,Armazones,Betania,,,,,UNIDAD,origen: ASUNCION=PC - Inventario.xlsx#304@2026-08-03
ASU-108059,AC PAT FLEX ROSADO CH89012 52-16-142 C.2,PRODUCTO_STOCKEABLE,Armazones,Betania,,,,,UNIDAD,origen: ASUNCION=PC - Inventario.xlsx#238@2026-08-03
ASU-108060,AC PAT FLEX TURQUESA XH0012 51-19-145 C.2,PRODUCTO_STOCKEABLE,Armazones,Betania,,,,,UNIDAD,origen: ASUNCION=PC - Inventario.xlsx#317@2026-08-03
ASU-108061,AC PAT FLEX BRONCE CH039 55-16-142 C.3,PRODUCTO_STOCKEABLE,Armazones,Betania,,,,,UNIDAD,origen: ASUNCION=PC - Inventario.xlsx#237@2026-08-03
ASU-108062,AC PAT FLEX TURQUESA XH22042 54-17-145 C.2,PRODUCTO_STOCKEABLE,Armazones,Betania,,,,,UNIDAD,origen: ASUNCION=PC - Inventario.xlsx#316@2026-08-03
ASU-108063,AH PAT FLEX PLATEADO 25096 50-17-138 C.2,PRODUCTO_STOCKEABLE,Armazones,Betania,,,,,UNIDAD,origen: ASUNCION=PC - Inventario.xlsx#347@2026-08-03
ASU-108064,AH PAT FLEX NEGRO LE8851 54-17-140 C.1,PRODUCTO_STOCKEABLE,Armazones,Betania,,,,,UNIDAD,origen: ASUNCION=PC - Inventario.xlsx#329@2026-08-03
ASU-108066,AC PAT FLEX NEGRO 36035 55-18-145 C.1,PRODUCTO_STOCKEABLE,Armazones,Betania,,,,,UNIDAD,origen: ASUNCION=PC - Inventario.xlsx#300@2026-08-03
ASU-108068,AH PAT FLEX MARRON 25096 50-17-138 C.1,PRODUCTO_STOCKEABLE,Armazones,Betania,,,,,UNIDAD,origen: ASUNCION=PC - Inventario.xlsx#348@2026-08-03
ASU-108069,AC PAT FLEX NEGRO CH0369 55-16-142 C.1,PRODUCTO_STOCKEABLE,Armazones,Betania,,,,,UNIDAD,origen: ASUNCION=PC - Inventario.xlsx#228@2026-08-03
ASU-108071,AH PAT FLEX MARRON 25096 50-17-138 C.4,PRODUCTO_STOCKEABLE,Armazones,Betania,,,,,UNIDAD,origen: ASUNCION=PC - Inventario.xlsx#341@2026-08-03
ASU-108072,AC PAT FLEX NEGRO CH89012 52-16-152 C.1,PRODUCTO_STOCKEABLE,Armazones,Betania,,,,,UNIDAD,origen: ASUNCION=PC - Inventario.xlsx#226@2026-08-03
ASU-108073,AC PAT FLEX NEGRO TA1032 54-17-145 C.3,PRODUCTO_STOCKEABLE,Armazones,Altania,,,,,UNIDAD,origen: ASUNCION=PC - Inventario.xlsx#305@2026-08-03
ASU-108074,AH PAT FLEX DORADO LE8851 54-17-140 C.2,PRODUCTO_STOCKEABLE,Armazones,Betania,,,,,UNIDAD,origen: ASUNCION=PC - Inventario.xlsx#355@2026-08-03
ASU-108075,AC PAT FLEX NEGRO RDA10384 55-19-145 C.1,PRODUCTO_STOCKEABLE,Armazones,Betania,,,,,UNIDAD,origen: ASUNCION=PC - Inventario.xlsx#262@2026-08-03
ASU-108076,AC PAT FLEX NEGRO TB20042 53-18-145 C.1,PRODUCTO_STOCKEABLE,Armazones,Betania,,,,,UNIDAD,origen: ASUNCION=PC - Inventario.xlsx#224@2026-08-03
ASU-108077,AC PAT FLEX DORADO LE8849 55-16-140 C.2,PRODUCTO_STOCKEABLE,Armazones,Betania,,,,,UNIDAD,origen: ASUNCION=PC - Inventario.xlsx#354@2026-08-03
ASU-108079,AC PAT FLEX MARRON TB20041 56-16-145 C.4,PRODUCTO_STOCKEABLE,Armazones,Betania,,,,,UNIDAD,origen: ASUNCION=PC - Inventario.xlsx#344@2026-08-03
ASU-108081,AC PAT FLEX ROSADO CH039 55-16-142 C.2,PRODUCTO_STOCKEABLE,Armazones,Betania,,,,,UNIDAD,origen: ASUNCION=PC - Inventario.xlsx#239@2026-08-03
ASU-108082,AC PAT FLEX MARRON RDA10146 54-18-140 C.3,PRODUCTO_STOCKEABLE,Armazones,Betania,,,,,UNIDAD,origen: ASUNCION=PC - Inventario.xlsx#266@2026-08-03
ASU-108084,AH PAT FLEX PLATEADO LE8841 54-17-140 C.1,PRODUCTO_STOCKEABLE,Armazones,Betania,,,,,UNIDAD,origen: ASUNCION=PC - Inventario.xlsx#229@2026-08-03
ASU-108085,AC PAT FLEX AZUL XH22033 55-17-145 C.5,PRODUCTO_STOCKEABLE,Armazones,Betania,,,,,UNIDAD,origen: ASUNCION=PC - Inventario.xlsx#314@2026-08-03
ASU-108086,AC PAT FLEX NEGRO 28217 53-17-140 C.1,PRODUCTO_STOCKEABLE,Armazones,Betania,,,,,UNIDAD,origen: ASUNCION=PC - Inventario.xlsx#365@2026-08-03
ASU-108087,AC PAT FLEX NEGRO F88188 49-17-140 C.5,PRODUCTO_STOCKEABLE,Armazones,Betania,,,,,UNIDAD,origen: ASUNCION=PC - Inventario.xlsx#216@2026-08-03
ASU-108088,AH PAT FLEX NEGRO RM77009 54-19-140 C.1,PRODUCTO_STOCKEABLE,Armazones,Betania,,,,,UNIDAD,origen: ASUNCION=PC - Inventario.xlsx#331@2026-08-03
ASU-108089,AH PAT FLEX AZUL RM77009 54-19-140 C.5,PRODUCTO_STOCKEABLE,Armazones,Betania,,,,,UNIDAD,origen: ASUNCION=PC - Inventario.xlsx#259@2026-08-03
ASU-108090,AC PAT FLEX BEIGE TB20037 55-16-145 C.3,PRODUCTO_STOCKEABLE,Armazones,Betania,,,,,UNIDAD,origen: ASUNCION=PC - Inventario.xlsx#357@2026-08-03
ASU-108094,AC PAT FLEX NEGRO 28174 51-18-140 C.3,PRODUCTO_STOCKEABLE,Armazones,Betania,,,,,UNIDAD,origen: ASUNCION=PC - Inventario.xlsx#219@2026-08-03
ASU-108095,AH PAT FLEX GRIS RM77007 53-18-142 C.3,PRODUCTO_STOCKEABLE,Armazones,Betania,,,,,UNIDAD,origen: ASUNCION=PC - Inventario.xlsx#336@2026-08-03
ASU-108097,AC PAT FLEX PURPURA XH22031 52-18-145 C.4,PRODUCTO_STOCKEABLE,Armazones,Betania,,,,,UNIDAD,origen: ASUNCION=PC - Inventario.xlsx#251@2026-08-03
ASU-108100,AC PAT FLEX MARRON FK7702 53-18-140 C.4,PRODUCTO_STOCKEABLE,Armazones,Betania,,,,,UNIDAD,origen: ASUNCION=PC - Inventario.xlsx#258@2026-08-03
ASU-108101,AH PAT FLEX NEGRO RM77009 54-19-140 C.4,PRODUCTO_STOCKEABLE,Armazones,Betania,,,,,UNIDAD,origen: ASUNCION=PC - Inventario.xlsx#255@2026-08-03
ASU-108102,AC PAT FLEX FUCSIA 28079 49-19-140 C.4,PRODUCTO_STOCKEABLE,Armazones,Betania,,,,,UNIDAD,origen: ASUNCION=PC - Inventario.xlsx#221@2026-08-03
ASU-108103,AC PAT FLEX DORADO FK7702 53-18-140 C.3,PRODUCTO_STOCKEABLE,Armazones,Betania,,,,,UNIDAD,origen: ASUNCION=PC - Inventario.xlsx#257@2026-08-03
ASU-108104,AC PAT FLEX TRANSPARENTE TA1033 53-14-145 C.6,PRODUCTO_STOCKEABLE,Armazones,Altania,,,,,UNIDAD,origen: ASUNCION=PC - Inventario.xlsx#324@2026-08-03
ASU-108107,AC PAT FLEX NEGRO TB20039 55-16-145 C.3,PRODUCTO_STOCKEABLE,Armazones,Betania,,,,,UNIDAD,origen: ASUNCION=PC - Inventario.xlsx#222@2026-08-03
ASU-108108,AC PAT FLEX NEGRO 28174 51-18-140 C.4,PRODUCTO_STOCKEABLE,Armazones,Betania,,,,,UNIDAD,origen: ASUNCION=PC - Inventario.xlsx#217@2026-08-03
ASU-108110,AC PAT FLEX GRIS TB20041 56-16-145 C.3,PRODUCTO_STOCKEABLE,Armazones,Betania,,,,,UNIDAD,origen: ASUNCION=PC - Inventario.xlsx#231@2026-08-03
ASU-108111,AC PAT FLEX NEGRO T1014 55-16-138 C.1,PRODUCTO_STOCKEABLE,Armazones,Altania,,,,,UNIDAD,origen: ASUNCION=PC - Inventario.xlsx#328@2026-08-03
ASU-108112,AC PAT FLEX AZUL28217 53-17-140 C.2,PRODUCTO_STOCKEABLE,Armazones,Betania,,,,,UNIDAD,origen: ASUNCION=PC - Inventario.xlsx#265@2026-08-03
ASU-108116,AC PAT FLEX ROSADO 36272 50-17-140 C.2,PRODUCTO_STOCKEABLE,Armazones,Betania,,,,,UNIDAD,origen: ASUNCION=PC - Inventario.xlsx#270@2026-08-03
ASU-108117,AC PAT FLEX NEGRO XH22031 52-18-142 C.1,PRODUCTO_STOCKEABLE,Armazones,Betania,,,,,UNIDAD,origen: ASUNCION=PC - Inventario.xlsx#245@2026-08-03
ASU-108118,AC PAT FLEX NEGRO TB20041 56-16-145 C.1,PRODUCTO_STOCKEABLE,Armazones,Betania,,,,,UNIDAD,origen: ASUNCION=PC - Inventario.xlsx#223@2026-08-03
ASU-108120,AC PAT FLEX BLANCO 1619 51-19-140 C.6,PRODUCTO_STOCKEABLE,Armazones,Betania,,,,,UNIDAD,origen: ASUNCION=PC - Inventario.xlsx#322@2026-08-03
ASU-108121,AC PAT FLEX BLANCO CH89012 52-16-142 C.3,PRODUCTO_STOCKEABLE,Armazones,Betania,,,,,UNIDAD,origen: ASUNCION=PC - Inventario.xlsx#243@2026-08-03
ASU-108122,AC PAT FLEX TRANSPARENTE XH0012 51-19-145 C.3,PRODUCTO_STOCKEABLE,Armazones,Betania,,,,,UNIDAD,origen: ASUNCION=PC - Inventario.xlsx#323@2026-08-03
ASU-108123,AC PAT FLEX NEGRO FK7702 53-18-140 C.3,PRODUCTO_STOCKEABLE,Armazones,Betania,,,,,UNIDAD,origen: ASUNCION=PC - Inventario.xlsx#254@2026-08-03
ASU-108125,AC PAT FLEX NEGRO 28023 54-17-140 C.2,PRODUCTO_STOCKEABLE,Armazones,Betania,,,,,UNIDAD,origen: ASUNCION=PC - Inventario.xlsx#246@2026-08-03
ASU-108127,AC PAT FLEX NEGRO RDA10384 55-19-145 C.3,PRODUCTO_STOCKEABLE,Armazones,Betania,,,,,UNIDAD,origen: ASUNCION=PC - Inventario.xlsx#261@2026-08-03
ASU-108129,AC PAT FLEX MARRON TB20037 55-16-145 C.1,PRODUCTO_STOCKEABLE,Armazones,Betania,,,,,UNIDAD,origen: ASUNCION=PC - Inventario.xlsx#342@2026-08-03
ASU-108130,AC PAT FLEX NEGRO 36272 50-17-140 C.1,PRODUCTO_STOCKEABLE,Armazones,Betania,,,,,UNIDAD,origen: ASUNCION=PC - Inventario.xlsx#363@2026-08-03
ASU-108131,AC PAT FLEX GRIS TA1033 53-14-145 C.1,PRODUCTO_STOCKEABLE,Armazones,Altania,,,,,UNIDAD,origen: ASUNCION=PC - Inventario.xlsx#320@2026-08-03
ASU-108133,AC PAT FLEX LILA XH22042 54-17-145 C.5,PRODUCTO_STOCKEABLE,Armazones,Betania,,,,,UNIDAD,origen: ASUNCION=PC - Inventario.xlsx#312@2026-08-03
ASU-108135,AC PAT FLEX GRIS RM77008 54-18-145 C.3,PRODUCTO_STOCKEABLE,Armazones,Betania,,,,,UNIDAD,origen: ASUNCION=PC - Inventario.xlsx#332@2026-08-03
ASU-108136,AC PAT FLEX NEGRO 28079 49-19-140 C.3,PRODUCTO_STOCKEABLE,Armazones,Betania,,,,,UNIDAD,origen: ASUNCION=PC - Inventario.xlsx#220@2026-08-03
ASU-108138,AC PAT FLEX AZUL 28154 53-19-140 C.5,PRODUCTO_STOCKEABLE,Armazones,Betania,,,,,UNIDAD,origen: ASUNCION=PC - Inventario.xlsx#264@2026-08-03
ASU-108139,AC PAT FLEX BORDO AY6939 54-18-140 C.2,PRODUCTO_STOCKEABLE,Armazones,Betania,,,,,UNIDAD,origen: ASUNCION=PC - Inventario.xlsx#250@2026-08-03
ASU-108140,AC PAT FLEX MARRON TB20042 53-18-145 C.4,PRODUCTO_STOCKEABLE,Armazones,Betania,,,,,UNIDAD,origen: ASUNCION=PC - Inventario.xlsx#233@2026-08-03
ASU-108141,AC PAT FLEX MARRON TB20039 55-16-145 C.5,PRODUCTO_STOCKEABLE,Armazones,Betania,,,,,UNIDAD,origen: ASUNCION=PC - Inventario.xlsx#235@2026-08-03
ASU-108142,AC PAT FLEX BEIGE TB20037 55-16-145 C.2,PRODUCTO_STOCKEABLE,Armazones,Betania,,,,,UNIDAD,origen: ASUNCION=PC - Inventario.xlsx#234@2026-08-03
ASU-108143,AC PAT FLEX NEGRO TB20037 55-16-145 C.5,PRODUCTO_STOCKEABLE,Armazones,Betania,,,,,UNIDAD,origen: ASUNCION=PC - Inventario.xlsx#225@2026-08-03
ASU-108144,AC PAT FLEX GRIS TA1032 54-17-145 C.1,PRODUCTO_STOCKEABLE,Armazones,Altania,,,,,UNIDAD,origen: ASUNCION=PC - Inventario.xlsx#321@2026-08-03
ASU-108145,AC PAT FLEX TRANSPARENTE TA1032 54-17-145 C.6,PRODUCTO_STOCKEABLE,Armazones,Altania,,,,,UNIDAD,origen: ASUNCION=PC - Inventario.xlsx#325@2026-08-03
ASU-108146,AC PAT FLEX BEIGE GK7382 53-17-135 C.03,PRODUCTO_STOCKEABLE,Armazones,Betania,,,,,UNIDAD,origen: ASUNCION=PC - Inventario.xlsx#240@2026-08-03
ASU-108147,AC PAT FLEX NEGRO AY6939 54-18-140 C.1,PRODUCTO_STOCKEABLE,Armazones,Betania,,,,,UNIDAD,origen: ASUNCION=PC - Inventario.xlsx#271@2026-08-03
ASU-108148,AC PAT FLEX MARRON 1623 52-17-140 C.4,PRODUCTO_STOCKEABLE,Armazones,Betania,,,,,UNIDAD,origen: ASUNCION=PC - Inventario.xlsx#248@2026-08-03
ASU-108149,AC PAT FLEX MARRON TB20041 56-16-145 C.1,PRODUCTO_STOCKEABLE,Armazones,Betania,,,,,UNIDAD,origen: ASUNCION=PC - Inventario.xlsx#343@2026-08-03
ASU-108151,AC PAT FLEX BEIGE 1623 52-17-140 C.5,PRODUCTO_STOCKEABLE,Armazones,Betania,,,,,UNIDAD,origen: ASUNCION=PC - Inventario.xlsx#253@2026-08-03
ASU-108152,AC PAT FLEX AZUL RM77008 54-18-145 C.4,PRODUCTO_STOCKEABLE,Armazones,Betania,,,,,UNIDAD,origen: ASUNCION=PC - Inventario.xlsx#358@2026-08-03
ASU-108153,AC PAT FLEX ROSADO XH22033 55-17-145 C.4,PRODUCTO_STOCKEABLE,Armazones,Betania,,,,,UNIDAD,origen: ASUNCION=PC - Inventario.xlsx#319@2026-08-03
ASU-15118,AC PAT FLEX ALAMEDA 8338/13,PRODUCTO_STOCKEABLE,Armazones,,,,,,UNIDAD,origen: ASUNCION=PC - Inventario.xlsx#3651@2026-08-03
ASU-17310,AC PAT FLEX LILA 3632 C4,PRODUCTO_STOCKEABLE,Armazones,,,,,,UNIDAD,origen: ASUNCION=PC - Inventario.xlsx#3689@2026-08-03
ASU-25416,AH PAT FLEX MARRON 3726 C002,PRODUCTO_STOCKEABLE,Armazones,,,,,,UNIDAD,origen: ASUNCION=PC - Inventario.xlsx#3687@2026-08-03
ASU-25744,AC PAT FLEX PLATA 3726 C1,PRODUCTO_STOCKEABLE,Armazones,Ossira,,,,,UNIDAD,origen: ASUNCION=PC - Inventario.xlsx#3688@2026-08-03
ASU-25753,AC PAT FLEX NEGRO SHIMOGA,PRODUCTO_STOCKEABLE,Armazones,Karina Rabolini,,,,,UNIDAD,origen: ASUNCION=PC - Inventario.xlsx#3655@2026-08-03
ASU-27876,AH PAT FLEX NEGRO VERDE 2BLK,PRODUCTO_STOCKEABLE,Armazones,,,,,,UNIDAD,origen: ASUNCION=PC - Inventario.xlsx#3741@2026-08-03
ASU-29102,AC PAT FIJA NEGRO LILA 9001,PRODUCTO_STOCKEABLE,Armazones,Paulo Carraro,,,,,UNIDAD,origen: ASUNCION=PC - Inventario.xlsx#3825@2026-08-03
ASU-29935,AC PAT FLEX MARRON 18-138,PRODUCTO_STOCKEABLE,Armazones,,,,,,UNIDAD,origen: ASUNCION=PC - Inventario.xlsx#3274@2026-08-03
ASU-36467,AC PAT FIJA NEGRO 6877,PRODUCTO_STOCKEABLE,Lentes de Sol,,,,,,UNIDAD,origen: ASUNCION=PC - Inventario.xlsx#8237@2026-08-03
ASU-38429,AC PAT FLEX CROMO 8229,PRODUCTO_STOCKEABLE,Armazones,,,,,,UNIDAD,origen: ASUNCION=PC - Inventario.xlsx#3618@2026-08-03
ASU-42370,AC PAT FIJA ANIMAL PRINT 1321-2,PRODUCTO_STOCKEABLE,Armazones,,,,,,UNIDAD,origen: ASUNCION=PC - Inventario.xlsx#3879@2026-08-03
ASU-43607,AC PAT FLEX LILA PLATEADO 8460/11,PRODUCTO_STOCKEABLE,Armazones,Union Pacific,,,,,UNIDAD,origen: ASUNCION=PC - Inventario.xlsx#3661@2026-08-03
ASU-48693,AC PAT FLEX ANIMAL PRINT 9437,PRODUCTO_STOCKEABLE,Armazones,,,,,,UNIDAD,origen: ASUNCION=PC - Inventario.xlsx#3265@2026-08-03
ASU-50421,AC PAT FLEX ANIMAL PRINT 5030,PRODUCTO_STOCKEABLE,Armazones,,,,,,UNIDAD,origen: ASUNCION=PC - Inventario.xlsx#3671@2026-08-03
ASU-52030,AC PAT FLEX NEGRO +0.50,PRODUCTO_STOCKEABLE,Armazones,,,,,,UNIDAD,origen: ASUNCION=PC - Inventario.xlsx#3870@2026-08-03
ASU-52368,AH PAT FLEX NEGRO 5717,PRODUCTO_STOCKEABLE,Armazones,,,,,,UNIDAD,origen: ASUNCION=PC - Inventario.xlsx#3736@2026-08-03
ASU-52793,AC PAT FLEX NEGRO 9221,PRODUCTO_STOCKEABLE,Armazones,,,,,,UNIDAD,origen: ASUNCION=PC - Inventario.xlsx#4010@2026-08-03
ASU-53394,AC PAT FLEX NEGRO T526 C3,PRODUCTO_STOCKEABLE,Armazones,,,,,,UNIDAD,origen: ASUNCION=PC - Inventario.xlsx#3433@2026-08-03
ASU-55204,AC PAT FLEX PLATEADO +1.50,PRODUCTO_STOCKEABLE,Armazones,,,,,,UNIDAD,origen: ASUNCION=PC - Inventario.xlsx#3866@2026-08-03
ASU-56285,AC PAT FIJA NEGRO,PRODUCTO_STOCKEABLE,Lentes de Sol,,,,,,UNIDAD,origen: ASUNCION=PC - Inventario.xlsx#8158@2026-08-03
ASU-56425,AC PAT FIJA GRIS 6489 2501,PRODUCTO_STOCKEABLE,Armazones,Rayban,,,,,UNIDAD,origen: ASUNCION=PC - Inventario.xlsx#3853@2026-08-03
ASU-57415,AC PAT FIJA NEGRO B5075 52-16-120,PRODUCTO_STOCKEABLE,Lentes de Sol,Imitacion,,,,,UNIDAD,origen: ASUNCION=PC - Inventario.xlsx#8197@2026-08-03
ASU-57761,AC PAT FIJA NEGRO,PRODUCTO_STOCKEABLE,Lentes de Sol,Imitacion,,,,,UNIDAD,origen: ASUNCION=PC - Inventario.xlsx#8196@2026-08-03
ASU-58690,AC PAT FLEX GRIS K9370 C919,PRODUCTO_STOCKEABLE,Armazones,,,,,,UNIDAD,origen: ASUNCION=PC - Inventario.xlsx#3305@2026-08-03
ASU-59398,AC PAT FLEX PLATEADO T524 C3,PRODUCTO_STOCKEABLE,Armazones,,,,,,UNIDAD,origen: ASUNCION=PC - Inventario.xlsx#3729@2026-08-03
ASU-61250,AC PAT FLEX ROSA C605,PRODUCTO_STOCKEABLE,Armazones,,,,,,UNIDAD,origen: ASUNCION=PC - Inventario.xlsx#3683@2026-08-03
ASU-70391,AC PAT FIJA NEGRO ROJO 197 C6,PRODUCTO_STOCKEABLE,Armazones,,,,,,UNIDAD,origen: ASUNCION=PC - Inventario.xlsx#4051@2026-08-03
ASU-70461,AC PAT FIJA DP PLATEADO K9001 C32,PRODUCTO_STOCKEABLE,Armazones,,,,,,UNIDAD,origen: ASUNCION=PC - Inventario.xlsx#4015@2026-08-03
ASU-70717,AC PAT FIJA LILA,PRODUCTO_STOCKEABLE,Armazones,,,,,,UNIDAD,origen: ASUNCION=PC - Inventario.xlsx#3291@2026-08-03
ASU-707377,AC PAT FIJA BORDO 7377 54-15-145 C-2,PRODUCTO_STOCKEABLE,Armazones,KAZWINI,,,,,UNIDAD,origen: ASUNCION=PC - Inventario.xlsx#700@2026-08-03
ASU-70957,AC PAT FLEX MARRON 9371 C967,PRODUCTO_STOCKEABLE,Armazones,,,,,,UNIDAD,origen: ASUNCION=PC - Inventario.xlsx#3455@2026-08-03
ASU-71503,AC PAT FLEX DP NEGRO 8244-1 C1,PRODUCTO_STOCKEABLE,Armazones,,,,,,UNIDAD,origen: ASUNCION=PC - Inventario.xlsx#3562@2026-08-03
ASU-71664,AC PAT FIJA NEGRO PEI012 C2,PRODUCTO_STOCKEABLE,Armazones,,,,,,UNIDAD,origen: ASUNCION=PC - Inventario.xlsx#4049@2026-08-03
ASU-7184,AC PAT FLEX NEGRO 442,PRODUCTO_STOCKEABLE,Armazones,,,,,,UNIDAD,origen: ASUNCION=PC - Inventario.xlsx#3728@2026-08-03
ASU-73440,AC PAT FIJA NEGRO DP18-025 COL11,PRODUCTO_STOCKEABLE,Lentes de Sol,Discovery,,,,,UNIDAD,origen: ASUNCION=PC - Inventario.xlsx#8210@2026-08-03
ASU-73459,AC PAT FIJA NEGRO DP18-025 C5,PRODUCTO_STOCKEABLE,Lentes de Sol,Discovery,,,,,UNIDAD,origen: ASUNCION=PC - Inventario.xlsx#8213@2026-08-03
ASU-73468,AC PAT FIJA TRANSPARENTE DP18-015 C11,PRODUCTO_STOCKEABLE,Lentes de Sol,,,,,,UNIDAD,origen: ASUNCION=PC - Inventario.xlsx#8234@2026-08-03
ASU-73608,AC PAT FLEX NEGRO ROSA AA035 C8,PRODUCTO_STOCKEABLE,Armazones,,,,,,UNIDAD,origen: ASUNCION=PC - Inventario.xlsx#3461@2026-08-03
ASU-74023,AC PAT FLEX NEGRO K8629 C83,PRODUCTO_STOCKEABLE,Armazones,,,,,,UNIDAD,origen: ASUNCION=PC - Inventario.xlsx#3826@2026-08-03
ASU-74607,AC PAT FIJA NEGRO 5318 C29,PRODUCTO_STOCKEABLE,Lentes de Sol,Alfani,,,,,UNIDAD,origen: ASUNCION=PC - Inventario.xlsx#8224@2026-08-03
ASU-74643,AC PAT FIJA AZUL CLIP 1303 C2,PRODUCTO_STOCKEABLE,Armazones,,,,,,UNIDAD,origen: ASUNCION=PC - Inventario.xlsx#3340@2026-08-03
ASU-74917,AC PAT FIJA NEGRO 9236,PRODUCTO_STOCKEABLE,Lentes de Sol,Parzin,,,,,UNIDAD,origen: ASUNCION=PC - Inventario.xlsx#8215@2026-08-03
ASU-74980,AC PAT FLEX BI645 C2,PRODUCTO_STOCKEABLE,Armazones,,,,,,UNIDAD,origen: ASUNCION=PC - Inventario.xlsx#3396@2026-08-03
ASU-75794,AC PAT FLEX NEGRO BLANCO +3.25,PRODUCTO_STOCKEABLE,Armazones,Proray,,,,,UNIDAD,origen: ASUNCION=PC - Inventario.xlsx#3863@2026-08-03
ASU-75891,AC PAT FLEX AZUL 8243-1 C2,PRODUCTO_STOCKEABLE,Armazones,,,,,,UNIDAD,origen: ASUNCION=PC - Inventario.xlsx#3556@2026-08-03
ASU-76687,AC PAT FLEX MARRON 5637 C22,PRODUCTO_STOCKEABLE,Lentes de Sol,,,,,,UNIDAD,origen: ASUNCION=PC - Inventario.xlsx#8231@2026-08-03
ASU-76775,AC PAT FIJA MARRON 5601 C511,PRODUCTO_STOCKEABLE,Lentes de Sol,,,,,,UNIDAD,origen: ASUNCION=PC - Inventario.xlsx#8232@2026-08-03
ASU-76933,AC PAT FIJA DORADO 5609 C504,PRODUCTO_STOCKEABLE,Lentes de Sol,,,,,,UNIDAD,origen: ASUNCION=PC - Inventario.xlsx#8245@2026-08-03
ASU-76951,AC PAT FLEX GRIS 5021,PRODUCTO_STOCKEABLE,Lentes de Sol,Gallera,,,,,UNIDAD,origen: ASUNCION=PC - Inventario.xlsx#8208@2026-08-03
ASU-77093,AH PAT FLEX ROSA K8691,PRODUCTO_STOCKEABLE,Armazones,,,,,,UNIDAD,origen: ASUNCION=PC - Inventario.xlsx#4027@2026-08-03
ASU-78278,AC PAT FLEX LILA HK AA089,PRODUCTO_STOCKEABLE,Armazones,,,,,,UNIDAD,origen: ASUNCION=PC - Inventario.xlsx#3457@2026-08-03
ASU-78825,AC PAT FLEX AZUL,PRODUCTO_STOCKEABLE,Armazones,Mira Flex,,,,,UNIDAD,origen: ASUNCION=PC - Inventario.xlsx#3492@2026-08-03
ASU-79055,AC PAT FLEX AZUL,PRODUCTO_STOCKEABLE,Armazones,Mira Flex,,,,,UNIDAD,origen: ASUNCION=PC - Inventario.xlsx#3490@2026-08-03
ASU-79189,AC PAT FLEX ROSA,PRODUCTO_STOCKEABLE,Armazones,Mira Flex,,,,,UNIDAD,origen: ASUNCION=PC - Inventario.xlsx#3496@2026-08-03
ASU-79453,AC PAT FIJA NEGRO SWAP 3,PRODUCTO_STOCKEABLE,Armazones,Mormaii,,,,,UNIDAD,origen: ASUNCION=PC - Inventario.xlsx#4059@2026-08-03
ASU-79772,AC PAT FLEX NEGRO VERDE +3.25,PRODUCTO_STOCKEABLE,Armazones,,,,,,UNIDAD,origen: ASUNCION=PC - Inventario.xlsx#3862@2026-08-03
ASU-80343,AC PAT FIJA NEGRO 4518 C3,PRODUCTO_STOCKEABLE,Armazones,,,,,,UNIDAD,origen: ASUNCION=PC - Inventario.xlsx#3437@2026-08-03
ASU-80574,AC PAT FLEX NEGRO H2012 C611,PRODUCTO_STOCKEABLE,Armazones,,,,,,UNIDAD,origen: ASUNCION=PC - Inventario.xlsx#3544@2026-08-03
ASU-80891,AC PAT FIJA NEGRO C/ GRIS K9350 C844,PRODUCTO_STOCKEABLE,Armazones,,,,,,UNIDAD,origen: ASUNCION=PC - Inventario.xlsx#3080@2026-08-03
ASU-80927,AH PAT FIJA NEGRO BI610 C2,PRODUCTO_STOCKEABLE,Armazones,,,,,,UNIDAD,origen: ASUNCION=PC - Inventario.xlsx#4068@2026-08-03
ASU-81069,AC PAT FLEX MARRON 0893,PRODUCTO_STOCKEABLE,Armazones,,,,,,UNIDAD,origen: ASUNCION=PC - Inventario.xlsx#3698@2026-08-03
ASU-81360,AC PAT FLEX NEGRO ANIMAL PRINT,PRODUCTO_STOCKEABLE,Armazones,,,,,,UNIDAD,origen: ASUNCION=PC - Inventario.xlsx#3650@2026-08-03
ASU-81494,AC PAT FLEX PLATEADO 8229-1 C3,PRODUCTO_STOCKEABLE,Armazones,,,,,,UNIDAD,origen: ASUNCION=PC - Inventario.xlsx#3620@2026-08-03
ASU-82545,AC PAT FLEX NEGRO H1992 C602,PRODUCTO_STOCKEABLE,Armazones,,,,,,UNIDAD,origen: ASUNCION=PC - Inventario.xlsx#3519@2026-08-03
ASU-82590,AC PAT FLEX MARRON K9331 C867,PRODUCTO_STOCKEABLE,Armazones,,,,,,UNIDAD,origen: ASUNCION=PC - Inventario.xlsx#3453@2026-08-03
ASU-82767,AC PAT FLEX LILA K9331 C865,PRODUCTO_STOCKEABLE,Armazones,,,,,,UNIDAD,origen: ASUNCION=PC - Inventario.xlsx#3454@2026-08-03
ASU-82907,AH PAT FLEX BLANCO K8918,PRODUCTO_STOCKEABLE,Armazones,,,,,,UNIDAD,origen: ASUNCION=PC - Inventario.xlsx#3828@2026-08-03
ASU-82943,AC PAT FLEX DORADO K8924 C5,PRODUCTO_STOCKEABLE,Armazones,,,,,,UNIDAD,origen: ASUNCION=PC - Inventario.xlsx#4022@2026-08-03
ASU-82970,AC PAT FIJA NEGRO 1785 C1,PRODUCTO_STOCKEABLE,Armazones,,,,,,UNIDAD,origen: ASUNCION=PC - Inventario.xlsx#3417@2026-08-03
ASU-83526,AC PAT FLEX NEGRO BF611 C1,PRODUCTO_STOCKEABLE,Armazones,,,,,,UNIDAD,origen: ASUNCION=PC - Inventario.xlsx#3531@2026-08-03
ASU-83562,AC PAT FLEX NEGRO GRIS 3004,PRODUCTO_STOCKEABLE,Armazones,,,,,,UNIDAD,origen: ASUNCION=PC - Inventario.xlsx#4037@2026-08-03
ASU-83915,AH PAT FLEX PLATEADO 0945 C1,PRODUCTO_STOCKEABLE,Armazones,,,,,,UNIDAD,origen: ASUNCION=PC - Inventario.xlsx#4040@2026-08-03
ASU-84020,AC PAT FIJA NEGRO H2136 C611,PRODUCTO_STOCKEABLE,Armazones,,,,,,UNIDAD,origen: ASUNCION=PC - Inventario.xlsx#3402@2026-08-03
ASU-84279,AC PAT FIJA NEGRO C787,PRODUCTO_STOCKEABLE,Lentes de Sol,Alfani,,,,,UNIDAD,origen: ASUNCION=PC - Inventario.xlsx#8175@2026-08-03
ASU-84622,AC PAT FLEX MARRON FD8343 C2,PRODUCTO_STOCKEABLE,Armazones,,,,,,UNIDAD,origen: ASUNCION=PC - Inventario.xlsx#3848@2026-08-03
ASU-84792,AC PAT FLEX ROJO,PRODUCTO_STOCKEABLE,Armazones,,,,,,UNIDAD,origen: ASUNCION=PC - Inventario.xlsx#3362@2026-08-03
ASU-85144,AC PAT FIJA NEGRO 5070 C3,PRODUCTO_STOCKEABLE,Lentes de Sol,Bugsy,,,,,UNIDAD,origen: ASUNCION=PC - Inventario.xlsx#8172@2026-08-03
ASU-85357,AC PAT FLEX TRANSP LILA H2208 C624,PRODUCTO_STOCKEABLE,Armazones,,,,,,UNIDAD,origen: ASUNCION=PC - Inventario.xlsx#3357@2026-08-03
ASU-85393,AC PAT FIJA NEGRO H2149 C611,PRODUCTO_STOCKEABLE,Armazones,,,,,,UNIDAD,origen: ASUNCION=PC - Inventario.xlsx#3635@2026-08-03
ASU-85940,AC PAT FLEX AZUL BR5635 C3,PRODUCTO_STOCKEABLE,Armazones,,,,,,UNIDAD,origen: ASUNCION=PC - Inventario.xlsx#3393@2026-08-03
ASU-85968,AC PAT FLEX BLANCO TRANP BR5635 C1,PRODUCTO_STOCKEABLE,Armazones,,,,,,UNIDAD,origen: ASUNCION=PC - Inventario.xlsx#3375@2026-08-03
ASU-86073,AC PAT FIJA ANIMAL PRINT CLIP,PRODUCTO_STOCKEABLE,Armazones,,,,,,UNIDAD,origen: ASUNCION=PC - Inventario.xlsx#3296@2026-08-03
ASU-86170,AC PAT FLEX AZUL CELESTE 89013,PRODUCTO_STOCKEABLE,Armazones,,,,,,UNIDAD,origen: ASUNCION=PC - Inventario.xlsx#3586@2026-08-03
ASU-86310,AC PAT FLEX PLATEADO NEGRO H2220 C607,PRODUCTO_STOCKEABLE,Armazones,,,,,,UNIDAD,origen: ASUNCION=PC - Inventario.xlsx#4053@2026-08-03
ASU-86514,AC PAT FIJA BLANCO A2323 C9,PRODUCTO_STOCKEABLE,Armazones,,,,,,UNIDAD,origen: ASUNCION=PC - Inventario.xlsx#3611@2026-08-03
ASU-86903,AC PAT FLEC NEGRO +2,PRODUCTO_STOCKEABLE,Armazones,,,,,,UNIDAD,origen: ASUNCION=PC - Inventario.xlsx#3869@2026-08-03
ASU-86958,AC PAT FLEX PLATEADO +2.25,PRODUCTO_STOCKEABLE,Armazones,,,,,,UNIDAD,origen: ASUNCION=PC - Inventario.xlsx#3861@2026-08-03
ASU-86976,AH PAT FLEX NEGRO BI633 C4,PRODUCTO_STOCKEABLE,Armazones,,,,,,UNIDAD,origen: ASUNCION=PC - Inventario.xlsx#3994@2026-08-03
ASU-87081,AC PAT FLEX MARRON,PRODUCTO_STOCKEABLE,Armazones,,,,,,UNIDAD,origen: ASUNCION=PC - Inventario.xlsx#3256@2026-08-03
ASU-87258,AC PAT FIJA NEGRO,PRODUCTO_STOCKEABLE,Armazones,,,,,,UNIDAD,origen: ASUNCION=PC - Inventario.xlsx#3311@2026-08-03
ASU-87337,AC PAT FLEX ROJO,PRODUCTO_STOCKEABLE,Armazones,,,,,,UNIDAD,origen: ASUNCION=PC - Inventario.xlsx#3257@2026-08-03
ASU-87498,AC PAT FIJA NEGRO NARANJA DP020-019 COL10,PRODUCTO_STOCKEABLE,Lentes de Sol,Discovery,,,,,UNIDAD,origen: ASUNCION=PC - Inventario.xlsx#8184@2026-08-03
ASU-87540,AC PAT FLEX AZUL MED05-08,PRODUCTO_STOCKEABLE,Armazones,,,,,,UNIDAD,origen: ASUNCION=PC - Inventario.xlsx#3583@2026-08-03
ASU-87586,AC PAT FLEX NEGRO RS8012 C1,PRODUCTO_STOCKEABLE,Armazones,,,,,,UNIDAD,origen: ASUNCION=PC - Inventario.xlsx#3423@2026-08-03
ASU-87717,AH PAT FIJA MARRON 2387,PRODUCTO_STOCKEABLE,Armazones,,,,,,UNIDAD,origen: ASUNCION=PC - Inventario.xlsx#4039@2026-08-03
ASU-87771,AC PAT FLEX NEGRO,PRODUCTO_STOCKEABLE,Armazones,,,,,,UNIDAD,origen: ASUNCION=PC - Inventario.xlsx#3308@2026-08-03
ASU-87841,AC PAT FLEX MARRON 506-003,PRODUCTO_STOCKEABLE,Armazones,Redbull,,,,,UNIDAD,origen: ASUNCION=PC - Inventario.xlsx#3555@2026-08-03
ASU-88026,AH PAT FLEX GRIS BO0915 C1,PRODUCTO_STOCKEABLE,Armazones,Bacchio,,,,,UNIDAD,origen: ASUNCION=PC - Inventario.xlsx#3834@2026-08-03
ASU-88257,AC PAT FIJA NEGRO B5071 59-14-115 C200,PRODUCTO_STOCKEABLE,Lentes de Sol,Alfani,,,,,UNIDAD,origen: ASUNCION=PC - Inventario.xlsx#8190@2026-08-03
ASU-88266,AH PAT FLEX AZUL BI640 C3,PRODUCTO_STOCKEABLE,Armazones,,,,,,UNIDAD,origen: ASUNCION=PC - Inventario.xlsx#4063@2026-08-03
ASU-88275,AC PAT FIJA NEGRO B5471 62-16 COL201,PRODUCTO_STOCKEABLE,Lentes de Sol,Alfani,,,,,UNIDAD,origen: ASUNCION=PC - Inventario.xlsx#8199@2026-08-03
ASU-88327,AC PAT FLEX DP PLATEADO DMP013-012 COL35,PRODUCTO_STOCKEABLE,Lentes de Sol,Discovery,,,,,UNIDAD,origen: ASUNCION=PC - Inventario.xlsx#8179@2026-08-03
ASU-88390,AC PAT FLEX GRIS BZ302 C1,PRODUCTO_STOCKEABLE,Armazones,,,,,,UNIDAD,origen: ASUNCION=PC - Inventario.xlsx#3541@2026-08-03
ASU-88415,AC PAT FIJA NEGRO DP18-002 C12,PRODUCTO_STOCKEABLE,Lentes de Sol,Discovery,,,,,UNIDAD,origen: ASUNCION=PC - Inventario.xlsx#8247@2026-08-03
ASU-88637,AC PAT FIJA AZUL 9048 C3,PRODUCTO_STOCKEABLE,Armazones,,,,,,UNIDAD,origen: ASUNCION=PC - Inventario.xlsx#3608@2026-08-03
ASU-88655,AC PAT FIJA ROJO 9048 C1,PRODUCTO_STOCKEABLE,Armazones,,,,,,UNIDAD,origen: ASUNCION=PC - Inventario.xlsx#3609@2026-08-03
ASU-88691,AC PAT FLEX AZUL 8243-2 C2,PRODUCTO_STOCKEABLE,Armazones,,,,,,UNIDAD,origen: ASUNCION=PC - Inventario.xlsx#3566@2026-08-03
ASU-88822,AC PAT FIJA AZUL RGB013 C1,PRODUCTO_STOCKEABLE,Armazones,,,,,,UNIDAD,origen: ASUNCION=PC - Inventario.xlsx#3391@2026-08-03
ASU-88868,AC PAT FIJA ROJO BTR4519 C1,PRODUCTO_STOCKEABLE,Armazones,Bugsy,,,,,UNIDAD,origen: ASUNCION=PC - Inventario.xlsx#3438@2026-08-03
ASU-89131,AC PAT FLEX ROJO 92303 C4,PRODUCTO_STOCKEABLE,Armazones,,,,,,UNIDAD,origen: ASUNCION=PC - Inventario.xlsx#3294@2026-08-03
ASU-89159,AC PAT FLEX ROSA 95559 C5,PRODUCTO_STOCKEABLE,Armazones,,,,,,UNIDAD,origen: ASUNCION=PC - Inventario.xlsx#3851@2026-08-03
ASU-89201,AC PAT FLEX ROSA HK AA123,PRODUCTO_STOCKEABLE,Armazones,,,,,,UNIDAD,origen: ASUNCION=PC - Inventario.xlsx#3514@2026-08-03
ASU-89371,AC PAT FLEX NEGRO 6018,PRODUCTO_STOCKEABLE,Armazones,,,,,,UNIDAD,origen: ASUNCION=PC - Inventario.xlsx#3285@2026-08-03
ASU-89441,AC PAT FLEX ROJO BR5642,PRODUCTO_STOCKEABLE,Armazones,,,,,,UNIDAD,origen: ASUNCION=PC - Inventario.xlsx#3359@2026-08-03
ASU-89548,AC PAT FLEX ROJO,PRODUCTO_STOCKEABLE,Armazones,Betania,,,,,UNIDAD,origen: ASUNCION=PC - Inventario.xlsx#3273@2026-08-03
ASU-89575,AC PAT FLEX ROSA BR5642,PRODUCTO_STOCKEABLE,Armazones,,,,,,UNIDAD,origen: ASUNCION=PC - Inventario.xlsx#3364@2026-08-03
ASU-89681,AC PAT FLEX LILA K9434 C524,PRODUCTO_STOCKEABLE,Armazones,,,,,,UNIDAD,origen: ASUNCION=PC - Inventario.xlsx#3370@2026-08-03
ASU-89715,AC PAT FLEX LILA HE AA082 C8,PRODUCTO_STOCKEABLE,Armazones,,,,,,UNIDAD,origen: ASUNCION=PC - Inventario.xlsx#3512@2026-08-03
ASU-89803,AC PAT FLEX NEGRO LILA HK AA062 C68,PRODUCTO_STOCKEABLE,Armazones,,,,,,UNIDAD,origen: ASUNCION=PC - Inventario.xlsx#3328@2026-08-03
ASU-89849,AC PAT FLEX NEGRO ROJO BI634,PRODUCTO_STOCKEABLE,Armazones,,,,,,UNIDAD,origen: ASUNCION=PC - Inventario.xlsx#4067@2026-08-03
ASU-89900,AC PAT FLEX ROSA TRANSP HK AA122 C10,PRODUCTO_STOCKEABLE,Armazones,,,,,,UNIDAD,origen: ASUNCION=PC - Inventario.xlsx#3332@2026-08-03
ASU-89928,AC PAT FLEX TRANSP K9727 C513,PRODUCTO_STOCKEABLE,Armazones,,,,,,UNIDAD,origen: ASUNCION=PC - Inventario.xlsx#3365@2026-08-03
ASU-90030,AC PAT FLEX NEGRO BA2020 B1,PRODUCTO_STOCKEABLE,Armazones,,,,,,UNIDAD,origen: ASUNCION=PC - Inventario.xlsx#4069@2026-08-03
ASU-90128,AC PAT FLEX ROJO BA2007 CTE6,PRODUCTO_STOCKEABLE,Armazones,,,,,,UNIDAD,origen: ASUNCION=PC - Inventario.xlsx#3838@2026-08-03
ASU-90331,AC PAT FLEX ROJO BA2010 B6,PRODUCTO_STOCKEABLE,Armazones,,,,,,UNIDAD,origen: ASUNCION=PC - Inventario.xlsx#3847@2026-08-03
ASU-90401,AC PAT FLEX MARRON BI644 C3,PRODUCTO_STOCKEABLE,Armazones,,,,,,UNIDAD,origen: ASUNCION=PC - Inventario.xlsx#3397@2026-08-03
ASU-90456,AC PAT FLEX NEGRO BA2011 F12F1,PRODUCTO_STOCKEABLE,Armazones,,,,,,UNIDAD,origen: ASUNCION=PC - Inventario.xlsx#3524@2026-08-03
ASU-90465,AC PAT FLEX NEGRO BA2005 CT1,PRODUCTO_STOCKEABLE,Armazones,,,,,,UNIDAD,origen: ASUNCION=PC - Inventario.xlsx#3399@2026-08-03
ASU-90474,AC PAT FLEX AZUL BA2008 C3,PRODUCTO_STOCKEABLE,Armazones,,,,,,UNIDAD,origen: ASUNCION=PC - Inventario.xlsx#3644@2026-08-03
ASU-90669,AC PAT FLEX NEGRO,PRODUCTO_STOCKEABLE,Armazones,,,,,,UNIDAD,origen: ASUNCION=PC - Inventario.xlsx#3498@2026-08-03
ASU-90702,AC PAT FLEX GRIS H5185 54-16-140 C677,PRODUCTO_STOCKEABLE,Armazones,,,,,,UNIDAD,origen: ASUNCION=PC - Inventario.xlsx#3798@2026-08-03
ASU-90836,AC PAT FLEX AZUL,PRODUCTO_STOCKEABLE,Armazones,,,,,,UNIDAD,origen: ASUNCION=PC - Inventario.xlsx#3502@2026-08-03
ASU-90845,AC PAT FLEX AZUL 20050,PRODUCTO_STOCKEABLE,Armazones,,,,,,UNIDAD,origen: ASUNCION=PC - Inventario.xlsx#3335@2026-08-03
ASU-90863,AC PAT FLEX AZUL,PRODUCTO_STOCKEABLE,Armazones,Mira Flex,,,,,UNIDAD,origen: ASUNCION=PC - Inventario.xlsx#3483@2026-08-03
ASU-91048,AC PAT FLEX NEGRO TL3523 C1,PRODUCTO_STOCKEABLE,Armazones,,,,,,UNIDAD,origen: ASUNCION=PC - Inventario.xlsx#3630@2026-08-03
ASU-91057,AC PAT FLEX NEGRO ROJO H5178,PRODUCTO_STOCKEABLE,Armazones,,,,,,UNIDAD,origen: ASUNCION=PC - Inventario.xlsx#3885@2026-08-03
ASU-91084,AC PAT FLEX NEGRO +1,PRODUCTO_STOCKEABLE,Armazones,,,,,,UNIDAD,origen: ASUNCION=PC - Inventario.xlsx#3873@2026-08-03
ASU-91136,AC PAT FLEX NEGRO H9405 55-18-142 C21,PRODUCTO_STOCKEABLE,Armazones,Steffani,,,,,UNIDAD,origen: ASUNCION=PC - Inventario.xlsx#3785@2026-08-03
ASU-91181,AC PAT FLEX ROSA,PRODUCTO_STOCKEABLE,Armazones,Mira Flex,,,,,UNIDAD,origen: ASUNCION=PC - Inventario.xlsx#3484@2026-08-03
PIL-100051,AC PAT FLEX ROSA 6655 47-15-130 C12,PRODUCTO_STOCKEABLE,Armazones,Betania,,,,,UNIDAD,origen: PILAR=P2 - Inventario.xlsx#608@2026-08-10
PIL-100052,AC PAT FLEX NEGRO 6655 47-15-130 C2,PRODUCTO_STOCKEABLE,Armazones,Betania,,,,,UNIDAD,origen: PILAR=P2 - Inventario.xlsx#609@2026-08-10
PIL-100108,AC PAT FLEX AZUL BA2027 56-18-140 B1F1,PRODUCTO_STOCKEABLE,Armazones,Bacchio,,,,,UNIDAD,origen: PILAR=P2 - Inventario.xlsx#613@2026-08-10
PIL-100114,AC PAT FIJA CELESTE RGB005 C3 51-17-140,PRODUCTO_STOCKEABLE,Armazones,Graffiti,,,,,UNIDAD,origen: PILAR=P2 - Inventario.xlsx#601@2026-08-10
PIL-100132,AC PAT GOMA 7503 c2 45-16-136,PRODUCTO_STOCKEABLE,Armazones,Emeflex,,,,,UNIDAD,origen: PILAR=P2 - Inventario.xlsx#688@2026-08-10
PIL-100138,AC PAT FLEX AZUL 6655 47-15-130 C3,PRODUCTO_STOCKEABLE,Armazones,Betania,,,,,UNIDAD,origen: PILAR=P2 - Inventario.xlsx#610@2026-08-10
PIL-100178,AC PAT FLEX AZUL 51-18-140 C3 BA2008,PRODUCTO_STOCKEABLE,Armazones,Bacchio,,,,,UNIDAD,origen: PILAR=P2 - Inventario.xlsx#602@2026-08-10
PIL-100241,AC PAT FLEX NEGRO BA2008 51-18-140 B1,PRODUCTO_STOCKEABLE,Armazones,Bacchio,,,,,UNIDAD,origen: PILAR=P2 - Inventario.xlsx#614@2026-08-10
PIL-100271,AC PAT FLEX NEGRO AZUL +3.75,PRODUCTO_STOCKEABLE,Armazones,Proray,,,,,UNIDAD,origen: PILAR=P2 - Inventario.xlsx#689@2026-08-10
PIL-100283,AC PAT FLEX GRIS 6649 48-15-130 C3,PRODUCTO_STOCKEABLE,Armazones,Betania,,,,,UNIDAD,origen: PILAR=P2 - Inventario.xlsx#607@2026-08-10
PIL-100285,AC PAT FLEX ROSA 6649 48-15-130 C12,PRODUCTO_STOCKEABLE,Armazones,Betania,,,,,UNIDAD,origen: PILAR=P2 - Inventario.xlsx#623@2026-08-10
PIL-100310,AC PAT FLEX BLANCO H2357 56 18-145,PRODUCTO_STOCKEABLE,Armazones,Unicity,,,,,UNIDAD,origen: PILAR=P2 - Inventario.xlsx#611@2026-08-10
PIL-100312,AC PAT FLEX NEGRO 3031 JKL 57 17-138,PRODUCTO_STOCKEABLE,Armazones,Tio Smith,,,,,UNIDAD,origen: PILAR=P2 - Inventario.xlsx#604@2026-08-10
PIL-100318,AC PAT FLEX NEGRO 4121 C2 52 16-140,PRODUCTO_STOCKEABLE,Armazones,Bugsy,,,,,UNIDAD,origen: PILAR=P2 - Inventario.xlsx#612@2026-08-10
PIL-100508,AC PAT FIJA ROJO BSC1903 51-18-140 CF6,PRODUCTO_STOCKEABLE,Armazones,Bossi,,,,,UNIDAD,origen: PILAR=P2 - Inventario.xlsx#638@2026-08-10
PIL-100535,AC PAT FIJA ANIMAL PRINT BOC2007 50-23-143 CBM1,PRODUCTO_STOCKEABLE,Armazones,Bosani,,,,,UNIDAD,origen: PILAR=P2 - Inventario.xlsx#636@2026-08-10
PIL-100536,AC PAT FIJA MARRON BSC1902 56-15-140 CT2,PRODUCTO_STOCKEABLE,Armazones,Bossi,,,,,UNIDAD,origen: PILAR=P2 - Inventario.xlsx#637@2026-08-10
PIL-100573,AC PAT FIJA CREMA BOC1916 54-19-140 CC0,PRODUCTO_STOCKEABLE,Armazones,Bosani,,,,,UNIDAD,origen: PILAR=P2 - Inventario.xlsx#639@2026-08-10
PIL-100601,AC PAT FIJA NEGRO G7038 C1 55-18-145,PRODUCTO_STOCKEABLE,Armazones,Graffiti,,,,,UNIDAD,origen: PILAR=P2 - Inventario.xlsx#640@2026-08-10
PIL-100656,AC PAT FLEX TRANSPARENTE,PRODUCTO_STOCKEABLE,Armazones,Opolly,,,,,UNIDAD,origen: PILAR=P2 - Inventario.xlsx#645@2026-08-10
PIL-100665,AC PAT FLEX AZUL,PRODUCTO_STOCKEABLE,Armazones,Opolly,,,,,UNIDAD,origen: PILAR=P2 - Inventario.xlsx#646@2026-08-10
PIL-100679,AC PAT FLEX TRANSPARENTE,PRODUCTO_STOCKEABLE,Armazones,Opolly,,,,,UNIDAD,origen: PILAR=P2 - Inventario.xlsx#643@2026-08-10
PIL-100694,AC PAT FIJA NEGRO B5143 51-17-120,PRODUCTO_STOCKEABLE,Armazones,Gallera,,,,,UNIDAD,origen: PILAR=P2 - Inventario.xlsx#641@2026-08-10
PIL-100704,AC PAT FLEX ROSA,PRODUCTO_STOCKEABLE,Armazones,Opolly,,,,,UNIDAD,origen: PILAR=P2 - Inventario.xlsx#644@2026-08-10
PIL-100708,AC PAT FLEX AZUL,PRODUCTO_STOCKEABLE,Armazones,Opolly,,,,,UNIDAD,origen: PILAR=P2 - Inventario.xlsx#642@2026-08-10
PIL-100713,AC PAT FLEX AZUL G8243 C2 52-19-140,PRODUCTO_STOCKEABLE,Armazones,Graffiti,,,,,UNIDAD,origen: PILAR=P2 - Inventario.xlsx#647@2026-08-10
PIL-100724,AC PAT FLEX NEGRO K9371 48-17-135 COL-706,PRODUCTO_STOCKEABLE,Armazones,Steffani,,,,,UNIDAD,origen: PILAR=P2 - Inventario.xlsx#648@2026-08-10
PIL-100729,AH PAT FIJA PLATEADO BT-2138 59-18-135,PRODUCTO_STOCKEABLE,Armazones,Bacchio,,,,,UNIDAD,origen: PILAR=P2 - Inventario.xlsx#653@2026-08-10
PIL-100735,AC PAT FLEX VERDE K9153 55-17-138 C34,PRODUCTO_STOCKEABLE,Armazones,Steffani,,,,,UNIDAD,origen: PILAR=P2 - Inventario.xlsx#652@2026-08-10
PIL-100740,AH PAT FLEX NEGRO K8479 48-17-135 C29,PRODUCTO_STOCKEABLE,Armazones,Steffani,,,,,UNIDAD,origen: PILAR=P2 - Inventario.xlsx#654@2026-08-10
PIL-100742,AC PAT FLEX NEGRO ROJO K9243 57-17-140 C208,PRODUCTO_STOCKEABLE,Armazones,Steffani,,,,,UNIDAD,origen: PILAR=P2 - Inventario.xlsx#649@2026-08-10
PIL-100743,AC PAT FIJA GRIS K9353 51-19-142 C900,PRODUCTO_STOCKEABLE,Armazones,Steffani,,,,,UNIDAD,origen: PILAR=P2 - Inventario.xlsx#650@2026-08-10
PIL-100790,AC PAT FIJA ROJO AZUL BI2007 50-14-135 C05,PRODUCTO_STOCKEABLE,Armazones,Bacchio,,,,,UNIDAD,origen: PILAR=P2 - Inventario.xlsx#663@2026-08-10
PIL-100796,AC PAT FLEX ROSA K9722 53-16-140 C514,PRODUCTO_STOCKEABLE,Armazones,Steffani,,,,,UNIDAD,origen: PILAR=P2 - Inventario.xlsx#651@2026-08-10
PIL-100797,AC PAT FLEX NEGRO 8234 C1 51-22-140,PRODUCTO_STOCKEABLE,Armazones,Natt,,,,,UNIDAD,origen: PILAR=P2 - Inventario.xlsx#656@2026-08-10
PIL-100848,AC PAT FIJA NEGRO K9510 52-17-143 C206,PRODUCTO_STOCKEABLE,Armazones,Steffani,,,,,UNIDAD,origen: PILAR=P2 - Inventario.xlsx#655@2026-08-10
PIL-100856,AC PAT FIJA NEGRO 4119 C3 53-15-135,PRODUCTO_STOCKEABLE,Armazones,Bugsy,,,,,UNIDAD,origen: PILAR=P2 - Inventario.xlsx#660@2026-08-10
PIL-100859,AC PAT FIJA NEGRO BC003 51-18-140 C3,PRODUCTO_STOCKEABLE,Armazones,Bacchio,,,,,UNIDAD,origen: PILAR=P2 - Inventario.xlsx#664@2026-08-10
PIL-100862,AC PAT FLEX MARRON 8225-2 C3 51-19-140,PRODUCTO_STOCKEABLE,Armazones,Natt,,,,,UNIDAD,origen: PILAR=P2 - Inventario.xlsx#659@2026-08-10
PIL-100872,AC PAT FLEX GRIS 8243-2 C3 52-19-140,PRODUCTO_STOCKEABLE,Armazones,Natt,,,,,UNIDAD,origen: PILAR=P2 - Inventario.xlsx#658@2026-08-10
PIL-100877,AC PAT FIJA NEGRO ROJO 18136 C2,PRODUCTO_STOCKEABLE,Armazones,City,,,,,UNIDAD,origen: PILAR=P2 - Inventario.xlsx#661@2026-08-10
PIL-100878,AC PAT FIJA ROSA 18116 C11,PRODUCTO_STOCKEABLE,Armazones,City,,,,,UNIDAD,origen: PILAR=P2 - Inventario.xlsx#662@2026-08-10
PIL-100892,AC PAT FLEX LILA K9340 49-16-135 C896,PRODUCTO_STOCKEABLE,Armazones,Steffani,,,,,UNIDAD,origen: PILAR=P2 - Inventario.xlsx#666@2026-08-10
PIL-100901,AC PAT FLEX ROJO K9339 49-16-135 C890,PRODUCTO_STOCKEABLE,Armazones,Steffani,,,,,UNIDAD,origen: PILAR=P2 - Inventario.xlsx#665@2026-08-10
PIL-100921,AC PAT FLEX ROJO H2031 53-17-140 C603,PRODUCTO_STOCKEABLE,Armazones,Unicity,,,,,UNIDAD,origen: PILAR=P2 - Inventario.xlsx#671@2026-08-10
PIL-100932,AC PAT FLEX NEGRO H2026 47-16-135 C611,PRODUCTO_STOCKEABLE,Armazones,Unicity,,,,,UNIDAD,origen: PILAR=P2 - Inventario.xlsx#667@2026-08-10
PIL-100935,AC PAT FLEX NEGRO H2026 47-16-135 C604,PRODUCTO_STOCKEABLE,Armazones,Unicity,,,,,UNIDAD,origen: PILAR=P2 - Inventario.xlsx#668@2026-08-10
PIL-100999,AC PAT FIJA ROSA H2147 50-19-142 C604,PRODUCTO_STOCKEABLE,Armazones,Unicity,,,,,UNIDAD,origen: PILAR=P2 - Inventario.xlsx#672@2026-08-10
PIL-101001,AC PAT FLEX NEGRO NARANJA A1249 49-16-130 C201,PRODUCTO_STOCKEABLE,Armazones,Steffani,,,,,UNIDAD,origen: PILAR=P2 - Inventario.xlsx#669@2026-08-10
PIL-101011,AC PAT FIJA DORADO BOC1911 54-19-145 C0T1S,PRODUCTO_STOCKEABLE,Armazones,Bosani,,,,,UNIDAD,origen: PILAR=P2 - Inventario.xlsx#629@2026-08-10
PIL-101022,AC PAT FLEX LILA H5192 53-17-140 C927,PRODUCTO_STOCKEABLE,Armazones,Unicity,,,,,UNIDAD,origen: PILAR=P2 - Inventario.xlsx#670@2026-08-10
PIL-101050,AC PAT FIJA LILA BA2002 48-22-140 K7BE6,PRODUCTO_STOCKEABLE,Armazones,Bacchio,,,,,UNIDAD,origen: PILAR=P2 - Inventario.xlsx#673@2026-08-10
PIL-101052,AC PAT FLEX NEGRO H2419 59-19-150 C611,PRODUCTO_STOCKEABLE,Armazones,Unicity,,,,,UNIDAD,origen: PILAR=P2 - Inventario.xlsx#674@2026-08-10
PIL-101111,AC PAT FLEX ROSA BA2201 55-14-140 BC2,PRODUCTO_STOCKEABLE,Armazones,Bacchio,,,,,UNIDAD,origen: PILAR=P2 - Inventario.xlsx#687@2026-08-10
PIL-101113,AC PAT FLEX LILA NEW BABY 42-16-130 8,PRODUCTO_STOCKEABLE,Armazones,Mira Flex,,,,,UNIDAD,origen: PILAR=P2 - Inventario.xlsx#677@2026-08-10
PIL-101127,AC PAT FIJA TRANSP 8001 C.M.CRISTAL/BLK 54-17-145,PRODUCTO_STOCKEABLE,Armazones,Mira Flex,,,,,UNIDAD,origen: PILAR=P2 - Inventario.xlsx#679@2026-08-10
PIL-101142,AC PAT FLEX AZUL NICKI 53 53-19-142,PRODUCTO_STOCKEABLE,Armazones,Mira Flex,,,,,UNIDAD,origen: PILAR=P2 - Inventario.xlsx#676@2026-08-10
PIL-101151,AC PAT FLEX AZUL NEW BABY 42-16-130 8,PRODUCTO_STOCKEABLE,Armazones,Mira Flex,,,,,UNIDAD,origen: PILAR=P2 - Inventario.xlsx#678@2026-08-10
PIL-101179,AC PAT FIJA BLANCO BOC1921 56-15-140 CHT14,PRODUCTO_STOCKEABLE,Armazones,Bosani,,,,,UNIDAD,origen: PILAR=P2 - Inventario.xlsx#628@2026-08-10
PIL-101199,AC PAT FIJA ROJO DP020-003 COL. 7,PRODUCTO_STOCKEABLE,Armazones,Discovery,,,,,UNIDAD,origen: PILAR=P2 - Inventario.xlsx#631@2026-08-10
PIL-101229,AC PAT FIJA CREMA BOC2005 55-17-147 CBC2,PRODUCTO_STOCKEABLE,Armazones,Bosani,,,,,UNIDAD,origen: PILAR=P2 - Inventario.xlsx#630@2026-08-10
PIL-101239,AC PAT FLEX GRIS BA2211 53-20-142 FE3,PRODUCTO_STOCKEABLE,Armazones,Bacchio,,,,,UNIDAD,origen: PILAR=P2 - Inventario.xlsx#686@2026-08-10
PIL-101247,AC PAT FIJA NEGRO DSP104. COL.1,PRODUCTO_STOCKEABLE,Armazones,Discovery,,,,,UNIDAD,origen: PILAR=P2 - Inventario.xlsx#632@2026-08-10
PIL-101271,AC PAT FIJA PLATEADO DP020-007 COL. 19,PRODUCTO_STOCKEABLE,Armazones,Discovery,,,,,UNIDAD,origen: PILAR=P2 - Inventario.xlsx#633@2026-08-10
PIL-101279,AC PAT FLEX PLATEADO G8241 C1 57-17-140,PRODUCTO_STOCKEABLE,Armazones,Graffiti,,,,,UNIDAD,origen: PILAR=P2 - Inventario.xlsx#685@2026-08-10
PIL-101348,AC PAT FLEX AZUL NY AA054 C06 51-18-140.,PRODUCTO_STOCKEABLE,Armazones,New York Yankees,,,,,UNIDAD,origen: PILAR=P2 - Inventario.xlsx#684@2026-08-10
PIL-101360,AC PAT FLEX AZUL C/ ROJO H2659 49-20-145 COL-609,PRODUCTO_STOCKEABLE,Armazones,Unicity,,,,,UNIDAD,origen: PILAR=P2 - Inventario.xlsx#681@2026-08-10
PIL-101378,"AC PAT FIJA ANIMAL PRINT BYS-5912 COL,11 67-16-120",PRODUCTO_STOCKEABLE,Lentes de Sol,Bacchio,,,,,UNIDAD,origen: PILAR=P2 - Inventario.xlsx#1019@2026-08-10
PIL-101392,AC PAT FIJA NEGRO DTC-4807,PRODUCTO_STOCKEABLE,Lentes de Sol,Discovery,,,,,UNIDAD,origen: PILAR=P2 - Inventario.xlsx#1017@2026-08-10
PIL-101405,AC PAT FIJA NEGRO H2145 52-20-144 COL-616,PRODUCTO_STOCKEABLE,Armazones,Unicity,,,,,UNIDAD,origen: PILAR=P2 - Inventario.xlsx#683@2026-08-10
PIL-101406,AC PAT FIJA GRIS BJA-1006,PRODUCTO_STOCKEABLE,Lentes de Sol,Bacchio,,,,,UNIDAD,origen: PILAR=P2 - Inventario.xlsx#1018@2026-08-10
PIL-101423,AC PAT FLEX ROJO C/ NEGRO ST-1420 COL.1 58-17-140,PRODUCTO_STOCKEABLE,Armazones,Scorpio,,,,,UNIDAD,origen: PILAR=P2 - Inventario.xlsx#680@2026-08-10
PIL-101431,AC PAT FLEX DRORADO TRANSPARENTE V1106 54-18-145 COL-519,PRODUCTO_STOCKEABLE,Armazones,Vicrola,,,,,UNIDAD,origen: PILAR=P2 - Inventario.xlsx#682@2026-08-10
PIL-101448,AC PAT FLEX AZUL C/ LILA RDE036 C2 54-17-140,PRODUCTO_STOCKEABLE,Armazones,Cambridge,,,,,UNIDAD,origen: PILAR=P2 - Inventario.xlsx#690@2026-08-10
PIL-101449,AC PAT FIJA NEGRO DHP7006 COL.1,PRODUCTO_STOCKEABLE,Lentes de Sol,Discovery,,,,,UNIDAD,origen: PILAR=P2 - Inventario.xlsx#1015@2026-08-10
PIL-101490,AC PAT FIJA NEGRO DP014-010 COL.32,PRODUCTO_STOCKEABLE,Lentes de Sol,Discovery,,,,,UNIDAD,origen: PILAR=P2 - Inventario.xlsx#1016@2026-08-10
PIL-101503,AC PAT FIJA MARRON DEGRADE BYS-5911 COL.11 66-0-115,PRODUCTO_STOCKEABLE,Lentes de Sol,Bacchio,,,,,UNIDAD,origen: PILAR=P2 - Inventario.xlsx#1020@2026-08-10
PIL-101526,AC PAT FLEX AMARILLO MI AA023 C92 48-17-130,PRODUCTO_STOCKEABLE,Armazones,Minions,,,,,UNIDAD,origen: PILAR=P2 - Inventario.xlsx#791@2026-08-10
PIL-101531,AC PAT FLEX NARANJA MI AA019 C07 48-14-130,PRODUCTO_STOCKEABLE,Armazones,Minions,,,,,UNIDAD,origen: PILAR=P2 - Inventario.xlsx#790@2026-08-10
PIL-101539,AC  PAT FIJA GRIS C/ NEGRO RGA162 C3 55-16-140,PRODUCTO_STOCKEABLE,Armazones,Graffiti,,,,,UNIDAD,origen: PILAR=P2 - Inventario.xlsx#795@2026-08-10
PIL-101542,AC PAT FIJA NEGRO C/ GRIS DHP7006 COL.1,PRODUCTO_STOCKEABLE,Armazones,Discovery,,,,,UNIDAD,origen: PILAR=P2 - Inventario.xlsx#699@2026-08-10
PIL-101562,AC PAT FLEX ROJO V1164 53-19-145 COL-20,PRODUCTO_STOCKEABLE,Armazones,Vicrola,,,,,UNIDAD,origen: PILAR=P2 - Inventario.xlsx#693@2026-08-10
PIL-101599,AC PAT FLEX NEGRO BLANCO G5191 55-17-145,PRODUCTO_STOCKEABLE,Armazones,Altania,,,,,UNIDAD,origen: PILAR=P2 - Inventario.xlsx#675@2026-08-10
PIL-101650,AC PAT FLEX CELESTE HE008 C06 48-16-130,PRODUCTO_STOCKEABLE,Armazones,Hello Kitty,,,,,UNIDAD,origen: PILAR=P2 - Inventario.xlsx#793@2026-08-10
PIL-101652,AC PAT FLEX ANIMAL PRINT V1179 50-17-140 C412,PRODUCTO_STOCKEABLE,Armazones,Vicrola,,,,,UNIDAD,origen: PILAR=P2 - Inventario.xlsx#692@2026-08-10
PIL-101677,AC PAT FLEX BORDO MI AA024 C14 49-16-130,PRODUCTO_STOCKEABLE,Armazones,Minions,,,,,UNIDAD,origen: PILAR=P2 - Inventario.xlsx#789@2026-08-10
PIL-101683,AC PAT FLEX ROSA TRANSPARENTE K9393 55-18-140 COL.524,PRODUCTO_STOCKEABLE,Armazones,Steffani,,,,,UNIDAD,origen: PILAR=P2 - Inventario.xlsx#801@2026-08-10
PIL-101702,AC PAT FIJA MARRO PEI013 52-17-141 C2,PRODUCTO_STOCKEABLE,Armazones,Bacchio,,,,,UNIDAD,origen: PILAR=P2 - Inventario.xlsx#695@2026-08-10
PIL-101705,AC PAT FIJA NEGRO BYS-5811 57-16-120 COL.11,PRODUCTO_STOCKEABLE,Armazones,Bacchio,,,,,UNIDAD,origen: PILAR=P2 - Inventario.xlsx#697@2026-08-10
PIL-101708,AC PAT FLEX BLANCO H2357 56-18-145 C612,PRODUCTO_STOCKEABLE,Armazones,Unicity,,,,,UNIDAD,origen: PILAR=P2 - Inventario.xlsx#691@2026-08-10
PIL-101732,AC PAT FLEX AZUL HK GG026 C67 48-16-127,PRODUCTO_STOCKEABLE,Armazones,Hello Kitty,,,,,UNIDAD,origen: PILAR=P2 - Inventario.xlsx#792@2026-08-10
PIL-101742,AC PAT FLEX NEGRO BD1913 53-15-135 COL.B1,PRODUCTO_STOCKEABLE,Armazones,Unicity,,,,,UNIDAD,origen: PILAR=P2 - Inventario.xlsx#694@2026-08-10
PIL-101760,AC PAT FIJA NEGRO BYS-5821 57-16-130 COL.2,PRODUCTO_STOCKEABLE,Armazones,Bacchio,,,,,UNIDAD,origen: PILAR=P2 - Inventario.xlsx#696@2026-08-10
PIL-101780,AC PAT FLEX CELESTE NY AA127 C62 59-19-140,PRODUCTO_STOCKEABLE,Armazones,New York Yankees,,,,,UNIDAD,origen: PILAR=P2 - Inventario.xlsx#794@2026-08-10
PIL-101781,AC PAT FIJA BLANCO DP014-017 COL.20,PRODUCTO_STOCKEABLE,Armazones,Discovery,,,,,UNIDAD,origen: PILAR=P2 - Inventario.xlsx#698@2026-08-10
PIL-101787,AC PAT FIJA LA AM037 C66 52-16-140,PRODUCTO_STOCKEABLE,Armazones,Lapo,,,,,UNIDAD,origen: PILAR=P2 - Inventario.xlsx#788@2026-08-10
PIL-101800,AC PAT FIJA NEGRO BO945,PRODUCTO_STOCKEABLE,Armazones,Discovery,,,,,UNIDAD,origen: PILAR=P2 - Inventario.xlsx#700@2026-08-10
PIL-101877,AC PAT FLEX,PRODUCTO_STOCKEABLE,Armazones,Graffiti,,,,,UNIDAD,origen: PILAR=P2 - Inventario.xlsx#800@2026-08-10
PIL-101902,AC PAT FLEX MARRON G-8243 C4 52-19-140,PRODUCTO_STOCKEABLE,Armazones,Graffiti,,,,,UNIDAD,origen: PILAR=P2 - Inventario.xlsx#797@2026-08-10
PIL-101905,AC PAT FLEX MARRON G-8241 C2 57-17-140,PRODUCTO_STOCKEABLE,Armazones,Graffiti,,,,,UNIDAD,origen: PILAR=P2 - Inventario.xlsx#798@2026-08-10
PIL-101958,AC PAT FLEX G-8243 C3 52-19-140,PRODUCTO_STOCKEABLE,Armazones,Graffiti,,,,,UNIDAD,origen: PILAR=P2 - Inventario.xlsx#799@2026-08-10
PIL-101983,AC PAT FLEX AZULG-8243 C2 52-19-140,PRODUCTO_STOCKEABLE,Armazones,Graffiti,,,,,UNIDAD,origen: PILAR=P2 - Inventario.xlsx#796@2026-08-10
PIL-101998,AC PAT FLEX ROSA K9434 51-18-140 COL.511,PRODUCTO_STOCKEABLE,Armazones,Steffani,,,,,UNIDAD,origen: PILAR=P2 - Inventario.xlsx#802@2026-08-10
PIL-102004,AC PAT FIJA NEGRO MAYAN 2 42-15-125 COL.JS,PRODUCTO_STOCKEABLE,Armazones,Mira Flex,,,,,UNIDAD,origen: PILAR=P2 - Inventario.xlsx#811@2026-08-10
PIL-102007,AC PAT FIJA ROSA NIÑA BABY ONE 37-14 COL.B,PRODUCTO_STOCKEABLE,Armazones,Mira Flex,,,,,UNIDAD,origen: PILAR=P2 - Inventario.xlsx#810@2026-08-10
PIL-102009,AC PAT FIJA LILA MIKE 1 42-17-130 COL.L,PRODUCTO_STOCKEABLE,Armazones,Mira Flex,,,,,UNIDAD,origen: PILAR=P2 - Inventario.xlsx#813@2026-08-10
PIL-102028,AC PAT FIJA AZUL BABY ONE 37-14 COL.D,PRODUCTO_STOCKEABLE,Armazones,Mira Flex,,,,,UNIDAD,origen: PILAR=P2 - Inventario.xlsx#814@2026-08-10
PIL-102048,AC PAT FLEX ROSA 7502,PRODUCTO_STOCKEABLE,Armazones,Emeflex,,,,,UNIDAD,origen: PILAR=P2 - Inventario.xlsx#815@2026-08-10
PIL-102050,AC PAT FIJA AZUL REY MIKE 1 42-17-130 COL.CP,PRODUCTO_STOCKEABLE,Armazones,Mira Flex,,,,,UNIDAD,origen: PILAR=P2 - Inventario.xlsx#812@2026-08-10
PIL-102051,AH K7914 51 18-135 COL-71.,PRODUCTO_STOCKEABLE,Armazones,Steffani,,,,,UNIDAD,origen: PILAR=P2 - Inventario.xlsx#606@2026-08-10
PIL-102078,AC PAT FIJA CELESTE DEP-867,PRODUCTO_STOCKEABLE,Armazones,Proray,,,,,UNIDAD,origen: PILAR=P2 - Inventario.xlsx#824@2026-08-10
PIL-102084,AC PAT FIJA GRIS TRANSPARENTE DEP-863,PRODUCTO_STOCKEABLE,Armazones,Proray,,,,,UNIDAD,origen: PILAR=P2 - Inventario.xlsx#822@2026-08-10
PIL-102094,AC PAT FIJA MARRON/DORADO DP020-006 COL.8,PRODUCTO_STOCKEABLE,Armazones,Discovery,,,,,UNIDAD,origen: PILAR=P2 - Inventario.xlsx#817@2026-08-10
PIL-102100,AC PAT FIJA AZUL DEP-847,PRODUCTO_STOCKEABLE,Armazones,Proray,,,,,UNIDAD,origen: PILAR=P2 - Inventario.xlsx#709@2026-08-10
PIL-102101,AC PAT FLEX ROJO H2410 53-17-140 COL 603,PRODUCTO_STOCKEABLE,Armazones,Unicity,,,,,UNIDAD,origen: PILAR=P2 - Inventario.xlsx#635@2026-08-10
PIL-102106,AC PAT FLEX NEGRO V1236 55-19-148 COL.F200,PRODUCTO_STOCKEABLE,Armazones,Unicity,,,,,UNIDAD,origen: PILAR=P2 - Inventario.xlsx#837@2026-08-10
PIL-102109,AC PAT FLEX ROJO MI AA023 C01 48-17-130,PRODUCTO_STOCKEABLE,Armazones,Minions,,,,,UNIDAD,origen: PILAR=P2 - Inventario.xlsx#713@2026-08-10
PIL-102111,AC PAT FLEX NEGRO GRIS K9282 55-16-140 COL.210,PRODUCTO_STOCKEABLE,Armazones,Steffani,,,,,UNIDAD,origen: PILAR=P2 - Inventario.xlsx#828@2026-08-10
PIL-102116,AC PAT FLEX ROJO H2429 50-17-135 COL 611,PRODUCTO_STOCKEABLE,Armazones,Unicity,,,,,UNIDAD,origen: PILAR=P2 - Inventario.xlsx#634@2026-08-10
PIL-102123,AH PAT FLEX ROJO G-8254 C3 52-18-140,PRODUCTO_STOCKEABLE,Armazones,Graffiti,,,,,UNIDAD,origen: PILAR=P2 - Inventario.xlsx#816@2026-08-10
PIL-102139,AC PAT FIJA NEGRO K8426 44-17-130 COL.203,PRODUCTO_STOCKEABLE,Armazones,Steffani,,,,,UNIDAD,origen: PILAR=P2 - Inventario.xlsx#621@2026-08-10
PIL-102143,AC PAT FLEX MARRON 8243-2 C4 52-19-140,PRODUCTO_STOCKEABLE,Armazones,Natt,,,,,UNIDAD,origen: PILAR=P2 - Inventario.xlsx#657@2026-08-10
PIL-102145,AC PAT FLEX ROSA 415,PRODUCTO_STOCKEABLE,Armazones,Logritos,,,,,UNIDAD,origen: PILAR=P2 - Inventario.xlsx#803@2026-08-10
PIL-102163,AC PAT FLEX NEGRO AZUL K9283 57-19-145 COL.706,PRODUCTO_STOCKEABLE,Armazones,Steffani,,,,,UNIDAD,origen: PILAR=P2 - Inventario.xlsx#829@2026-08-10
PIL-102164,AC PAT FIJA AZUL DEP-866,PRODUCTO_STOCKEABLE,Armazones,Proray,,,,,UNIDAD,origen: PILAR=P2 - Inventario.xlsx#826@2026-08-10
PIL-102174,AC PAT FLEX TRANSPARENTE 4656 58-20 COL.BT,PRODUCTO_STOCKEABLE,Armazones,Hanis,,,,,UNIDAD,origen: PILAR=P2 - Inventario.xlsx#805@2026-08-10
PIL-102197,AC PAT FLEX AZUL BA2315 55-15-145 CFE3,PRODUCTO_STOCKEABLE,Armazones,Hanis,,,,,UNIDAD,origen: PILAR=P2 - Inventario.xlsx#808@2026-08-10
PIL-102228,AC PAT FLEX MARRON TRANSLUCIDO 4496 53-18 COL.F2,PRODUCTO_STOCKEABLE,Armazones,Hanis,,,,,UNIDAD,origen: PILAR=P2 - Inventario.xlsx#804@2026-08-10
PIL-102241,AC PAT FIJA ROJO DEP-867,PRODUCTO_STOCKEABLE,Armazones,Proray,,,,,UNIDAD,origen: PILAR=P2 - Inventario.xlsx#827@2026-08-10
PIL-102243,AC PAT FIJA ROSA DM18068B 50-16-135 C5,PRODUCTO_STOCKEABLE,Armazones,Hanis,,,,,UNIDAD,origen: PILAR=P2 - Inventario.xlsx#807@2026-08-10
PIL-102271,AC PAT FLEX GRIS/NEGRO H-M2010 55-16-145 C2,PRODUCTO_STOCKEABLE,Armazones,Hanis,,,,,UNIDAD,origen: PILAR=P2 - Inventario.xlsx#806@2026-08-10
PIL-102319,AC PAT FIJA AZUL OSCURO DEP-866,PRODUCTO_STOCKEABLE,Armazones,Proray,,,,,UNIDAD,origen: PILAR=P2 - Inventario.xlsx#823@2026-08-10
PIL-102352,AC PAT FIJA NEGRO SD9027NR 72-15-106 COL.107R,PRODUCTO_STOCKEABLE,Armazones,Bosani,,,,,UNIDAD,origen: PILAR=P2 - Inventario.xlsx#820@2026-08-10
PIL-102354,AC PAT FIJA MARON DEGRADE BOC2014 57-18-142 COL.BT2,PRODUCTO_STOCKEABLE,Armazones,Bosani,,,,,UNIDAD,origen: PILAR=P2 - Inventario.xlsx#819@2026-08-10
PIL-102369,AC PAT FIJA BLANCO DEP-867,PRODUCTO_STOCKEABLE,Armazones,Proray,,,,,UNIDAD,origen: PILAR=P2 - Inventario.xlsx#825@2026-08-10
PIL-102381,AC PAT FIJA NARANJA BOC2003 59-17-138 COL.BT8,PRODUCTO_STOCKEABLE,Armazones,Bosani,,,,,UNIDAD,origen: PILAR=P2 - Inventario.xlsx#818@2026-08-10
PIL-102386,AC PAT FIJA NEGRO SD9125N 64-16-123 COL.108S,PRODUCTO_STOCKEABLE,Armazones,Bosani,,,,,UNIDAD,origen: PILAR=P2 - Inventario.xlsx#821@2026-08-10
PIL-102401,AC PAT FLEX ROJO H2436 49-17-140 COL.603,PRODUCTO_STOCKEABLE,Armazones,Unicity,,,,,UNIDAD,origen: PILAR=P2 - Inventario.xlsx#836@2026-08-10
PIL-102413,AC PAT FLEX LILA BAAA002 C69 46-17-125,PRODUCTO_STOCKEABLE,Armazones,Barbie,,,,,UNIDAD,origen: PILAR=P2 - Inventario.xlsx#712@2026-08-10
PIL-102424,AC PAT FLEX NEGRO GRIS H2920 51-1-142 COL.616,PRODUCTO_STOCKEABLE,Armazones,Unicity,,,,,UNIDAD,origen: PILAR=P2 - Inventario.xlsx#833@2026-08-10
PIL-102425,AC PAT FLEX LILA PIEL K9333 48-16-130 COL.873,PRODUCTO_STOCKEABLE,Armazones,Steffani,,,,,UNIDAD,origen: PILAR=P2 - Inventario.xlsx#832@2026-08-10
PIL-102429,AC PAT FLEX NEGRO BORDO H2920 51-17-142 COL.608,PRODUCTO_STOCKEABLE,Armazones,Unicity,,,,,UNIDAD,origen: PILAR=P2 - Inventario.xlsx#835@2026-08-10
PIL-102438,AC PAT FIJA VERDE DCP23011 51-19-143 COL.CET13,PRODUCTO_STOCKEABLE,Armazones,Discovery,,,,,UNIDAD,origen: PILAR=P2 - Inventario.xlsx#830@2026-08-10
PIL-102440,AC PAT FLEX ROSA DEGRADE BAAA002 C71 46-17-125,PRODUCTO_STOCKEABLE,Armazones,Barbie,,,,,UNIDAD,origen: PILAR=P2 - Inventario.xlsx#710@2026-08-10
PIL-102443,AC PAT FLEX NEGRO ROJO H2920 51-17-142 COL.608,PRODUCTO_STOCKEABLE,Armazones,Unicity,,,,,UNIDAD,origen: PILAR=P2 - Inventario.xlsx#834@2026-08-10
PIL-102456,AC PAT FIJA MARRON DCP23036 50-22-143 COL.CM0,PRODUCTO_STOCKEABLE,Armazones,Discovery,,,,,UNIDAD,origen: PILAR=P2 - Inventario.xlsx#831@2026-08-10
PIL-102504,AC PAR FLEX BAAA020 D46 46-16-125,PRODUCTO_STOCKEABLE,Armazones,Barbie,,,,,UNIDAD,origen: PILAR=P2 - Inventario.xlsx#711@2026-08-10
PIL-102509,AC PAT FLEX GRIS AMARILLO MI AA022 C06 46-18-130,PRODUCTO_STOCKEABLE,Armazones,Minions,,,,,UNIDAD,origen: PILAR=P2 - Inventario.xlsx#715@2026-08-10
PIL-102516,AC PAT FLEX AZUL AA017 C7,PRODUCTO_STOCKEABLE,Armazones,Titeuf,,,,,UNIDAD,origen: PILAR=P2 - Inventario.xlsx#720@2026-08-10
PIL-102517,AC PAT FLEX AZUL GG002,PRODUCTO_STOCKEABLE,Armazones,Titeuf,,,,,UNIDAD,origen: PILAR=P2 - Inventario.xlsx#719@2026-08-10
PIL-102520,AC PAT FLEX NEGRO 7525,PRODUCTO_STOCKEABLE,Armazones,ST KIDS,,,,,UNIDAD,origen: PILAR=P2 - Inventario.xlsx#718@2026-08-10
PIL-102524,AC PAT FLEX AMARILLO MI AA040 C07 46-17-125,PRODUCTO_STOCKEABLE,Armazones,Minions,,,,,UNIDAD,origen: PILAR=P2 - Inventario.xlsx#717@2026-08-10
PIL-102525,AC PAT FIJA AZUL DM18070B 52-18-135 C5,PRODUCTO_STOCKEABLE,Armazones,Hanis,,,,,UNIDAD,origen: PILAR=P2 - Inventario.xlsx#721@2026-08-10
PIL-102535,AC PAT FLEX CELESTE H2987 48-15-130 COL.624,PRODUCTO_STOCKEABLE,Armazones,Unicity,,,,,UNIDAD,origen: PILAR=P2 - Inventario.xlsx#702@2026-08-10
PIL-102545,AC PAT FLEX GRIS NARANJA MI AA024 C94 49-16-130,PRODUCTO_STOCKEABLE,Armazones,Minions,,,,,UNIDAD,origen: PILAR=P2 - Inventario.xlsx#714@2026-08-10
PIL-102551,AC PAT FLEX MAZU DEGRADE MI AA041 C07 45-16-125,PRODUCTO_STOCKEABLE,Armazones,Minions,,,,,UNIDAD,origen: PILAR=P2 - Inventario.xlsx#716@2026-08-10
PIL-102557,AC PAT FIJA NEGRO BYS-5913 COL.11 57-0-120,PRODUCTO_STOCKEABLE,Armazones,Bacchio,,,,,UNIDAD,origen: PILAR=P2 - Inventario.xlsx#727@2026-08-10
PIL-102567,AC PAT FIJA VERDE MUSGO DHP7019 COL.31,PRODUCTO_STOCKEABLE,Armazones,Discovery,,,,,UNIDAD,origen: PILAR=P2 - Inventario.xlsx#724@2026-08-10
PIL-102587,AC PAT FLEX NEGRO H2986 49-16-130 COL.611,PRODUCTO_STOCKEABLE,Armazones,Unicity,,,,,UNIDAD,origen: PILAR=P2 - Inventario.xlsx#701@2026-08-10
PIL-102599,AC PAT FLEX MARRON GAMUZA 4496 53-18 COL.F2,PRODUCTO_STOCKEABLE,Armazones,Hanis,,,,,UNIDAD,origen: PILAR=P2 - Inventario.xlsx#708@2026-08-10
PIL-102643,AC PAT FIJA NARANJA CLARO 7501 C4 39-14-130,PRODUCTO_STOCKEABLE,Armazones,Emeflex,,,,,UNIDAD,origen: PILAR=P2 - Inventario.xlsx#546@2026-08-10
PIL-102644,AC PAT FIJA NEGRO DCP23025 50-2-143 COL.CB1,PRODUCTO_STOCKEABLE,Armazones,Discovery,,,,,UNIDAD,origen: PILAR=P2 - Inventario.xlsx#706@2026-08-10
PIL-102645,AC PAT FIJA AZUL 7505 C2 51-17-140,PRODUCTO_STOCKEABLE,Armazones,Emeflex,,,,,UNIDAD,origen: PILAR=P2 - Inventario.xlsx#543@2026-08-10
PIL-102646,AC PAT FIJA CELESTE ROJO SPIDEMAN UV400 CAT 3.0,PRODUCTO_STOCKEABLE,Armazones,Marvel,,,,,UNIDAD,origen: PILAR=P2 - Inventario.xlsx#707@2026-08-10
PIL-102647,AC PAT FIJA NEGRO VERDE DCP23028 56-17-141 COL.CET13,PRODUCTO_STOCKEABLE,Armazones,Discovery,,,,,UNIDAD,origen: PILAR=P2 - Inventario.xlsx#703@2026-08-10
PIL-102648,AC PAT FIJA GRIS TRANSLUCIDO DCP23021 57-14-140 COL.CCP13,PRODUCTO_STOCKEABLE,Armazones,Discovery,,,,,UNIDAD,origen: PILAR=P2 - Inventario.xlsx#704@2026-08-10
PIL-102650,AC PAT FLEX ROJO NATT8236 C4 48-19-138,PRODUCTO_STOCKEABLE,Armazones,Natt,,,,,UNIDAD,origen: PILAR=P2 - Inventario.xlsx#563@2026-08-10
PIL-102651,AC PAT FIJA GRIS NEGRO BLANCO T515 C1 52-16-135,PRODUCTO_STOCKEABLE,Armazones,Traffic,,,,,UNIDAD,origen: PILAR=P2 - Inventario.xlsx#555@2026-08-10
PIL-102653,AC PAT FLEX VERDE 4052 C3 43-16-130,PRODUCTO_STOCKEABLE,Armazones,Bugsy,,,,,UNIDAD,origen: PILAR=P2 - Inventario.xlsx#552@2026-08-10
PIL-102655,AC PAT FLEX ROJO BLANCO 4082 C2 52-17-140,PRODUCTO_STOCKEABLE,Armazones,Bugsy,,,,,UNIDAD,origen: PILAR=P2 - Inventario.xlsx#553@2026-08-10
PIL-102663,AC PAT FIJA NARANJA 7503 C3 45-16-135,PRODUCTO_STOCKEABLE,Armazones,Emeflex,,,,,UNIDAD,origen: PILAR=P2 - Inventario.xlsx#544@2026-08-10
PIL-102675,AC PAT FLEX MARRON BA2013 54-17-140 FUE2,PRODUCTO_STOCKEABLE,Armazones,Bacchio,,,,,UNIDAD,origen: PILAR=P2 - Inventario.xlsx#745@2026-08-10
PIL-102676,AC PAT FIJA DORADO MARRON DCP23003 59-16-144 COL.CET2,PRODUCTO_STOCKEABLE,Armazones,Discovery,,,,,UNIDAD,origen: PILAR=P2 - Inventario.xlsx#705@2026-08-10
PIL-102682,AC PAT FIJA MARRON DQ-0044 COL.4,PRODUCTO_STOCKEABLE,Armazones,Discovery,,,,,UNIDAD,origen: PILAR=P2 - Inventario.xlsx#722@2026-08-10
PIL-102690,AC PAT FIJA BLANCO DP014-019 COL.16,PRODUCTO_STOCKEABLE,Armazones,Discovery,,,,,UNIDAD,origen: PILAR=P2 - Inventario.xlsx#723@2026-08-10
PIL-102692,AC PAT FLEX AZUL 9045 C2 51-17-135,PRODUCTO_STOCKEABLE,Armazones,Yinoa,,,,,UNIDAD,origen: PILAR=P2 - Inventario.xlsx#561@2026-08-10
PIL-102697,AH PAT FLEX ROSA 9012 C2 48-16-130,PRODUCTO_STOCKEABLE,Armazones,Yinoa,,,,,UNIDAD,origen: PILAR=P2 - Inventario.xlsx#560@2026-08-10
PIL-102699,AC PAT FIJA BNEGRO BYS-5800 58-16-115 COL.2,PRODUCTO_STOCKEABLE,Armazones,Bacchio,,,,,UNIDAD,origen: PILAR=P2 - Inventario.xlsx#725@2026-08-10
PIL-102700,AC PAT FIJA AZUL OPACO 7500 C3 38-12-120,PRODUCTO_STOCKEABLE,Armazones,Emeflex,,,,,UNIDAD,origen: PILAR=P2 - Inventario.xlsx#548@2026-08-10
PIL-102701,AC PAT FIJA NARANJA 7505 C4 51-17-140,PRODUCTO_STOCKEABLE,Armazones,Emeflex,,,,,UNIDAD,origen: PILAR=P2 - Inventario.xlsx#542@2026-08-10
PIL-102707,AC PAT FIJA MARRON BIS-3811 00-00-120 COL.1,PRODUCTO_STOCKEABLE,Armazones,Bacchio,,,,,UNIDAD,origen: PILAR=P2 - Inventario.xlsx#726@2026-08-10
PIL-102710,AC PAT FIJA LILA 7502 C2 42-14-130,PRODUCTO_STOCKEABLE,Armazones,Emeflex,,,,,UNIDAD,origen: PILAR=P2 - Inventario.xlsx#550@2026-08-10
PIL-102713,AC PAT FIJA CELESTE 7500 C4 38-12-120,PRODUCTO_STOCKEABLE,Armazones,Emeflex,,,,,UNIDAD,origen: PILAR=P2 - Inventario.xlsx#549@2026-08-10
PIL-102715,AC PAT FLEX DORADO NEGRO 8011 52-18-145 C1,PRODUCTO_STOCKEABLE,Armazones,Betania,,,,,UNIDAD,origen: PILAR=P2 - Inventario.xlsx#736@2026-08-10
PIL-102720,AC PAT FLEX CELESTE 4082 C3 52-17-140,PRODUCTO_STOCKEABLE,Armazones,Bugsy,,,,,UNIDAD,origen: PILAR=P2 - Inventario.xlsx#554@2026-08-10
PIL-102721,AC PAT FIJA DORADO MARRON DCP23003 59-16-144 CET2,PRODUCTO_STOCKEABLE,Lentes de Sol,Discovery,,,,,UNIDAD,origen: PILAR=P2 - Inventario.xlsx#1012@2026-08-10
PIL-102722,AH PAT FLEX LILA T501 C1 53-17-135,PRODUCTO_STOCKEABLE,Armazones,Traffic,,,,,UNIDAD,origen: PILAR=P2 - Inventario.xlsx#557@2026-08-10
PIL-102730,AC PAT FIJA VERDE 7502 C4 42-14-130,PRODUCTO_STOCKEABLE,Armazones,Emeflex,,,,,UNIDAD,origen: PILAR=P2 - Inventario.xlsx#547@2026-08-10
PIL-102731,AC PAT FIJA AZULOPACO 7501 C3 39-14-130,PRODUCTO_STOCKEABLE,Armazones,Emeflex,,,,,UNIDAD,origen: PILAR=P2 - Inventario.xlsx#545@2026-08-10
PIL-102734,AC PAT FLEX CELESTE T473 53-16-140,PRODUCTO_STOCKEABLE,Armazones,Traffic,,,,,UNIDAD,origen: PILAR=P2 - Inventario.xlsx#556@2026-08-10
PIL-102735,AC PAT FLEX NEGRO NATT8234-1 C2 51-22-140,PRODUCTO_STOCKEABLE,Armazones,Natt,,,,,UNIDAD,origen: PILAR=P2 - Inventario.xlsx#562@2026-08-10
PIL-102738,AH PAT FLEX LILA 9040-1 C1 52-18-138,PRODUCTO_STOCKEABLE,Armazones,Yinoa,,,,,UNIDAD,origen: PILAR=P2 - Inventario.xlsx#558@2026-08-10
PIL-102742,AC PAT FLEX AZUL NATT8248 C3 52-22-140,PRODUCTO_STOCKEABLE,Armazones,Natt,,,,,UNIDAD,origen: PILAR=P2 - Inventario.xlsx#564@2026-08-10
PIL-102745,AC PAT FLEX ROJO 4093 C2 45-16-125,PRODUCTO_STOCKEABLE,Armazones,Bugsy,,,,,UNIDAD,origen: PILAR=P2 - Inventario.xlsx#551@2026-08-10
PIL-102750,AH PAT FLEX ROJO 9037 C2 46-20-130,PRODUCTO_STOCKEABLE,Armazones,Yinoa,,,,,UNIDAD,origen: PILAR=P2 - Inventario.xlsx#559@2026-08-10
PIL-102754,AC PAY FLEX NEGRO DH9006 53-16-143 C1,PRODUCTO_STOCKEABLE,Armazones,Betania,,,,,UNIDAD,origen: PILAR=P2 - Inventario.xlsx#734@2026-08-10
PIL-102760,AC PAT FLEX GRIS ROJO HT2104 45-18-140 C4,PRODUCTO_STOCKEABLE,Armazones,Betania,,,,,UNIDAD,origen: PILAR=P2 - Inventario.xlsx#730@2026-08-10
PIL-102761,AC PAT FLEX GRIS DISEÑO AY6884 49-16-143 C2,PRODUCTO_STOCKEABLE,Armazones,Betania,,,,,UNIDAD,origen: PILAR=P2 - Inventario.xlsx#733@2026-08-10
PIL-102763,AC PAT FLEX NEGRO F88174 51-18-140 C1,PRODUCTO_STOCKEABLE,Armazones,Betania,,,,,UNIDAD,origen: PILAR=P2 - Inventario.xlsx#732@2026-08-10
PIL-102768,AC PAT FLEX ROJO NEGRO MARRON  HT2113 47-20-135 C3,PRODUCTO_STOCKEABLE,Armazones,Betania,,,,,UNIDAD,origen: PILAR=P2 - Inventario.xlsx#731@2026-08-10
PIL-102769,AC PAT FLEX NEGRO HT2104 45-18-140 C1,PRODUCTO_STOCKEABLE,Armazones,Betania,,,,,UNIDAD,origen: PILAR=P2 - Inventario.xlsx#729@2026-08-10
PIL-102775,AC PAT FLEX NEGRO GRIS F88131 52-16-140 C4,PRODUCTO_STOCKEABLE,Armazones,Betania,,,,,UNIDAD,origen: PILAR=P2 - Inventario.xlsx#728@2026-08-10
PIL-102779,AC PAT FLEX NEGRO DH9117 52-21-145 C1,PRODUCTO_STOCKEABLE,Armazones,Betania,,,,,UNIDAD,origen: PILAR=P2 - Inventario.xlsx#735@2026-08-10
PIL-102781,AC PAT FIJA NEGRO DCP23011 51-19-143 CET13,PRODUCTO_STOCKEABLE,Lentes de Sol,Discovery,,,,,UNIDAD,origen: PILAR=P2 - Inventario.xlsx#1011@2026-08-10
PIL-102787,AC PAT FLEX ROSA DORADO 8018 51-18-145 C6,PRODUCTO_STOCKEABLE,Armazones,Betania,,,,,UNIDAD,origen: PILAR=P2 - Inventario.xlsx#737@2026-08-10
PIL-102794,AC PAT FLEX ANIMAL PRINT K9786 55-16-140 COL.28,PRODUCTO_STOCKEABLE,Armazones,Steffani,,,,,UNIDAD,origen: PILAR=P2 - Inventario.xlsx#746@2026-08-10
PIL-102798,AC PAT FLEX NEGRO 12158 49-18-146 C2,PRODUCTO_STOCKEABLE,Armazones,Hanis,,,,,UNIDAD,origen: PILAR=P2 - Inventario.xlsx#744@2026-08-10
PIL-102815,AC PAT FLEX AZUL XP120005 C1 52-16-142,PRODUCTO_STOCKEABLE,Armazones,Hanis,,,,,UNIDAD,origen: PILAR=P2 - Inventario.xlsx#741@2026-08-10
PIL-102822,AC PAT FLEX NEGRO RB 5393 2000 52-18-145,PRODUCTO_STOCKEABLE,Armazones,Hanis,,,,,UNIDAD,origen: PILAR=P2 - Inventario.xlsx#743@2026-08-10
PIL-102827,AC PAT FLEX NEGRO RX5390 8055 52-18-145,PRODUCTO_STOCKEABLE,Armazones,Hanis,,,,,UNIDAD,origen: PILAR=P2 - Inventario.xlsx#742@2026-08-10
PIL-102834,AC PAT FIJA NEGRO TRANSPARENTE 2134 52-20-147 COL.3,PRODUCTO_STOCKEABLE,Armazones,Hanis,,,,,UNIDAD,origen: PILAR=P2 - Inventario.xlsx#740@2026-08-10
PIL-102856,AC PAT FLEX DORADO MARRON TJ2209 54-18-148 C5,PRODUCTO_STOCKEABLE,Armazones,Hanis,,,,,UNIDAD,origen: PILAR=P2 - Inventario.xlsx#738@2026-08-10
PIL-102860,AC PAT FIJA VERDE NEGRO 22204 54-17-143 C3,PRODUCTO_STOCKEABLE,Armazones,Hanis,,,,,UNIDAD,origen: PILAR=P2 - Inventario.xlsx#739@2026-08-10
PIL-102878,AC PAT FLEX GRIS NEGRO K6671 49-20-135 COL.8,PRODUCTO_STOCKEABLE,Armazones,Steffani,,,,,UNIDAD,origen: PILAR=P2 - Inventario.xlsx#747@2026-08-10
PIL-102881,AH PAT FLEX GRIS K9162 55-19-135 COL.71,PRODUCTO_STOCKEABLE,Armazones,Steffani,,,,,UNIDAD,origen: PILAR=P2 - Inventario.xlsx#752@2026-08-10
PIL-102882,AH PAT FLEX CELESTE GRIS K9040 52-18-135 COL.583,PRODUCTO_STOCKEABLE,Armazones,Steffani,,,,,UNIDAD,origen: PILAR=P2 - Inventario.xlsx#750@2026-08-10
PIL-102898,AC PAT FLEX BLANCO GRIS K8930 51-18-135 COL.34,PRODUCTO_STOCKEABLE,Armazones,Steffani,,,,,UNIDAD,origen: PILAR=P2 - Inventario.xlsx#753@2026-08-10
PIL-102900,AH PAT FLEX NEGRO K9030 54-17-135 COL.63,PRODUCTO_STOCKEABLE,Armazones,Steffani,,,,,UNIDAD,origen: PILAR=P2 - Inventario.xlsx#749@2026-08-10
PIL-102908,AH PAT FLEX ANIMAL PRINT V6197 52-18-135 COL.34,PRODUCTO_STOCKEABLE,Armazones,Steffani,,,,,UNIDAD,origen: PILAR=P2 - Inventario.xlsx#751@2026-08-10
PIL-102949,AC PAT FLEX NEGRO GRIS K6671 49-20-135COL.8,PRODUCTO_STOCKEABLE,Armazones,Steffani,,,,,UNIDAD,origen: PILAR=P2 - Inventario.xlsx#748@2026-08-10
PIL-102955,AT PAT FLEX DORADO NEGRO R3003 C3 54-19-140,PRODUCTO_STOCKEABLE,Armazones,Hanis,,,,,UNIDAD,origen: PILAR=P2 - Inventario.xlsx#755@2026-08-10
PIL-102959,AH PAT FLEX NEGRO SY1881 47-18-138 C1,PRODUCTO_STOCKEABLE,Armazones,Hanis,,,,,UNIDAD,origen: PILAR=P2 - Inventario.xlsx#756@2026-08-10
PIL-102963,AC PAT FLEX GRIS NEGRO AZUL 87003 56-16-143 C2,PRODUCTO_STOCKEABLE,Armazones,Hanis,,,,,UNIDAD,origen: PILAR=P2 - Inventario.xlsx#757@2026-08-10
PIL-102970,AC PAT FLEX NEGRO 9911 49-27-140 C1,PRODUCTO_STOCKEABLE,Armazones,Hanis,,,,,UNIDAD,origen: PILAR=P2 - Inventario.xlsx#758@2026-08-10
PIL-102980,AC PAT FLEX NEGRO H2431 50-15-135 C602,PRODUCTO_STOCKEABLE,Armazones,Unicity,,,,,UNIDAD,origen: PILAR=P2 - Inventario.xlsx#783@2026-08-10
PIL-103015,AC PAT FLEX MARRON DB1751 48-17-130 C7,PRODUCTO_STOCKEABLE,Armazones,Hanis,,,,,UNIDAD,origen: PILAR=P2 - Inventario.xlsx#759@2026-08-10
PIL-103032,AT PAT FLEX BORDO R3003 C2 54-19-140,PRODUCTO_STOCKEABLE,Armazones,Hanis,,,,,UNIDAD,origen: PILAR=P2 - Inventario.xlsx#754@2026-08-10
PIL-103036,AC PAT FIJA DORADO ROSA BOC2020 56-17-142 COL.BC2,PRODUCTO_STOCKEABLE,Armazones,Bosani,,,,,UNIDAD,origen: PILAR=P2 - Inventario.xlsx#762@2026-08-10
PIL-103037,AC PAT FIJA NEGRO DCP23008 57-15-140 COL.CF2,PRODUCTO_STOCKEABLE,Armazones,Discovery,,,,,UNIDAD,origen: PILAR=P2 - Inventario.xlsx#760@2026-08-10
PIL-103050,AC PAT FIJA ANIMALPRINT DCP23026 55-18-144 COL.CET2,PRODUCTO_STOCKEABLE,Armazones,Discovery,,,,,UNIDAD,origen: PILAR=P2 - Inventario.xlsx#761@2026-08-10
PIL-103057,AC PAT FLEX NEGRO H2030 50-16-130 C611,PRODUCTO_STOCKEABLE,Armazones,Unicity,,,,,UNIDAD,origen: PILAR=P2 - Inventario.xlsx#787@2026-08-10
PIL-103062,AC PAT FIJA MARRON 22203 54-18-143 C5,PRODUCTO_STOCKEABLE,Armazones,Hanis,,,,,UNIDAD,origen: PILAR=P2 - Inventario.xlsx#780@2026-08-10
PIL-103063,AC PAT FIJA NEGRO SD9309N 58-16-130 COL.108R,PRODUCTO_STOCKEABLE,Armazones,Bosani,,,,,UNIDAD,origen: PILAR=P2 - Inventario.xlsx#763@2026-08-10
PIL-103067,AC PAT FLEX NEGRO AZUL H2431 50-15-135 C613,PRODUCTO_STOCKEABLE,Armazones,Unicity,,,,,UNIDAD,origen: PILAR=P2 - Inventario.xlsx#784@2026-08-10
PIL-103075,AC PAT FIJA NEGRO TJ2213 52-20-145 C1,PRODUCTO_STOCKEABLE,Armazones,Hanis,,,,,UNIDAD,origen: PILAR=P2 - Inventario.xlsx#779@2026-08-10
PIL-103079,AC PAT FLEX NEGRO H2987 48-15-130 C611,PRODUCTO_STOCKEABLE,Armazones,Unicity,,,,,UNIDAD,origen: PILAR=P2 - Inventario.xlsx#786@2026-08-10
PIL-103088,AC PAT FLEX ANIMAL PRINT YC82006 55-17-140 C1,PRODUCTO_STOCKEABLE,Armazones,Hanis,,,,,UNIDAD,origen: PILAR=P2 - Inventario.xlsx#781@2026-08-10
PIL-103097,AC PAT FLEX NEGRO BA2323 52-127-140 CF12,PRODUCTO_STOCKEABLE,Armazones,Bacchio,,,,,UNIDAD,origen: PILAR=P2 - Inventario.xlsx#782@2026-08-10
PIL-103104,AC PAT FLEX NEGRO VERDE H2430 49-16-135 C602,PRODUCTO_STOCKEABLE,Armazones,Unicity,,,,,UNIDAD,origen: PILAR=P2 - Inventario.xlsx#785@2026-08-10
PIL-103118,AC PAT FLEX NEGRO 8102 53-18-145 C2,PRODUCTO_STOCKEABLE,Armazones,Betania,,,,,UNIDAD,origen: PILAR=P2 - Inventario.xlsx#567@2026-08-10
PIL-103127,AC PAT FLEX GRIS 60060 52-18-140 C6,PRODUCTO_STOCKEABLE,Armazones,Betania,,,,,UNIDAD,origen: PILAR=P2 - Inventario.xlsx#568@2026-08-10
PIL-103135,AC PAT FLEX NEGRO 1610 51-18-140 C2,PRODUCTO_STOCKEABLE,Armazones,Betania,,,,,UNIDAD,origen: PILAR=P2 - Inventario.xlsx#566@2026-08-10
PIL-103144,AC PAT FLEX AZUL 8102 53-18-145 C5,PRODUCTO_STOCKEABLE,Armazones,Betania,,,,,UNIDAD,origen: PILAR=P2 - Inventario.xlsx#569@2026-08-10
PIL-103145,AC PAT FLEX NEGRO MG3755 C1 56-17-145,PRODUCTO_STOCKEABLE,Armazones,Betania,,,,,UNIDAD,origen: PILAR=P2 - Inventario.xlsx#571@2026-08-10
PIL-103159,AC PAT FLEX NEGRO CON IMAN DR 1495 COL. C4 +3.00,PRODUCTO_STOCKEABLE,Armazones,Bosani,,,,,UNIDAD,origen: PILAR=P2 - Inventario.xlsx#565@2026-08-10
PIL-103161,AC PAT FLEX DORADO MARRON 3018B 56-16-135,PRODUCTO_STOCKEABLE,Armazones,Tio Smith,,,,,UNIDAD,origen: PILAR=P2 - Inventario.xlsx#768@2026-08-10
PIL-103163,AC PAT FIJA DORADO DCP23004 59-15-143 COL.CBC0,PRODUCTO_STOCKEABLE,Lentes de Sol,Discovery,,,,,UNIDAD,origen: PILAR=P2 - Inventario.xlsx#1014@2026-08-10
PIL-103171,AC PAT FIJA NEGRO SD9302N 65-16-120 COL.109S,PRODUCTO_STOCKEABLE,Armazones,Bosani,,,,,UNIDAD,origen: PILAR=P2 - Inventario.xlsx#766@2026-08-10
PIL-103174,AC PAT FIJA NEGRO SD9309N 58-18-130 COL.108G,PRODUCTO_STOCKEABLE,Armazones,Bosani,,,,,UNIDAD,origen: PILAR=P2 - Inventario.xlsx#764@2026-08-10
PIL-103177,AC PAT FIJA NEGRO SD9304N 66-15-120 COL.108S,PRODUCTO_STOCKEABLE,Armazones,Bosani,,,,,UNIDAD,origen: PILAR=P2 - Inventario.xlsx#765@2026-08-10
PIL-103191,AC PAT FLEX NEGRO 3018B 56-16-135,PRODUCTO_STOCKEABLE,Armazones,Tio Smith,,,,,UNIDAD,origen: PILAR=P2 - Inventario.xlsx#767@2026-08-10
PIL-103199,AC PAT FLEX NEGRO G-8241 C3 57-17-140,PRODUCTO_STOCKEABLE,Armazones,Graffiti,,,,,UNIDAD,origen: PILAR=P2 - Inventario.xlsx#772@2026-08-10
PIL-103210,AC PAT FLEX ROSA TRANSLUCIDO LE012 C2 53-17-140,PRODUCTO_STOCKEABLE,Armazones,Graffiti,,,,,UNIDAD,origen: PILAR=P2 - Inventario.xlsx#775@2026-08-10
PIL-103212,AC PAT FLEX GRIS GAMUZA ACS2729 54-18-140 C5,PRODUCTO_STOCKEABLE,Armazones,Graffiti,,,,,UNIDAD,origen: PILAR=P2 - Inventario.xlsx#776@2026-08-10
PIL-103230,AC PAT FLEX GAMUZA ACS2721 53-18-140 C5,PRODUCTO_STOCKEABLE,Armazones,Graffiti,,,,,UNIDAD,origen: PILAR=P2 - Inventario.xlsx#778@2026-08-10
PIL-103232,AC PAT FLEX NEGRO L23001 C3 53-17-140,PRODUCTO_STOCKEABLE,Armazones,Graffiti,,,,,UNIDAD,origen: PILAR=P2 - Inventario.xlsx#777@2026-08-10
PIL-103238,AC PAT FLEX NEGRO 60060 52-18-140 C1,PRODUCTO_STOCKEABLE,Armazones,Betania,,,,,UNIDAD,origen: PILAR=P2 - Inventario.xlsx#570@2026-08-10
PIL-103243,AC PAT FIJA BEIGE DCP23044 54-20-140 COL.CC2,PRODUCTO_STOCKEABLE,Lentes de Sol,Discovery,,,,,UNIDAD,origen: PILAR=P2 - Inventario.xlsx#1013@2026-08-10
PIL-103244,AC PAT FLEX AZUL G8243 C2 5219-140,PRODUCTO_STOCKEABLE,Armazones,Graffiti,,,,,UNIDAD,origen: PILAR=P2 - Inventario.xlsx#769@2026-08-10
PIL-103259,AH PAT FLEX MARRON G-8253 C4 51-17-140,PRODUCTO_STOCKEABLE,Armazones,Graffiti,,,,,UNIDAD,origen: PILAR=P2 - Inventario.xlsx#773@2026-08-10
PIL-103263,AC PAT FLEX LILA MLW23016 C4 52-17-140,PRODUCTO_STOCKEABLE,Armazones,Graffiti,,,,,UNIDAD,origen: PILAR=P2 - Inventario.xlsx#774@2026-08-10
PIL-103265,AC PAT FLEX GRIS NEGRO G-8243 C1 52-19-140,PRODUCTO_STOCKEABLE,Armazones,Graffiti,,,,,UNIDAD,origen: PILAR=P2 - Inventario.xlsx#771@2026-08-10
PIL-103267,AC PAT FLEX NEGRO C/ IMAN 1495 C1 +2.00,PRODUCTO_STOCKEABLE,Armazones,Bosani,,,,,UNIDAD,origen: PILAR=P2 - Inventario.xlsx#501@2026-08-10
PIL-103272,AC PAT FLEX NEGRO GRIS G-8243 C3 52-19-140,PRODUCTO_STOCKEABLE,Armazones,Graffiti,,,,,UNIDAD,origen: PILAR=P2 - Inventario.xlsx#770@2026-08-10
PIL-103287,AC PAT FIJA NEGRO CLIP ON BOC24006 54-16-145 COL.F1,PRODUCTO_STOCKEABLE,Armazones,Bosani,,,,,UNIDAD,origen: PILAR=P2 - Inventario.xlsx#577@2026-08-10
PIL-103289,AC PAT FLEX GRIS HD0900 020 56-14-145,PRODUCTO_STOCKEABLE,Armazones,Harley Davidson,,,,,UNIDAD,origen: PILAR=P2 - Inventario.xlsx#578@2026-08-10
PIL-103301,AC PAT FIJA LILA MO5103 078 54-16-145,PRODUCTO_STOCKEABLE,Armazones,Max&Co,,,,,UNIDAD,origen: PILAR=P2 - Inventario.xlsx#580@2026-08-10
PIL-103303,AC PAT FIJA NEGRO RB 5428 2034 55-17-145,PRODUCTO_STOCKEABLE,Armazones,Ray-Ban,,,,,UNIDAD,origen: PILAR=P2 - Inventario.xlsx#579@2026-08-10
PIL-103309,AC PAT FIJA AZUL MO5023 091 52-15-140,PRODUCTO_STOCKEABLE,Armazones,Max&Co,,,,,UNIDAD,origen: PILAR=P2 - Inventario.xlsx#581@2026-08-10
PIL-103311,AC PAT FIJA NEGRO LILA,PRODUCTO_STOCKEABLE,Lentes de Sol,Mormaii,,,,,UNIDAD,origen: PILAR=P2 - Inventario.xlsx#975@2026-08-10
PIL-103323,AC PAT FLEX FUCSIA +0.75,PRODUCTO_STOCKEABLE,Armazones,Proray,,,,,UNIDAD,origen: PILAR=P2 - Inventario.xlsx#573@2026-08-10
PIL-103334,AC PAT FLEX FUCSIA +1.50,PRODUCTO_STOCKEABLE,Armazones,Proray,,,,,UNIDAD,origen: PILAR=P2 - Inventario.xlsx#572@2026-08-10
PIL-103342,AC PAT FLEX MARRON CLIP ON AT108 49-16-130 C5,PRODUCTO_STOCKEABLE,Armazones,Hanis,,,,,UNIDAD,origen: PILAR=P2 - Inventario.xlsx#576@2026-08-10
PIL-103346,AC PAT FLEX NEGRO CLIP ON G5077 49-19-140 C1,PRODUCTO_STOCKEABLE,Armazones,Hanis,,,,,UNIDAD,origen: PILAR=P2 - Inventario.xlsx#575@2026-08-10
PIL-103348,AC PAT FLEX AZUL CLIP ON G5077 49-19-140 C3,PRODUCTO_STOCKEABLE,Armazones,Hanis,,,,,UNIDAD,origen: PILAR=P2 - Inventario.xlsx#574@2026-08-10
PIL-103353,PAT FIJA NEGRO BOC24031 56-18-143 COL.B1,PRODUCTO_STOCKEABLE,Lentes de Sol,Bosani,,,,,UNIDAD,origen: PILAR=P2 - Inventario.xlsx#964@2026-08-10
PIL-103354,AC PAT FLEX GRIS K9792 55-15-146 COL-509,PRODUCTO_STOCKEABLE,Armazones,Steffani,,,,,UNIDAD,origen: PILAR=P2 - Inventario.xlsx#502@2026-08-10
PIL-103363,AC PAT FIJA NEGRO BOC24010 53-14-124 COL.F1,PRODUCTO_STOCKEABLE,Lentes de Sol,Bosani,,,,,UNIDAD,origen: PILAR=P2 - Inventario.xlsx#963@2026-08-10
PIL-103372,PAT FIJA GRIS BOC24010 53-14-124 COL.FE13,PRODUCTO_STOCKEABLE,Lentes de Sol,Bosani,,,,,UNIDAD,origen: PILAR=P2 - Inventario.xlsx#962@2026-08-10
PIL-103384,AC PAT FLEX NEGRO 1609 52-18-140 C1,PRODUCTO_STOCKEABLE,Armazones,Betania,,,,,UNIDAD,origen: PILAR=P2 - Inventario.xlsx#586@2026-08-10
PIL-103389,AC PAT FIJA GRIS TRANSPARENTE DCP23009 56-19-140 COL.CCT13,PRODUCTO_STOCKEABLE,Lentes de Sol,Discovery,,,,,UNIDAD,origen: PILAR=P2 - Inventario.xlsx#965@2026-08-10
PIL-103402,AC PAT FIJA AZUL DCP23008 57-15-140 COL.CFE3,PRODUCTO_STOCKEABLE,Lentes de Sol,Discovery,,,,,UNIDAD,origen: PILAR=P2 - Inventario.xlsx#976@2026-08-10
PIL-103409,AC PAT FLEX AZUL H2992 58-18-145 COL-615,PRODUCTO_STOCKEABLE,Armazones,Unicity,,,,,UNIDAD,origen: PILAR=P2 - Inventario.xlsx#504@2026-08-10
PIL-103412,AC PAT FLEX GRIS K9502 55-17-140 COL-602,PRODUCTO_STOCKEABLE,Armazones,Steffani,,,,,UNIDAD,origen: PILAR=P2 - Inventario.xlsx#503@2026-08-10
PIL-103422,AC PAT FLEX NEGRO-ROJO H2992 58-18-145 COL-613,PRODUCTO_STOCKEABLE,Armazones,Unicity,,,,,UNIDAD,origen: PILAR=P2 - Inventario.xlsx#505@2026-08-10
PIL-103437,AC PAT FLEX TRANSPARENTE RAG4583 52-18-142 C2,PRODUCTO_STOCKEABLE,Armazones,Graffiti,,,,,UNIDAD,origen: PILAR=P2 - Inventario.xlsx#595@2026-08-10
PIL-103439,AC PAT FLEX CREMA 1624 51-18-140 C5,PRODUCTO_STOCKEABLE,Armazones,Betania,,,,,UNIDAD,origen: PILAR=P2 - Inventario.xlsx#587@2026-08-10
PIL-103441,AC PAT FLEX ROSA K9766 53-16-140 C523,PRODUCTO_STOCKEABLE,Armazones,Steffani,,,,,UNIDAD,origen: PILAR=P2 - Inventario.xlsx#520@2026-08-10
PIL-103443,AC PAT FLEX NEGRO 3010 50-17-138,PRODUCTO_STOCKEABLE,Armazones,Tio Smith,,,,,UNIDAD,origen: PILAR=P2 - Inventario.xlsx#585@2026-08-10
PIL-103450,AC PAT FLEX NEGRO TL3921 54-18-140 C1,PRODUCTO_STOCKEABLE,Armazones,Betania,,,,,UNIDAD,origen: PILAR=P2 - Inventario.xlsx#589@2026-08-10
PIL-103477,AC PAT FLEX NEGRO DP 3018B 56-16-135,PRODUCTO_STOCKEABLE,Armazones,Tio Smith,,,,,UNIDAD,origen: PILAR=P2 - Inventario.xlsx#583@2026-08-10
PIL-103482,AC PAT FIJA NARANJA K9837 49-21-149 C13,PRODUCTO_STOCKEABLE,Armazones,Steffani,,,,,UNIDAD,origen: PILAR=P2 - Inventario.xlsx#521@2026-08-10
PIL-103483,AC PAT FLEX TRANSPARENTE LE9002 56-16-145 C3,PRODUCTO_STOCKEABLE,Armazones,Graffiti,,,,,UNIDAD,origen: PILAR=P2 - Inventario.xlsx#596@2026-08-10
PIL-103490,AC PAT FLEX NEGRO 3005 53-17-135,PRODUCTO_STOCKEABLE,Armazones,Tio Smith,,,,,UNIDAD,origen: PILAR=P2 - Inventario.xlsx#584@2026-08-10
PIL-103491,AH PAT FLEX MARRON 3014 SYN 54-19-138,PRODUCTO_STOCKEABLE,Armazones,Tio Smith,,,,,UNIDAD,origen: PILAR=P2 - Inventario.xlsx#582@2026-08-10
PIL-103496,AC PAT FLEX ROSA TL3921 54-18-140 C4,PRODUCTO_STOCKEABLE,Armazones,Betania,,,,,UNIDAD,origen: PILAR=P2 - Inventario.xlsx#588@2026-08-10
PIL-103516,AC PAT FIJA NEGRO K9838 49-22-144 C200,PRODUCTO_STOCKEABLE,Armazones,Steffani,,,,,UNIDAD,origen: PILAR=P2 - Inventario.xlsx#518@2026-08-10
PIL-103542,AC PAT FLEX GRIS DP G8241 57-17-140 C4,PRODUCTO_STOCKEABLE,Armazones,Graffiti,,,,,UNIDAD,origen: PILAR=P2 - Inventario.xlsx#597@2026-08-10
PIL-103543,AH PAT FLEX PLATEADO V6197 52-18-135 COL-34,PRODUCTO_STOCKEABLE,Armazones,Steffani,,,,,UNIDAD,origen: PILAR=P2 - Inventario.xlsx#590@2026-08-10
PIL-103544,AH PAT FLEX PLATEADO K9029 51-17-135 COL-63,PRODUCTO_STOCKEABLE,Armazones,Steffani,,,,,UNIDAD,origen: PILAR=P2 - Inventario.xlsx#591@2026-08-10
PIL-103546,AH PAT FLEX PLATEADO K9040 52-18-135 COL-583,PRODUCTO_STOCKEABLE,Armazones,Steffani,,,,,UNIDAD,origen: PILAR=P2 - Inventario.xlsx#592@2026-08-10
PIL-103548,AH PAT FLEX PLATEADO K9030 54-17-135 COL-63,PRODUCTO_STOCKEABLE,Armazones,Steffani,,,,,UNIDAD,origen: PILAR=P2 - Inventario.xlsx#593@2026-08-10
PIL-103551,AC PAT FIJA GRIS K9838 49-22-144 C800,PRODUCTO_STOCKEABLE,Armazones,Steffani,,,,,UNIDAD,origen: PILAR=P2 - Inventario.xlsx#519@2026-08-10
PIL-103563,AC PAT FLEX NARANJA CON CLIP NGG5351 54-18-145 C5,PRODUCTO_STOCKEABLE,Armazones,Niquel & Gold,,,,,UNIDAD,origen: PILAR=P2 - Inventario.xlsx#599@2026-08-10
PIL-103564,AC PAT FLEX AZUL CON CLIP NG1904 49-19-143 C4,PRODUCTO_STOCKEABLE,Armazones,Niquel & Gold,,,,,UNIDAD,origen: PILAR=P2 - Inventario.xlsx#600@2026-08-10
PIL-103569,AH PAT FLEX PLATEADO K9029 51-17-135 COL-71,PRODUCTO_STOCKEABLE,Armazones,Steffani,,,,,UNIDAD,origen: PILAR=P2 - Inventario.xlsx#594@2026-08-10
PIL-103580,AH PAT FLEX DORADO K9546 53-17-140 C509,PRODUCTO_STOCKEABLE,Armazones,Steffani,,,,,UNIDAD,origen: PILAR=P2 - Inventario.xlsx#517@2026-08-10
PIL-103581,AC PAT FLEX BLANCO CON CLIP R6057 55-17-145 C5,PRODUCTO_STOCKEABLE,Armazones,Graffiti,,,,,UNIDAD,origen: PILAR=P2 - Inventario.xlsx#598@2026-08-10
PIL-103595,AC PAT FLEX AZUL TL3523 C2 54-16-140,PRODUCTO_STOCKEABLE,Armazones,Betania,,,,,UNIDAD,origen: PILAR=P2 - Inventario.xlsx#509@2026-08-10
PIL-103596,AC PAT FLEX CELESTE K9336 50-15-135 C881,PRODUCTO_STOCKEABLE,Armazones,Steffani,,,,,UNIDAD,origen: PILAR=P2 - Inventario.xlsx#516@2026-08-10
PIL-103597,AC PAT FLEX AZUL MIKE 1 42-17-130,PRODUCTO_STOCKEABLE,Armazones,Mira Flex,,,,,UNIDAD,origen: PILAR=P2 - Inventario.xlsx#512@2026-08-10
PIL-103604,AC PAT FLEX NEGRO  NATT 8225-2 C1 51 19-140,PRODUCTO_STOCKEABLE,Armazones,Natt,,,,,UNIDAD,origen: PILAR=P2 - Inventario.xlsx#506@2026-08-10
PIL-103605,AC PAT FLEX AZUL NATT8234-1 C3 51 22-140,PRODUCTO_STOCKEABLE,Armazones,Natt,,,,,UNIDAD,origen: PILAR=P2 - Inventario.xlsx#507@2026-08-10
PIL-103609,AC PAT FLEX NEGRO K9804 54-16-143 C502,PRODUCTO_STOCKEABLE,Armazones,Steffani,,,,,UNIDAD,origen: PILAR=P2 - Inventario.xlsx#535@2026-08-10
PIL-103612,AC PAT FLEX NEGRO F88187 51-17-140 C4,PRODUCTO_STOCKEABLE,Armazones,Betania,,,,,UNIDAD,origen: PILAR=P2 - Inventario.xlsx#449@2026-08-10
PIL-103614,AC PAT FLEX CREMA MQ6534 53-17-142 C4,PRODUCTO_STOCKEABLE,Armazones,Altania,,,,,UNIDAD,origen: PILAR=P2 - Inventario.xlsx#442@2026-08-10
PIL-103618,AC PAT FLEX MARRON K9397 53-17-140 C980,PRODUCTO_STOCKEABLE,Armazones,Steffani,,,,,UNIDAD,origen: PILAR=P2 - Inventario.xlsx#533@2026-08-10
PIL-103629,AC PAT FIJA NEGRO ST-1396 COL-11. 56 17-135,PRODUCTO_STOCKEABLE,Armazones,Scorpio,,,,,UNIDAD,origen: PILAR=P2 - Inventario.xlsx#508@2026-08-10
PIL-103632,AC PAT FLEX TRANSPARENTE-LILA 3907M 52-16-135 COL.BT5,PRODUCTO_STOCKEABLE,Armazones,Hanis,,,,,UNIDAD,origen: PILAR=P2 - Inventario.xlsx#522@2026-08-10
PIL-103633,AC PAT FIJA NEGRO H9715 54-16-138 C611,PRODUCTO_STOCKEABLE,Armazones,Unicity,,,,,UNIDAD,origen: PILAR=P2 - Inventario.xlsx#515@2026-08-10
PIL-103642,AC PAT FLEX NEGRO V1263 54-17-145 C200,PRODUCTO_STOCKEABLE,Armazones,Vicrola,,,,,UNIDAD,origen: PILAR=P2 - Inventario.xlsx#539@2026-08-10
PIL-103655,AC PAT FLEX NEGRO NEW BABY 4 47/17,PRODUCTO_STOCKEABLE,Armazones,Mira Flex,,,,,UNIDAD,origen: PILAR=P2 - Inventario.xlsx#510@2026-08-10
PIL-103669,AC PAT FLEX LILA 7503 C2 45-16-135,PRODUCTO_STOCKEABLE,Armazones,Emeflex,,,,,UNIDAD,origen: PILAR=P2 - Inventario.xlsx#513@2026-08-10
PIL-103671,AC PAT FLEX CELESTE K9342 45-16-125 C35,PRODUCTO_STOCKEABLE,Armazones,Steffani,,,,,UNIDAD,origen: PILAR=P2 - Inventario.xlsx#514@2026-08-10
PIL-103672,AC PAT FLEX NEGRO NEW BABY 42-16-130,PRODUCTO_STOCKEABLE,Armazones,Mira Flex,,,,,UNIDAD,origen: PILAR=P2 - Inventario.xlsx#511@2026-08-10
PIL-103679,AC PAT FLEX NEGRO K9770 53-17-140 C224,PRODUCTO_STOCKEABLE,Armazones,Steffani,,,,,UNIDAD,origen: PILAR=P2 - Inventario.xlsx#536@2026-08-10
PIL-103695,AC PAT FLEX ROJO BA2302 52-17-140 CF6,PRODUCTO_STOCKEABLE,Armazones,Bacchio,,,,,UNIDAD,origen: PILAR=P2 - Inventario.xlsx#529@2026-08-10
PIL-103708,AC PAT FLEX GRIS OSCURO MIKE 1 42-17-130,PRODUCTO_STOCKEABLE,Armazones,Mira Flex,,,,,UNIDAD,origen: PILAR=P2 - Inventario.xlsx#541@2026-08-10
PIL-103716,ACPAT FLEX ROSA CLIP-ON BS2411 52-18-140 CB7,PRODUCTO_STOCKEABLE,Armazones,Bosani,,,,,UNIDAD,origen: PILAR=P2 - Inventario.xlsx#540@2026-08-10
PIL-103720,AC PAT FLEX LILA BC4469 45-18-130 C5,PRODUCTO_STOCKEABLE,Armazones,Altania,,,,,UNIDAD,origen: PILAR=P2 - Inventario.xlsx#452@2026-08-10
PIL-103721,AC PAT FLEX TRANSPARENTE XB2015 52-25-145 C2,PRODUCTO_STOCKEABLE,Armazones,Bosani,,,,,UNIDAD,origen: PILAR=P2 - Inventario.xlsx#523@2026-08-10
PIL-103725,AC PAT FLEX AZUL V1263 54-17-145 C700,PRODUCTO_STOCKEABLE,Armazones,Vicrola,,,,,UNIDAD,origen: PILAR=P2 - Inventario.xlsx#537@2026-08-10
PIL-103727,AC PAT FLEX NEGRO XB2012 53-22-145 C9,PRODUCTO_STOCKEABLE,Armazones,Bosani,,,,,UNIDAD,origen: PILAR=P2 - Inventario.xlsx#526@2026-08-10
PIL-103731,AC PAT FLEX ANIMAL PRINT K9433A 53-17-140 C509,PRODUCTO_STOCKEABLE,Armazones,Steffani,,,,,UNIDAD,origen: PILAR=P2 - Inventario.xlsx#532@2026-08-10
PIL-103734,AC PAT FLEX GRIS TRANSPARENTE XB2012 53-22-145 C3,PRODUCTO_STOCKEABLE,Armazones,Bosani,,,,,UNIDAD,origen: PILAR=P2 - Inventario.xlsx#528@2026-08-10
PIL-103737,AC PAT FLEX TRANSPARENTE XB2011 58-18-145 C2,PRODUCTO_STOCKEABLE,Armazones,Bosani,,,,,UNIDAD,origen: PILAR=P2 - Inventario.xlsx#527@2026-08-10
PIL-103739,AC PAT FLEX NEGRO K9383 59-18-145 C214,PRODUCTO_STOCKEABLE,Armazones,Steffani,,,,,UNIDAD,origen: PILAR=P2 - Inventario.xlsx#534@2026-08-10
PIL-103742,AC PAT FLEX NEGRO V1263 54-17-145 C208,PRODUCTO_STOCKEABLE,Armazones,Vicrola,,,,,UNIDAD,origen: PILAR=P2 - Inventario.xlsx#538@2026-08-10
PIL-103743,AH PAT FLEX DORADO BA2303 54-17-140 CBK0,PRODUCTO_STOCKEABLE,Armazones,Bacchio,,,,,UNIDAD,origen: PILAR=P2 - Inventario.xlsx#531@2026-08-10
PIL-103746,AH PAT FLEX DORADO BA2303 54-17-140 CBK7,PRODUCTO_STOCKEABLE,Armazones,Bacchio,,,,,UNIDAD,origen: PILAR=P2 - Inventario.xlsx#530@2026-08-10
PIL-103750,AC PAT FLEX VERDE XB2012 53-22-145 C8,PRODUCTO_STOCKEABLE,Armazones,Bosani,,,,,UNIDAD,origen: PILAR=P2 - Inventario.xlsx#524@2026-08-10
PIL-103752,AC PAT FLEX MARRON XB2011 58-18-145 C7,PRODUCTO_STOCKEABLE,Armazones,Bosani,,,,,UNIDAD,origen: PILAR=P2 - Inventario.xlsx#525@2026-08-10
PIL-103754,AC PAT FLEX LILA HT2113 47-20-135 C5,PRODUCTO_STOCKEABLE,Armazones,Betania,,,,,UNIDAD,origen: PILAR=P2 - Inventario.xlsx#447@2026-08-10
PIL-103756,AC PAT FLEX AZUL HT2111 49-18-135 C2,PRODUCTO_STOCKEABLE,Armazones,Altania,,,,,UNIDAD,origen: PILAR=P2 - Inventario.xlsx#457@2026-08-10
PIL-103757,AC PAT FLEX LILA F88197 46-20-140 C2,PRODUCTO_STOCKEABLE,Armazones,Betania,,,,,UNIDAD,origen: PILAR=P2 - Inventario.xlsx#446@2026-08-10
PIL-103758,AC PAT FLEX NARANJA BC4468 46-16-130 C5,PRODUCTO_STOCKEABLE,Armazones,Altania,,,,,UNIDAD,origen: PILAR=P2 - Inventario.xlsx#450@2026-08-10
PIL-103760,AC PAT FLEX ROJO BC4470 47-16-130 C1,PRODUCTO_STOCKEABLE,Armazones,Altania,,,,,UNIDAD,origen: PILAR=P2 - Inventario.xlsx#453@2026-08-10
PIL-103761,AC PAT FLEX NEGRO BC4469 45-18-130 C1,PRODUCTO_STOCKEABLE,Armazones,Altania,,,,,UNIDAD,origen: PILAR=P2 - Inventario.xlsx#456@2026-08-10
PIL-103762,AC PAT FLEX NEGRO HT2111 49-18-135 C4,PRODUCTO_STOCKEABLE,Armazones,Altania,,,,,UNIDAD,origen: PILAR=P2 - Inventario.xlsx#458@2026-08-10
PIL-103765,AH PAT FLEX  ROJO BA2301 53-17-140 CF6,PRODUCTO_STOCKEABLE,Armazones,Bacchio,,,,,UNIDAD,origen: PILAR=P2 - Inventario.xlsx#298@2026-08-10
PIL-103769,AC PAT FLEX NEGRO HT2104 45-18-140 C5,PRODUCTO_STOCKEABLE,Armazones,Betania,,,,,UNIDAD,origen: PILAR=P2 - Inventario.xlsx#445@2026-08-10
PIL-103775,AC PAT FIJA MARRON BOC24018 54-19-143 COL.FE2,PRODUCTO_STOCKEABLE,Lentes de Sol,Bosani,,,,,UNIDAD,origen: PILAR=P2 - Inventario.xlsx#972@2026-08-10
PIL-103776,AC PAT FIJA NEGRO BOC2012 55-18-142 COL.F1,PRODUCTO_STOCKEABLE,Lentes de Sol,Bosani,,,,,UNIDAD,origen: PILAR=P2 - Inventario.xlsx#973@2026-08-10
PIL-103781,AC PAT FLEX NEGRO BC4468 46-16-130 C4,PRODUCTO_STOCKEABLE,Armazones,Altania,,,,,UNIDAD,origen: PILAR=P2 - Inventario.xlsx#451@2026-08-10
PIL-103785,AC PAT FIJA NEGRO BOC24025 55-18-145 COL.BT1,PRODUCTO_STOCKEABLE,Lentes de Sol,Bosani,,,,,UNIDAD,origen: PILAR=P2 - Inventario.xlsx#974@2026-08-10
PIL-103798,AC PAT FIJA ROSA DCP23005 59-16-140 COL.CBK7,PRODUCTO_STOCKEABLE,Lentes de Sol,Discovery,,,,,UNIDAD,origen: PILAR=P2 - Inventario.xlsx#969@2026-08-10
PIL-103799,AC PAT FIJA DORADO DCP23003 59-16-144 COL.CET13,PRODUCTO_STOCKEABLE,Lentes de Sol,Discovery,,,,,UNIDAD,origen: PILAR=P2 - Inventario.xlsx#967@2026-08-10
PIL-103801,AC PAT FIJA DORADO DCP23005 59-16-140 COL.CBK0,PRODUCTO_STOCKEABLE,Lentes de Sol,Discovery,,,,,UNIDAD,origen: PILAR=P2 - Inventario.xlsx#968@2026-08-10
PIL-103804,AC PAT FLEX ROJO L23001 50-18-142 C7,PRODUCTO_STOCKEABLE,Armazones,Altania,,,,,UNIDAD,origen: PILAR=P2 - Inventario.xlsx#454@2026-08-10
PIL-103805,AC PAT FLEX GRIS HT2104 45-18-140 C4,PRODUCTO_STOCKEABLE,Armazones,Betania,,,,,UNIDAD,origen: PILAR=P2 - Inventario.xlsx#448@2026-08-10
PIL-103807,AC PAT FLEX NEGRO F88194 50-17-140 C1,PRODUCTO_STOCKEABLE,Armazones,Betania,,,,,UNIDAD,origen: PILAR=P2 - Inventario.xlsx#441@2026-08-10
PIL-103808,AC PAT FIJA AZUL DCP23029 61-14-140 COL.CE3,PRODUCTO_STOCKEABLE,Lentes de Sol,Discovery,,,,,UNIDAD,origen: PILAR=P2 - Inventario.xlsx#970@2026-08-10
PIL-103811,AC PAT FLEX TRANSPARENTE 8101 53-18-145 C3,PRODUCTO_STOCKEABLE,Armazones,Betania,,,,,UNIDAD,origen: PILAR=P2 - Inventario.xlsx#440@2026-08-10
PIL-103815,AC PAT FLEX LILA 8041 53-18-145 C3,PRODUCTO_STOCKEABLE,Armazones,Betania,,,,,UNIDAD,origen: PILAR=P2 - Inventario.xlsx#439@2026-08-10
PIL-103816,AC PAT FIJA NEGRO DP020-012 COL.35,PRODUCTO_STOCKEABLE,Lentes de Sol,Discovery,,,,,UNIDAD,origen: PILAR=P2 - Inventario.xlsx#966@2026-08-10
PIL-103817,AC PAT FIJA ROJO DCP23043 54-18-144 COL.CET6,PRODUCTO_STOCKEABLE,Lentes de Sol,Discovery,,,,,UNIDAD,origen: PILAR=P2 - Inventario.xlsx#971@2026-08-10
PIL-103819,AC PAT FLEX GRIS HT2111 49-18-135 C3,PRODUCTO_STOCKEABLE,Armazones,Altania,,,,,UNIDAD,origen: PILAR=P2 - Inventario.xlsx#455@2026-08-10
PIL-103822,AC PA FLEX GRIS TA1023 52-18-140 C1,PRODUCTO_STOCKEABLE,Armazones,Altania,,,,,UNIDAD,origen: PILAR=P2 - Inventario.xlsx#443@2026-08-10
PIL-103823,AC PAT FLEX NEGRO TA1023 52-18-140 C2,PRODUCTO_STOCKEABLE,Armazones,Altania,,,,,UNIDAD,origen: PILAR=P2 - Inventario.xlsx#444@2026-08-10
PIL-103837,AC PAT FLEX AZUL CLIP-ON G5166 56-19-150 C3,PRODUCTO_STOCKEABLE,Armazones,Altania,,,,,UNIDAD,origen: PILAR=P2 - Inventario.xlsx#459@2026-08-10
PIL-103841,AC PAT FLEX GRIS 88924 53-17-140 C2,PRODUCTO_STOCKEABLE,Armazones,Betania,,,,,UNIDAD,origen: PILAR=P2 - Inventario.xlsx#500@2026-08-10
PIL-103844,AC PAT FIJA DORADO CLIP-ON YC3042 55-14-145 C2,PRODUCTO_STOCKEABLE,Armazones,Betania,,,,,UNIDAD,origen: PILAR=P2 - Inventario.xlsx#463@2026-08-10
PIL-103845,AC PAT FLEX ROSA CLIP-ON 7002 54-14-142 C1,PRODUCTO_STOCKEABLE,Armazones,Betania,,,,,UNIDAD,origen: PILAR=P2 - Inventario.xlsx#461@2026-08-10
PIL-103846,AC PAT FIJA AZUL CLIP-ON YC3037 53-18-140 C5,PRODUCTO_STOCKEABLE,Armazones,Betania,,,,,UNIDAD,origen: PILAR=P2 - Inventario.xlsx#462@2026-08-10
PIL-103848,AC PAT FIJA GRIS CLIP-ON YC3042 55-14-145 C3,PRODUCTO_STOCKEABLE,Armazones,Betania,,,,,UNIDAD,origen: PILAR=P2 - Inventario.xlsx#464@2026-08-10
PIL-103851,AC PAT FLEX CELESTE CLIP-ON G5519 54-17-145 C5,PRODUCTO_STOCKEABLE,Armazones,Altania,,,,,UNIDAD,origen: PILAR=P2 - Inventario.xlsx#460@2026-08-10
PIL-103853,AC PAT FLEX DP NEGRO V1208 60-12-145 C200,PRODUCTO_STOCKEABLE,Armazones,Steffani,,,,,UNIDAD,origen: PILAR=P2 - Inventario.xlsx#424@2026-08-10
PIL-103858,AC PAT FLEX DORADO K9870 53-19-144 C22,PRODUCTO_STOCKEABLE,Armazones,Steffani,,,,,UNIDAD,origen: PILAR=P2 - Inventario.xlsx#425@2026-08-10
PIL-103873,AC PAT FLEX BLANCO K9781 54-17-142 C527,PRODUCTO_STOCKEABLE,Armazones,Steffani,,,,,UNIDAD,origen: PILAR=P2 - Inventario.xlsx#427@2026-08-10
PIL-103874,AC PAT FLEX AZUL K9833 57-17-145 C700,PRODUCTO_STOCKEABLE,Armazones,Steffani,,,,,UNIDAD,origen: PILAR=P2 - Inventario.xlsx#428@2026-08-10
PIL-103875,AC PAT FLEX NEGRO K9833 57-17-145 C600,PRODUCTO_STOCKEABLE,Armazones,Steffani,,,,,UNIDAD,origen: PILAR=P2 - Inventario.xlsx#429@2026-08-10
PIL-103879,AC PAT FLEX AZUL K9870 53-19-144 C700,PRODUCTO_STOCKEABLE,Armazones,Steffani,,,,,UNIDAD,origen: PILAR=P2 - Inventario.xlsx#426@2026-08-10
PIL-103882,AC PAT FLEX DORADO K9866 53-17-142 C519,PRODUCTO_STOCKEABLE,Armazones,Steffani,,,,,UNIDAD,origen: PILAR=P2 - Inventario.xlsx#430@2026-08-10
PIL-103896,AC PAT FIJA FUCSIA K9885 54-16-141 C24,PRODUCTO_STOCKEABLE,Armazones,Steffani,,,,,UNIDAD,origen: PILAR=P2 - Inventario.xlsx#431@2026-08-10
PIL-103897,AC PAT FLEX NEGRO HD3022 53-16-145 C1,PRODUCTO_STOCKEABLE,Armazones,CG,,,,,UNIDAD,origen: PILAR=P2 - Inventario.xlsx#468@2026-08-10
PIL-103898,AC PAT FLEX ROSA MIKE 1 42-17-130 COL BS,PRODUCTO_STOCKEABLE,Armazones,Mira Flex,,,,,UNIDAD,origen: PILAR=P2 - Inventario.xlsx#483@2026-08-10
PIL-103901,AC PAT FLEX AZUL GV1013 49-20-145 C3,PRODUCTO_STOCKEABLE,Armazones,CG,,,,,UNIDAD,origen: PILAR=P2 - Inventario.xlsx#465@2026-08-10
PIL-103906,AC PAT FLEX NEGRO GV1013 49-20-145 C1,PRODUCTO_STOCKEABLE,Armazones,CG,,,,,UNIDAD,origen: PILAR=P2 - Inventario.xlsx#466@2026-08-10
PIL-103916,AC PAT FLEX MARRON GV1050 60-18-150 C3,PRODUCTO_STOCKEABLE,Armazones,CG,,,,,UNIDAD,origen: PILAR=P2 - Inventario.xlsx#471@2026-08-10
PIL-103918,AC PAT FLEX ROJO FP2119 54-17-140 C6,PRODUCTO_STOCKEABLE,Armazones,CG,,,,,UNIDAD,origen: PILAR=P2 - Inventario.xlsx#467@2026-08-10
PIL-103924,AC PAT FLEX AZUL MIKE 1 42-17-130 COL CP,PRODUCTO_STOCKEABLE,Armazones,Mira Flex,,,,,UNIDAD,origen: PILAR=P2 - Inventario.xlsx#484@2026-08-10
PIL-103926,AC PAT FLEX CELESTE 9974 54-16-143 C5,PRODUCTO_STOCKEABLE,Armazones,CG,,,,,UNIDAD,origen: PILAR=P2 - Inventario.xlsx#469@2026-08-10
PIL-103933,AC PAT FLEX MARRON XB2011 58-18-145 C7,PRODUCTO_STOCKEABLE,Armazones,Bosani,,,,,UNIDAD,origen: PILAR=P2 - Inventario.xlsx#474@2026-08-10
PIL-103936,AC PAT FLEX NEGRO 9021 54-18-143 C6,PRODUCTO_STOCKEABLE,Armazones,CG,,,,,UNIDAD,origen: PILAR=P2 - Inventario.xlsx#470@2026-08-10
PIL-103938,AC PAT FLEX TRANSPARENTE XB2011 58-18-145 C2,PRODUCTO_STOCKEABLE,Armazones,Bosani,,,,,UNIDAD,origen: PILAR=P2 - Inventario.xlsx#475@2026-08-10
PIL-103939,AC PAT FLEX ROJO NICKI 50-19-142 COL KP,PRODUCTO_STOCKEABLE,Armazones,Mira Flex,,,,,UNIDAD,origen: PILAR=P2 - Inventario.xlsx#486@2026-08-10
PIL-103941,AC PAT FLEX ROSA BA2302 52-17-140 CF5,PRODUCTO_STOCKEABLE,Armazones,Bacchio,,,,,UNIDAD,origen: PILAR=P2 - Inventario.xlsx#473@2026-08-10
PIL-103943,AC PAT FLEX TRANSPARENTE DB1751 48-17-130 C2,PRODUCTO_STOCKEABLE,Armazones,Hanis,,,,,UNIDAD,origen: PILAR=P2 - Inventario.xlsx#472@2026-08-10
PIL-103946,AC PAT FLEX CELESTE 88915 51-16-140 C7,PRODUCTO_STOCKEABLE,Armazones,Betania,,,,,UNIDAD,origen: PILAR=P2 - Inventario.xlsx#498@2026-08-10
PIL-103955,AC PAT FLEX AZUL NICKI 50-19-142 COL DS,PRODUCTO_STOCKEABLE,Armazones,Mira Flex,,,,,UNIDAD,origen: PILAR=P2 - Inventario.xlsx#487@2026-08-10
PIL-103960,AC PAT FLEX LILA MAYAN 3 47-17-128 COL P,PRODUCTO_STOCKEABLE,Armazones,Mira Flex,,,,,UNIDAD,origen: PILAR=P2 - Inventario.xlsx#476@2026-08-10
PIL-103961,AC PAT FLEX NEGRO NICKI 48-16-138 COL JS,PRODUCTO_STOCKEABLE,Armazones,Mira Flex,,,,,UNIDAD,origen: PILAR=P2 - Inventario.xlsx#485@2026-08-10
PIL-103962,AC PAT FLEX LILA VENUS 48-15-130 C41,PRODUCTO_STOCKEABLE,Armazones,Mira Flex,,,,,UNIDAD,origen: PILAR=P2 - Inventario.xlsx#490@2026-08-10
PIL-103965,AC PAT FLEX GRIS K7053 52-20-145 C4,PRODUCTO_STOCKEABLE,Armazones,Betania,,,,,UNIDAD,origen: PILAR=P2 - Inventario.xlsx#499@2026-08-10
PIL-103968,AC PAT FLEX AZUL BABY ONE 2 44-16 COL D,PRODUCTO_STOCKEABLE,Armazones,Mira Flex,,,,,UNIDAD,origen: PILAR=P2 - Inventario.xlsx#477@2026-08-10
PIL-103969,AC PAT FLEX VERDE MIKE 2 44-16-130 COL VP,PRODUCTO_STOCKEABLE,Armazones,Mira Flex,,,,,UNIDAD,origen: PILAR=P2 - Inventario.xlsx#482@2026-08-10
PIL-103970,AC PAT FIJA NEGRO-AMARILLO BOL2519 156-130 F1F9,PRODUCTO_STOCKEABLE,Lentes de Sol,Bosani,,,,,UNIDAD,origen: PILAR=P2 - Inventario.xlsx#989@2026-08-10
PIL-103975,AC PAT FLEX AZUL WILL 47-16-135 C 130,PRODUCTO_STOCKEABLE,Armazones,Mira Flex,,,,,UNIDAD,origen: PILAR=P2 - Inventario.xlsx#488@2026-08-10
PIL-103978,AC PAT FLEX ROSA MAYAN 2 42-15-125 COL B,PRODUCTO_STOCKEABLE,Armazones,Mira Flex,,,,,UNIDAD,origen: PILAR=P2 - Inventario.xlsx#481@2026-08-10
PIL-103979,AC PAT FLEX AZUL EDY 49-16-130 S.DK.BLUE,PRODUCTO_STOCKEABLE,Armazones,Mira Flex,,,,,UNIDAD,origen: PILAR=P2 - Inventario.xlsx#489@2026-08-10
PIL-103984,AC PAT FLEX ROJO MAYAN 2 42-15-125 COL I,PRODUCTO_STOCKEABLE,Armazones,Mira Flex,,,,,UNIDAD,origen: PILAR=P2 - Inventario.xlsx#479@2026-08-10
PIL-103985,AC PAT FLEX ROSA BABY ONE 2 44-16 COL B,PRODUCTO_STOCKEABLE,Armazones,Mira Flex,,,,,UNIDAD,origen: PILAR=P2 - Inventario.xlsx#478@2026-08-10
PIL-103991,AC PAT FLEX AZUL MAYAN 2 42-15-125 COL DS,PRODUCTO_STOCKEABLE,Armazones,Mira Flex,,,,,UNIDAD,origen: PILAR=P2 - Inventario.xlsx#480@2026-08-10
PIL-103994,AC PAT FLEX CELESTE 97258 53-17-142 C7,PRODUCTO_STOCKEABLE,Armazones,Betania,,,,,UNIDAD,origen: PILAR=P2 - Inventario.xlsx#497@2026-08-10
PIL-103997,AC PAT FLEX NEGRO AY6958 54-18-144 C2,PRODUCTO_STOCKEABLE,Armazones,Betania,,,,,UNIDAD,origen: PILAR=P2 - Inventario.xlsx#495@2026-08-10
PIL-103999,AC PAT FLEX NEGRO K7053 52-20-145 C1,PRODUCTO_STOCKEABLE,Armazones,Betania,,,,,UNIDAD,origen: PILAR=P2 - Inventario.xlsx#496@2026-08-10
PIL-104001,AC PAT FIJA MARRON BOL2514 56-19-140 F2,PRODUCTO_STOCKEABLE,Lentes de Sol,Bosani,,,,,UNIDAD,origen: PILAR=P2 - Inventario.xlsx#987@2026-08-10
PIL-104003,AC PAT FIJA NEGRO BOL2533 71-12-140 F1F13,PRODUCTO_STOCKEABLE,Lentes de Sol,Bosani,,,,,UNIDAD,origen: PILAR=P2 - Inventario.xlsx#979@2026-08-10
PIL-104019,AC PAT FIJA ROSA BOL2516 146-128 BT7,PRODUCTO_STOCKEABLE,Lentes de Sol,Bosani,,,,,UNIDAD,origen: PILAR=P2 - Inventario.xlsx#990@2026-08-10
PIL-104022,AC PAT FLEX NEGRO BA2505 55-17-140 F1,PRODUCTO_STOCKEABLE,Armazones,Bosani,,,,,UNIDAD,origen: PILAR=P2 - Inventario.xlsx#300@2026-08-10
PIL-104023,AC PAT FLEX NEGRO BOL2528 53-22-150 F1F13,PRODUCTO_STOCKEABLE,Lentes de Sol,Bosani,,,,,UNIDAD,origen: PILAR=P2 - Inventario.xlsx#977@2026-08-10
PIL-104025,AC PAT FIJA NEGRO-AMARILLO BOL2515 55-21-145 B1F9,PRODUCTO_STOCKEABLE,Lentes de Sol,Bosani,,,,,UNIDAD,origen: PILAR=P2 - Inventario.xlsx#986@2026-08-10
PIL-104028,AC PAT FIJA MARRON BOL2533 71-12-140 B1F2,PRODUCTO_STOCKEABLE,Lentes de Sol,Bosani,,,,,UNIDAD,origen: PILAR=P2 - Inventario.xlsx#980@2026-08-10
PIL-104029,AC PAT FIJA GRIS BOC25021 55-18-143 COL.BT13,PRODUCTO_STOCKEABLE,Lentes de Sol,Bosani,,,,,UNIDAD,origen: PILAR=P2 - Inventario.xlsx#981@2026-08-10
PIL-104032,AC PAT FIJA AZUL BOL2514 56-19-140 F3,PRODUCTO_STOCKEABLE,Lentes de Sol,Bosani,,,,,UNIDAD,origen: PILAR=P2 - Inventario.xlsx#984@2026-08-10
PIL-104035,AC PAT FLEX TRANSPARENTE 97272 54-20-145 C6,PRODUCTO_STOCKEABLE,Armazones,Betania,,,,,UNIDAD,origen: PILAR=P2 - Inventario.xlsx#493@2026-08-10
PIL-104040,AC PAT FLEX NEGRO XH0022 51-19-145 C1,PRODUCTO_STOCKEABLE,Armazones,Betania,,,,,UNIDAD,origen: PILAR=P2 - Inventario.xlsx#494@2026-08-10
PIL-104041,AC PAT FLEX TRANSPARENTE 97258 53-17-142 C6,PRODUCTO_STOCKEABLE,Armazones,Betania,,,,,UNIDAD,origen: PILAR=P2 - Inventario.xlsx#492@2026-08-10
PIL-104045,AC PAT FLEX NEGRO BOL2530 55-16-145 B1F13,PRODUCTO_STOCKEABLE,Lentes de Sol,Bosani,,,,,UNIDAD,origen: PILAR=P2 - Inventario.xlsx#978@2026-08-10
PIL-104046,AC PAT FLEX LILA EDY 49-16-130 M.DKM.PURP,PRODUCTO_STOCKEABLE,Armazones,Mira Flex,,,,,UNIDAD,origen: PILAR=P2 - Inventario.xlsx#491@2026-08-10
PIL-104055,AC PAT FLEX NEGRO BA2502 55-16-140 F1,PRODUCTO_STOCKEABLE,Armazones,Bosani,,,,,UNIDAD,origen: PILAR=P2 - Inventario.xlsx#299@2026-08-10
PIL-104057,AC PAT FLEX PLATEADO BA2505 55-17-140 B13,PRODUCTO_STOCKEABLE,Armazones,Bosani,,,,,UNIDAD,origen: PILAR=P2 - Inventario.xlsx#301@2026-08-10
PIL-104062,AC PAT FIJA AZUL BOL2513 56-18-140 F3,PRODUCTO_STOCKEABLE,Lentes de Sol,Bosani,,,,,UNIDAD,origen: PILAR=P2 - Inventario.xlsx#988@2026-08-10
PIL-104066,AC PAT FIJA ROSA BOL2510 55-18-148 FT7,PRODUCTO_STOCKEABLE,Lentes de Sol,Bosani,,,,,UNIDAD,origen: PILAR=P2 - Inventario.xlsx#985@2026-08-10
PIL-104070,AC PAT FIJA VERDE BOL2504 55-18-145 BM4,PRODUCTO_STOCKEABLE,Lentes de Sol,Bosani,,,,,UNIDAD,origen: PILAR=P2 - Inventario.xlsx#982@2026-08-10
PIL-104071,AC PAT FIJA NEGRO BOL2504 55-18-145 BT1,PRODUCTO_STOCKEABLE,Lentes de Sol,Bosani,,,,,UNIDAD,origen: PILAR=P2 - Inventario.xlsx#983@2026-08-10
PIL-104082,AC PAT FLEX ROSA K9927 54-17-142 COL820,PRODUCTO_STOCKEABLE,Armazones,Steffani,,,,,UNIDAD,origen: PILAR=P2 - Inventario.xlsx#302@2026-08-10
PIL-104088,AC PAT FLEX MARRON K9927 54-17-142 COL817,PRODUCTO_STOCKEABLE,Armazones,Steffani,,,,,UNIDAD,origen: PILAR=P2 - Inventario.xlsx#303@2026-08-10
PIL-104092,AC PAT FLEX GRIS K9927 54-17-142 COL827,PRODUCTO_STOCKEABLE,Armazones,Steffani,,,,,UNIDAD,origen: PILAR=P2 - Inventario.xlsx#304@2026-08-10
PIL-104093,AC PAT FLEX LILA K9382 54-18-140 COL948,PRODUCTO_STOCKEABLE,Armazones,Steffani,,,,,UNIDAD,origen: PILAR=P2 - Inventario.xlsx#305@2026-08-10
PIL-104103,AC PAT FLEX NEGRO DT30039 54-17-140 C3,PRODUCTO_STOCKEABLE,Armazones,Niquel & Gold,,,,,UNIDAD,origen: PILAR=P2 - Inventario.xlsx#436@2026-08-10
PIL-104106,AC PAT FIJA NEGRO NG1905 53-16-143 C3,PRODUCTO_STOCKEABLE,Armazones,Niquel & Gold,,,,,UNIDAD,origen: PILAR=P2 - Inventario.xlsx#438@2026-08-10
PIL-104108,AC PAT FLEX AZUL K9811 53-15-143 COL756,PRODUCTO_STOCKEABLE,Armazones,Steffani,,,,,UNIDAD,origen: PILAR=P2 - Inventario.xlsx#306@2026-08-10
PIL-104113,AC PAT FIJA NEGRO G1008 52-16-145 C2,PRODUCTO_STOCKEABLE,Armazones,Graffiti,,,,,UNIDAD,origen: PILAR=P2 - Inventario.xlsx#433@2026-08-10
PIL-104119,AC PAT FLEX TRANSPARENTE H2981 53-18-145 C612,PRODUCTO_STOCKEABLE,Armazones,Unicity,,,,,UNIDAD,origen: PILAR=P2 - Inventario.xlsx#308@2026-08-10
PIL-104124,AC PAT FIJA TRANSPARENTE G1004 54-19-145 C3,PRODUCTO_STOCKEABLE,Armazones,Graffiti,,,,,UNIDAD,origen: PILAR=P2 - Inventario.xlsx#432@2026-08-10
PIL-104127,AC PAT FLEX NEGRO GV1050 60-18-150 C2,PRODUCTO_STOCKEABLE,Armazones,CG,,,,,UNIDAD,origen: PILAR=P2 - Inventario.xlsx#48@2026-08-10
PIL-104130,AC PAT FIJA NEGRO NG2007 51-17-143 C1,PRODUCTO_STOCKEABLE,Armazones,Niquel & Gold,,,,,UNIDAD,origen: PILAR=P2 - Inventario.xlsx#437@2026-08-10
PIL-104131,AC PAT FIJA TRANSPARENTE G1011 48-21-145 C1,PRODUCTO_STOCKEABLE,Armazones,Graffiti,,,,,UNIDAD,origen: PILAR=P2 - Inventario.xlsx#434@2026-08-10
PIL-104134,AC PAT FLEX NEGRO K9811 53-15-143 COL201,PRODUCTO_STOCKEABLE,Armazones,Steffani,,,,,UNIDAD,origen: PILAR=P2 - Inventario.xlsx#307@2026-08-10
PIL-104149,AC PAT FIJA BEIGE G1008 52-16-145 C1,PRODUCTO_STOCKEABLE,Armazones,Graffiti,,,,,UNIDAD,origen: PILAR=P2 - Inventario.xlsx#435@2026-08-10
PIL-104155,AC PAT FLEX NEGRO V1206 49-19-140 C200,PRODUCTO_STOCKEABLE,Armazones,Vicrola,,,,,UNIDAD,origen: PILAR=P2 - Inventario.xlsx#49@2026-08-10
PIL-104157,AC PAT FLEX MARRON H3439 54-20-145 C317,PRODUCTO_STOCKEABLE,Armazones,Unicity,,,,,UNIDAD,origen: PILAR=P2 - Inventario.xlsx#332@2026-08-10
PIL-104161,AC PAT FIJA NEGRO BS1904 53-17-140 COLB1,PRODUCTO_STOCKEABLE,Lentes de Sol,Bosani,,,,,UNIDAD,origen: PILAR=P2 - Inventario.xlsx#1005@2026-08-10
PIL-104167,AC PAT FLEX NEGRO  GU50236 001 54-17-140,PRODUCTO_STOCKEABLE,Armazones,Guess,,,,,UNIDAD,origen: PILAR=P2 - Inventario.xlsx#314@2026-08-10
PIL-104168,AC PAT FLEX NEGRO H3542 57-18-145 C602,PRODUCTO_STOCKEABLE,Armazones,Unicity,,,,,UNIDAD,origen: PILAR=P2 - Inventario.xlsx#326@2026-08-10
PIL-104176,AC PAT FIJA ANIMAL PRINT B5748 54-20-145 C510,PRODUCTO_STOCKEABLE,Lentes de Sol,Alfani,,,,,UNIDAD,origen: PILAR=P2 - Inventario.xlsx#991@2026-08-10
PIL-104177,AC PAT FIJA ANIMAL PRINT GU2986 052 55-16-145,PRODUCTO_STOCKEABLE,Armazones,Guess,,,,,UNIDAD,origen: PILAR=P2 - Inventario.xlsx#318@2026-08-10
PIL-104179,AC PAT FLEX LILA BAAA031 46-17-130 C68,PRODUCTO_STOCKEABLE,Armazones,Barbie,,,,,UNIDAD,origen: PILAR=P2 - Inventario.xlsx#50@2026-08-10
PIL-104182,AC PAT FLEX AZUL SWAA103 49-16-135 C07,PRODUCTO_STOCKEABLE,Armazones,Star Wars,,,,,UNIDAD,origen: PILAR=P2 - Inventario.xlsx#54@2026-08-10
PIL-104184,AC PAT FIJA MARRON BOC24016 57-14-140 COLFE4,PRODUCTO_STOCKEABLE,Lentes de Sol,Bosani,,,,,UNIDAD,origen: PILAR=P2 - Inventario.xlsx#1009@2026-08-10
PIL-104186,AC PAT FLEX NEGRO H3468 55-16-142 C614,PRODUCTO_STOCKEABLE,Armazones,Unicity,,,,,UNIDAD,origen: PILAR=P2 - Inventario.xlsx#327@2026-08-10
PIL-104187,AC PAT FLEX GRIS SWAA104 47-17-135 C62,PRODUCTO_STOCKEABLE,Armazones,Star Wars,,,,,UNIDAD,origen: PILAR=P2 - Inventario.xlsx#55@2026-08-10
PIL-104194,AC PAT FIJA MARRON PLD D563 10A 145,PRODUCTO_STOCKEABLE,Armazones,Polaroid,,,,,UNIDAD,origen: PILAR=P2 - Inventario.xlsx#312@2026-08-10
PIL-104196,AH PAT FIJA MARRON BA2513 57-16-145 B0B2,PRODUCTO_STOCKEABLE,Lentes de Sol,Bosani,,,,,UNIDAD,origen: PILAR=P2 - Inventario.xlsx#1010@2026-08-10
PIL-104200,AC PAT FLEX MARRON K9906 54-16-140 C13,PRODUCTO_STOCKEABLE,Armazones,Steffani,,,,,UNIDAD,origen: PILAR=P2 - Inventario.xlsx#325@2026-08-10
PIL-104203,AC PAT FIJA ROJO BS1904 53-17-140 COLT6,PRODUCTO_STOCKEABLE,Lentes de Sol,Bosani,,,,,UNIDAD,origen: PILAR=P2 - Inventario.xlsx#1004@2026-08-10
PIL-104205,AC PAT FLEX PLATEADO BOL2522 54-18-140 B11,PRODUCTO_STOCKEABLE,Lentes de Sol,Bosani,,,,,UNIDAD,origen: PILAR=P2 - Inventario.xlsx#1001@2026-08-10
PIL-104206,AH PAT FIJA PLATEADO PLD D571/G CTL 145,PRODUCTO_STOCKEABLE,Armazones,Polaroid,,,,,UNIDAD,origen: PILAR=P2 - Inventario.xlsx#313@2026-08-10
PIL-104207,AC PAT FLEX AZUL TB50020 091 54-17-145,PRODUCTO_STOCKEABLE,Armazones,Timberland,,,,,UNIDAD,origen: PILAR=P2 - Inventario.xlsx#319@2026-08-10
PIL-104208,AC PAT FIJA GRIS RB 2447 V 8033 49-21-145,PRODUCTO_STOCKEABLE,Armazones,Ray-Ban,,,,,UNIDAD,origen: PILAR=P2 - Inventario.xlsx#315@2026-08-10
PIL-104212,AC PAT FLEX NEGRO BA2302 52-17-140 CF1,PRODUCTO_STOCKEABLE,Armazones,Bacchio,,,,,UNIDAD,origen: PILAR=P2 - Inventario.xlsx#295@2026-08-10
PIL-104216,AT PAT FIJA NEGRO M6004 55-18-140,PRODUCTO_STOCKEABLE,Armazones,Mormaii,,,,,UNIDAD,origen: PILAR=P2 - Inventario.xlsx#316@2026-08-10
PIL-104218,AC PAT FLEX NEGRO 4125 50-17-135 COLBE2,PRODUCTO_STOCKEABLE,Armazones,Hanis,,,,,UNIDAD,origen: PILAR=P2 - Inventario.xlsx#296@2026-08-10
PIL-104219,AC PAT FIJA PLATEADO RB 6489 AVIATOR METAL II 2501 58-14-140,PRODUCTO_STOCKEABLE,Armazones,Ray-Ban,,,,,UNIDAD,origen: PILAR=P2 - Inventario.xlsx#310@2026-08-10
PIL-104221,AC PAT FIJA ANIMAL PRINT BOC24030 54-18-145 COLBT9,PRODUCTO_STOCKEABLE,Lentes de Sol,Bosani,,,,,UNIDAD,origen: PILAR=P2 - Inventario.xlsx#1007@2026-08-10
PIL-104224,AC PAT FIJA MARRON MB23010 53-17-140 C2,PRODUCTO_STOCKEABLE,Armazones,Hanis,,,,,UNIDAD,origen: PILAR=P2 - Inventario.xlsx#297@2026-08-10
PIL-104227,AC PAT FLEX NUDE Anna C6095 B54 54,PRODUCTO_STOCKEABLE,Armazones,Colcci,,,,,UNIDAD,origen: PILAR=P2 - Inventario.xlsx#317@2026-08-10
PIL-104228,AC PAT FIJA NEGRO PLD D560 807 145,PRODUCTO_STOCKEABLE,Armazones,Polaroid,,,,,UNIDAD,origen: PILAR=P2 - Inventario.xlsx#311@2026-08-10
PIL-104230,AC PAT FIJA NEGRO RB 5442D 2000 52-18-145,PRODUCTO_STOCKEABLE,Armazones,Ray-Ban,,,,,UNIDAD,origen: PILAR=P2 - Inventario.xlsx#309@2026-08-10
PIL-104235,AC PAT FLEX ROSA BAAI001 49-17-137 C10,PRODUCTO_STOCKEABLE,Armazones,Barbie,,,,,UNIDAD,origen: PILAR=P2 - Inventario.xlsx#51@2026-08-10
PIL-104241,AC PAT FLEX MARRON V1343 54-16-140 C529,PRODUCTO_STOCKEABLE,Armazones,Vicrola,,,,,UNIDAD,origen: PILAR=P2 - Inventario.xlsx#331@2026-08-10
PIL-104247,AC PAT FLEX ROSA BAAI002 50-15-137 C10,PRODUCTO_STOCKEABLE,Armazones,Barbie,,,,,UNIDAD,origen: PILAR=P2 - Inventario.xlsx#52@2026-08-10
PIL-104248,AC PAT FLEX AZUL H3233 56-18-145 C609,PRODUCTO_STOCKEABLE,Armazones,Unicity,,,,,UNIDAD,origen: PILAR=P2 - Inventario.xlsx#329@2026-08-10
PIL-104252,AC  PAT FIJA NEGRO OR5003 01 54-16-135,PRODUCTO_STOCKEABLE,Armazones,Adidas,,,,,UNIDAD,origen: PILAR=P2 - Inventario.xlsx#63@2026-08-10
PIL-104255,AC PAT FLEX TRANSPARENTE H3439 54-20-145 C312,PRODUCTO_STOCKEABLE,Armazones,Unicity,,,,,UNIDAD,origen: PILAR=P2 - Inventario.xlsx#333@2026-08-10
PIL-104258,AH PAT FLEX NEGRO K9931 54-17-142 C813,PRODUCTO_STOCKEABLE,Armazones,Steffani,,,,,UNIDAD,origen: PILAR=P2 - Inventario.xlsx#320@2026-08-10
PIL-104263,AC PAT FLEX GRIS K9932 55-17-142 C809,PRODUCTO_STOCKEABLE,Armazones,Steffani,,,,,UNIDAD,origen: PILAR=P2 - Inventario.xlsx#322@2026-08-10
PIL-104270,AC PAT FLEX NEGRO V1343 54-16-140 C502,PRODUCTO_STOCKEABLE,Armazones,Vicrola,,,,,UNIDAD,origen: PILAR=P2 - Inventario.xlsx#330@2026-08-10
PIL-104272,AC PAT FIJA ANIMAL PRINT BOC24036 54-19-144 COLBM2,PRODUCTO_STOCKEABLE,Lentes de Sol,Bosani,,,,,UNIDAD,origen: PILAR=P2 - Inventario.xlsx#1006@2026-08-10
PIL-104275,AC PAT FIJA GRIS NIKE 4283 N 002 56-18-140,PRODUCTO_STOCKEABLE,Armazones,Nike,,,,,UNIDAD,origen: PILAR=P2 - Inventario.xlsx#58@2026-08-10
PIL-104278,AC PAT FLEX AZUL NIKE 8046 401 54-16-140,PRODUCTO_STOCKEABLE,Armazones,Nike,,,,,UNIDAD,origen: PILAR=P2 - Inventario.xlsx#57@2026-08-10
PIL-104281,AC PAT FLEX GRIS VFI455 COL09RM 145,PRODUCTO_STOCKEABLE,Armazones,Fila,,,,,UNIDAD,origen: PILAR=P2 - Inventario.xlsx#61@2026-08-10
PIL-104285,AC PAT FLEX MARRON K9932 55-17-142 C801,PRODUCTO_STOCKEABLE,Armazones,Steffani,,,,,UNIDAD,origen: PILAR=P2 - Inventario.xlsx#321@2026-08-10
PIL-104288,AC PAT FLEX MARRON K9936 55-16-142 C817,PRODUCTO_STOCKEABLE,Armazones,Steffani,,,,,UNIDAD,origen: PILAR=P2 - Inventario.xlsx#324@2026-08-10
PIL-104292,AC PAT FLEX MARRON KR RX 1432-1 -54-16-140 BROWN,PRODUCTO_STOCKEABLE,Armazones,Karina Rabolini,,,,,UNIDAD,origen: PILAR=P2 - Inventario.xlsx#56@2026-08-10
PIL-104299,AC PAT FIJA NEGRO BOC25006 61-11-141 COLF1D13,PRODUCTO_STOCKEABLE,Lentes de Sol,Bosani,,,,,UNIDAD,origen: PILAR=P2 - Inventario.xlsx#1008@2026-08-10
PIL-104300,AC PAT FIJA NEGRO L2887 N 001 54-17-145,PRODUCTO_STOCKEABLE,Armazones,Lacoste,,,,,UNIDAD,origen: PILAR=P2 - Inventario.xlsx#60@2026-08-10
PIL-104303,AC PAT FLEX MARRON NY AA112 54-17-140 C77,PRODUCTO_STOCKEABLE,Armazones,New York Yankees,,,,,UNIDAD,origen: PILAR=P2 - Inventario.xlsx#53@2026-08-10
PIL-104304,AC PAT FIJA NEGRO BOC24015 56-18-140 COLFE4,PRODUCTO_STOCKEABLE,Lentes de Sol,Bosani,,,,,UNIDAD,origen: PILAR=P2 - Inventario.xlsx#1002@2026-08-10
PIL-104305,AC PAT FLEX AZUL H3468 55-16-142 C609,PRODUCTO_STOCKEABLE,Armazones,Unicity,,,,,UNIDAD,origen: PILAR=P2 - Inventario.xlsx#328@2026-08-10
PIL-104307,AC PAT FLEX NEGRO CK22547 N 002 54-16-145,PRODUCTO_STOCKEABLE,Armazones,Calvin Klein,,,,,UNIDAD,origen: PILAR=P2 - Inventario.xlsx#62@2026-08-10
PIL-104308,AC PAT FIJA NEGRO BOC24015 56-18-140 COLFE13,PRODUCTO_STOCKEABLE,Lentes de Sol,Bosani,,,,,UNIDAD,origen: PILAR=P2 - Inventario.xlsx#1003@2026-08-10
PIL-104310,AC PAT FLEX ROSA K9939 54-18-142 C824,PRODUCTO_STOCKEABLE,Armazones,Steffani,,,,,UNIDAD,origen: PILAR=P2 - Inventario.xlsx#323@2026-08-10
PIL-104311,AC PAT FIJA NEGRO UA 5026 003 51-19-140,PRODUCTO_STOCKEABLE,Armazones,Under Armour,,,,,UNIDAD,origen: PILAR=P2 - Inventario.xlsx#59@2026-08-10
PIL-104317,AH PAT FLEX NEGRO V1359 52-17-140 COL502,PRODUCTO_STOCKEABLE,Armazones,Vicrola,,,,,UNIDAD,origen: PILAR=P2 - Inventario.xlsx#72@2026-08-10
PIL-104319,AH PAT FLEX AZUL K9923 56-18-145 COL700,PRODUCTO_STOCKEABLE,Armazones,Steffani,,,,,UNIDAD,origen: PILAR=P2 - Inventario.xlsx#70@2026-08-10
PIL-104322,AC PAT FLEX ROSA TA1047 54-16-143 C4,PRODUCTO_STOCKEABLE,Armazones,Altania,,,,,UNIDAD,origen: PILAR=P2 - Inventario.xlsx#356@2026-08-10
PIL-104326,AH PAT FLEX BLANCO V1359 52-17-140 COL527,PRODUCTO_STOCKEABLE,Armazones,Vicrola,,,,,UNIDAD,origen: PILAR=P2 - Inventario.xlsx#71@2026-08-10
PIL-104329,AC PAT FLEX NEGRO V81903 54-17-145 C5,PRODUCTO_STOCKEABLE,Armazones,Betania,,,,,UNIDAD,origen: PILAR=P2 - Inventario.xlsx#346@2026-08-10
PIL-104331,AC PAT FLEX ROSA K9946 55-17-142 COL825,PRODUCTO_STOCKEABLE,Armazones,Steffani,,,,,UNIDAD,origen: PILAR=P2 - Inventario.xlsx#67@2026-08-10
PIL-104332,AC PAT FLEX NEGRO K9946 55-17-142 COL813,PRODUCTO_STOCKEABLE,Armazones,Steffani,,,,,UNIDAD,origen: PILAR=P2 - Inventario.xlsx#68@2026-08-10
PIL-104335,AC PAT FLEX AZUL TA1051 56-16-145 C3,PRODUCTO_STOCKEABLE,Armazones,Altania,,,,,UNIDAD,origen: PILAR=P2 - Inventario.xlsx#360@2026-08-10
PIL-104336,AC PAT FLEX GRIS K9948 54-17-142 COL816,PRODUCTO_STOCKEABLE,Armazones,Steffani,,,,,UNIDAD,origen: PILAR=P2 - Inventario.xlsx#64@2026-08-10
PIL-104343,AC PAT FIJA LILA K9942 55-17-142 COL804,PRODUCTO_STOCKEABLE,Armazones,Steffani,,,,,UNIDAD,origen: PILAR=P2 - Inventario.xlsx#66@2026-08-10
PIL-104344,AC PAT FIJA MARRON K9872 53-18-144 C-13,PRODUCTO_STOCKEABLE,Armazones,Steffani,,,,,UNIDAD,origen: PILAR=P2 - Inventario.xlsx#127@2026-08-10
PIL-104346,AC PAT FIJA NEGRO XB2176 53-17-145 C1,PRODUCTO_STOCKEABLE,Armazones,CG,,,,,UNIDAD,origen: PILAR=P2 - Inventario.xlsx#15@2026-08-10
PIL-104350,AC PAT FLEX ANIMAL PRINT H3660 55-18-145 COL310,PRODUCTO_STOCKEABLE,Armazones,Unicity,,,,,UNIDAD,origen: PILAR=P2 - Inventario.xlsx#75@2026-08-10
PIL-104351,AC PAT FLEX TRANSPARENTE H2981 53-18-145 COL612,PRODUCTO_STOCKEABLE,Armazones,Unicity,,,,,UNIDAD,origen: PILAR=P2 - Inventario.xlsx#77@2026-08-10
PIL-104355,AH PAT FLEX NEGRO WH6007 57-17-145 C2,PRODUCTO_STOCKEABLE,Armazones,Betania,,,,,UNIDAD,origen: PILAR=P2 - Inventario.xlsx#342@2026-08-10
PIL-104356,AC PAT FLEX MARRON 25106 54-16-140 C4,PRODUCTO_STOCKEABLE,Armazones,Betania,,,,,UNIDAD,origen: PILAR=P2 - Inventario.xlsx#349@2026-08-10
PIL-104361,AC PAT FLEX AZUL LE6451 55-17-140 C3,PRODUCTO_STOCKEABLE,Armazones,Altania,,,,,UNIDAD,origen: PILAR=P2 - Inventario.xlsx#354@2026-08-10
PIL-104362,AC PAT FLEX DORADO 1013 55-18-140,PRODUCTO_STOCKEABLE,Armazones,Kazwini,,,,,UNIDAD,origen: PILAR=P2 - Inventario.xlsx#167@2026-08-10
PIL-104363,AC PAT FLEX GRIS H3661 53-18-145 C.305,PRODUCTO_STOCKEABLE,Armazones,Unicity,,,,,UNIDAD,origen: PILAR=P2 - Inventario.xlsx#272@2026-08-10
PIL-104364,AC PAT FLEX NEGRO 25105 52-16-138 C5,PRODUCTO_STOCKEABLE,Armazones,Betania,,,,,UNIDAD,origen: PILAR=P2 - Inventario.xlsx#347@2026-08-10
PIL-104366,AC PAT FLEX ROSA V1411 55-16-140 C-105,PRODUCTO_STOCKEABLE,Armazones,Vicrola,,,,,UNIDAD,origen: PILAR=P2 - Inventario.xlsx#99@2026-08-10
PIL-104367,AC PAT FLEX BLANCO H3660 55-18-145 COL312,PRODUCTO_STOCKEABLE,Armazones,Unicity,,,,,UNIDAD,origen: PILAR=P2 - Inventario.xlsx#76@2026-08-10
PIL-104368,AC PAT FLEX GRIS 25107 52-18-138 C3,PRODUCTO_STOCKEABLE,Armazones,Betania,,,,,UNIDAD,origen: PILAR=P2 - Inventario.xlsx#348@2026-08-10
PIL-104370,AC PAT FLEX TRANSPARENTE 4651 52-17-140 C.BT,PRODUCTO_STOCKEABLE,Armazones,Hanis,,,,,UNIDAD,origen: PILAR=P2 - Inventario.xlsx#45@2026-08-10
PIL-104371,AC PAT FLEX NEGRO H3660 55-18-145 COL311,PRODUCTO_STOCKEABLE,Armazones,Unicity,,,,,UNIDAD,origen: PILAR=P2 - Inventario.xlsx#74@2026-08-10
PIL-104373,AC PAT FLEX LILA LE6451 55-17-140 C5,PRODUCTO_STOCKEABLE,Armazones,Altania,,,,,UNIDAD,origen: PILAR=P2 - Inventario.xlsx#355@2026-08-10
PIL-104374,AC PAT FLEX NEGRO LE6455 54-16-140 C1,PRODUCTO_STOCKEABLE,Armazones,Altania,,,,,UNIDAD,origen: PILAR=P2 - Inventario.xlsx#357@2026-08-10
PIL-104375,AH PAT FLEX DORADO 25108 52-17-138 C2,PRODUCTO_STOCKEABLE,Armazones,Betania,,,,,UNIDAD,origen: PILAR=P2 - Inventario.xlsx#339@2026-08-10
PIL-104376,AH PAT FLEX GRIS K9923 56-18-145 COL600,PRODUCTO_STOCKEABLE,Armazones,Steffani,,,,,UNIDAD,origen: PILAR=P2 - Inventario.xlsx#69@2026-08-10
PIL-104377,AC PAT FLEX NEGRO K9670 53-19-145 COL502,PRODUCTO_STOCKEABLE,Armazones,Steffani,,,,,UNIDAD,origen: PILAR=P2 - Inventario.xlsx#65@2026-08-10
PIL-104378,AC PAT FLEX NEGRO H2984 51-16-135 COL611,PRODUCTO_STOCKEABLE,Armazones,Unicity,,,,,UNIDAD,origen: PILAR=P2 - Inventario.xlsx#78@2026-08-10
PIL-104379,AC PAT FLEX TRANSPARENTE V1268 52-15-140 C-112,PRODUCTO_STOCKEABLE,Armazones,Vicrola,,,,,UNIDAD,origen: PILAR=P2 - Inventario.xlsx#95@2026-08-10
PIL-104386,AC PAT FLEX TRANSPARENTE V1268 52-15-140 COL112,PRODUCTO_STOCKEABLE,Armazones,Vicrola,,,,,UNIDAD,origen: PILAR=P2 - Inventario.xlsx#73@2026-08-10
PIL-104387,AC PAT FLEX ROSADO V1163 53-17-145 C.11,PRODUCTO_STOCKEABLE,Armazones,Vicrola,,,,,UNIDAD,origen: PILAR=P2 - Inventario.xlsx#262@2026-08-10
PIL-104392,AC PAT FLEX PLATEADO 25104 54-16-140 C6,PRODUCTO_STOCKEABLE,Armazones,Betania,,,,,UNIDAD,origen: PILAR=P2 - Inventario.xlsx#351@2026-08-10
PIL-104393,AC PAT FLEX MARRON K7053 52-20-145 C2,PRODUCTO_STOCKEABLE,Armazones,Betania,,,,,UNIDAD,origen: PILAR=P2 - Inventario.xlsx#362@2026-08-10
PIL-104394,AH PAT FLEX MARRON K8930 51-18-135 C39,PRODUCTO_STOCKEABLE,Armazones,Steffani,,,,,UNIDAD,origen: PILAR=P2 - Inventario.xlsx#418@2026-08-10
PIL-104395,AC PAT FLEX ROSA ZF3724 54-18-143 C3,PRODUCTO_STOCKEABLE,Armazones,Altania,,,,,UNIDAD,origen: PILAR=P2 - Inventario.xlsx#423@2026-08-10
PIL-104397,AC PAT FLEX AZUL V1243 55-17-145 C-700,PRODUCTO_STOCKEABLE,Armazones,Vicrola,,,,,UNIDAD,origen: PILAR=P2 - Inventario.xlsx#92@2026-08-10
PIL-104400,AC PAT FLEX MARRON 3150M 49-17-130 C.BT2,PRODUCTO_STOCKEABLE,Armazones,Hanis,,,,,UNIDAD,origen: PILAR=P2 - Inventario.xlsx#29@2026-08-10
PIL-104402,AC PAT FLEX NEGRO CLIP ON G5571 58-18-145 C1,PRODUCTO_STOCKEABLE,Armazones,Altania,,,,,UNIDAD,origen: PILAR=P2 - Inventario.xlsx#405@2026-08-10
PIL-104403,AC PAT FLEX NEGRO V1404 53-17-135 C-113,PRODUCTO_STOCKEABLE,Armazones,Vicrola,,,,,UNIDAD,origen: PILAR=P2 - Inventario.xlsx#100@2026-08-10
PIL-104404,AC PAT FLEX AZUL 1302 49-16-125 C2,PRODUCTO_STOCKEABLE,Armazones,Altania,,,,,UNIDAD,origen: PILAR=P2 - Inventario.xlsx#376@2026-08-10
PIL-104407,AC PAT FLEX AZUL TA1049 58-15-145 C4,PRODUCTO_STOCKEABLE,Armazones,Altania,,,,,UNIDAD,origen: PILAR=P2 - Inventario.xlsx#352@2026-08-10
PIL-104409,AC PAT FLEX TRANSPARENTE 97258 53-17-142 C6,PRODUCTO_STOCKEABLE,Armazones,Betania,,,,,UNIDAD,origen: PILAR=P2 - Inventario.xlsx#363@2026-08-10
PIL-104410,AC PAT FLEX NEGRO 88915 51-16-140 C2,PRODUCTO_STOCKEABLE,Armazones,Betania,,,,,UNIDAD,origen: PILAR=P2 - Inventario.xlsx#366@2026-08-10
PIL-104411,AC PAT FLEX CELESTE LE9005 55-17-142 C2,PRODUCTO_STOCKEABLE,Armazones,Graffiti,,,,,UNIDAD,origen: PILAR=P2 - Inventario.xlsx#14@2026-08-10
PIL-104412,AC PAT FLEX NEGRO J0048 48-17-138 C4,PRODUCTO_STOCKEABLE,Armazones,Betania,,,,,UNIDAD,origen: PILAR=P2 - Inventario.xlsx#365@2026-08-10
PIL-104413,AC PAT FLEX VIOLETA V1391 55-16-145 C-127,PRODUCTO_STOCKEABLE,Armazones,Vicrola,,,,,UNIDAD,origen: PILAR=P2 - Inventario.xlsx#91@2026-08-10
PIL-104415,AH PAT FLEX MARRON 25108 52-17-138 C1,PRODUCTO_STOCKEABLE,Armazones,Betania,,,,,UNIDAD,origen: PILAR=P2 - Inventario.xlsx#341@2026-08-10
PIL-104416,AC PAT FIJA NEGRO K0975 50-15-132 C4,PRODUCTO_STOCKEABLE,Armazones,Betania,,,,,UNIDAD,origen: PILAR=P2 - Inventario.xlsx#367@2026-08-10
PIL-104418,AC PAT FLEX ROJO J0048 48-17-138 C3,PRODUCTO_STOCKEABLE,Armazones,Betania,,,,,UNIDAD,origen: PILAR=P2 - Inventario.xlsx#364@2026-08-10
PIL-104419,AC PAT FLEX AZUL TA1043 52-18-140 C2,PRODUCTO_STOCKEABLE,Armazones,Altania,,,,,UNIDAD,origen: PILAR=P2 - Inventario.xlsx#371@2026-08-10
PIL-104421,AC PAT FLEX NEGRO ZF3729 53-18-143 C1,PRODUCTO_STOCKEABLE,Armazones,Altania,,,,,UNIDAD,origen: PILAR=P2 - Inventario.xlsx#390@2026-08-10
PIL-104422,AC PAT FLEX NEGRO K7011 53-18-145 C1,PRODUCTO_STOCKEABLE,Armazones,Betania,,,,,UNIDAD,origen: PILAR=P2 - Inventario.xlsx#393@2026-08-10
PIL-104424,AC PAT FLEX NEGRO BA2202 54-17-140 CFM1,PRODUCTO_STOCKEABLE,Armazones,Bacchio,,,,,UNIDAD,origen: PILAR=P2 - Inventario.xlsx#422@2026-08-10
PIL-104426,AC PAT FLEX BORDO 1603 52-18-142 C3,PRODUCTO_STOCKEABLE,Armazones,Betania,,,,,UNIDAD,origen: PILAR=P2 - Inventario.xlsx#388@2026-08-10
PIL-104427,AC PAT FLEX BORDO 1629 52-17-140 C4,PRODUCTO_STOCKEABLE,Armazones,Betania,,,,,UNIDAD,origen: PILAR=P2 - Inventario.xlsx#389@2026-08-10
PIL-104428,AC PAT FLEX ROSA 1203 44-16-120 C5,PRODUCTO_STOCKEABLE,Armazones,Altania,,,,,UNIDAD,origen: PILAR=P2 - Inventario.xlsx#379@2026-08-10
PIL-104429,AC PAT FLEX LILA 1304 50-14-125 C6,PRODUCTO_STOCKEABLE,Armazones,Altania,,,,,UNIDAD,origen: PILAR=P2 - Inventario.xlsx#383@2026-08-10
PIL-104430,AC PAT FLEX PLATEADO K8861 51-15-135 C34,PRODUCTO_STOCKEABLE,Armazones,Steffani,,,,,UNIDAD,origen: PILAR=P2 - Inventario.xlsx#415@2026-08-10
PIL-104431,AC PAT FLEX NEGRO 1304 50-14-125 C1,PRODUCTO_STOCKEABLE,Armazones,Altania,,,,,UNIDAD,origen: PILAR=P2 - Inventario.xlsx#373@2026-08-10
PIL-104432,AC PAT FLEX AZUL CLIP ON G5913 54-17-145 C5,PRODUCTO_STOCKEABLE,Armazones,Altania,,,,,UNIDAD,origen: PILAR=P2 - Inventario.xlsx#402@2026-08-10
PIL-104433,AH PAT FLEX RM77012 55-17-142 C4,PRODUCTO_STOCKEABLE,Armazones,Betania,,,,,UNIDAD,origen: PILAR=P2 - Inventario.xlsx#337@2026-08-10
PIL-104436,AC PAT FLEX ROSA K9916 54-18-140 C-524,PRODUCTO_STOCKEABLE,Armazones,Steffani,,,,,UNIDAD,origen: PILAR=P2 - Inventario.xlsx#126@2026-08-10
PIL-104437,AH PAT FLEX NEGRO V81906 54-17-145 C1,PRODUCTO_STOCKEABLE,Armazones,Betania,,,,,UNIDAD,origen: PILAR=P2 - Inventario.xlsx#340@2026-08-10
PIL-104438,AC PAT FIJA AZUL K0975 50-15-132 C2,PRODUCTO_STOCKEABLE,Armazones,Betania,,,,,UNIDAD,origen: PILAR=P2 - Inventario.xlsx#368@2026-08-10
PIL-104439,AC PAT FLEX TRANSPARENTE K7053 52-20-145 C6,PRODUCTO_STOCKEABLE,Armazones,Betania,,,,,UNIDAD,origen: PILAR=P2 - Inventario.xlsx#361@2026-08-10
PIL-104443,AC PAT FLEX NEGRO TA1049 58-15-145 C3,PRODUCTO_STOCKEABLE,Armazones,Altania,,,,,UNIDAD,origen: PILAR=P2 - Inventario.xlsx#358@2026-08-10
PIL-104445,AC PAT FLEX CELESTE CLIP ON G5197 55-19-145 C2,PRODUCTO_STOCKEABLE,Armazones,Altania,,,,,UNIDAD,origen: PILAR=P2 - Inventario.xlsx#395@2026-08-10
PIL-104448,AC PAT FLEX VERDE LE6454 56-16-140 C4,PRODUCTO_STOCKEABLE,Armazones,Altania,,,,,UNIDAD,origen: PILAR=P2 - Inventario.xlsx#353@2026-08-10
PIL-104451,AC PAT FLEX ROSA 1252 47-16-125 C3,PRODUCTO_STOCKEABLE,Armazones,Altania,,,,,UNIDAD,origen: PILAR=P2 - Inventario.xlsx#380@2026-08-10
PIL-104452,AC PAT FLEX AZUL TA1045 54-16-143 C5,PRODUCTO_STOCKEABLE,Armazones,Altania,,,,,UNIDAD,origen: PILAR=P2 - Inventario.xlsx#370@2026-08-10
PIL-104453,AC PAT FLEX CELESTE 1302 49-16-125 C4,PRODUCTO_STOCKEABLE,Armazones,Altania,,,,,UNIDAD,origen: PILAR=P2 - Inventario.xlsx#374@2026-08-10
PIL-104454,AC PAT FLEX CELESTE 1252 47-16-125 C4,PRODUCTO_STOCKEABLE,Armazones,Altania,,,,,UNIDAD,origen: PILAR=P2 - Inventario.xlsx#375@2026-08-10
PIL-104455,AC PAT FLEX NEGRO CLIP ON G5547 56-18-145 C5,PRODUCTO_STOCKEABLE,Armazones,Altania,,,,,UNIDAD,origen: PILAR=P2 - Inventario.xlsx#406@2026-08-10
PIL-104456,AC PAT FLEX AZUL CLIP ON G5575 62-18-155 C5,PRODUCTO_STOCKEABLE,Armazones,Altania,,,,,UNIDAD,origen: PILAR=P2 - Inventario.xlsx#407@2026-08-10
PIL-104460,AC PAT FLEX NEGRO DP WH6008 54-16-140 C4,PRODUCTO_STOCKEABLE,Armazones,Betania,,,,,UNIDAD,origen: PILAR=P2 - Inventario.xlsx#338@2026-08-10
PIL-104461,AH PAT FLEX GRIS K9123 51-17-135 C74,PRODUCTO_STOCKEABLE,Armazones,Steffani,,,,,UNIDAD,origen: PILAR=P2 - Inventario.xlsx#412@2026-08-10
PIL-104465,AH PAT FLEX GRIS K8628 46-17-130 C63,PRODUCTO_STOCKEABLE,Armazones,Steffani,,,,,UNIDAD,origen: PILAR=P2 - Inventario.xlsx#414@2026-08-10
PIL-104466,AC PAT FLEX NEGRO CLIP ON G5913 54-17-145 C1,PRODUCTO_STOCKEABLE,Armazones,Altania,,,,,UNIDAD,origen: PILAR=P2 - Inventario.xlsx#408@2026-08-10
PIL-104470,AC PAT FLEX NEGRO 1301 48-16-125 C1,PRODUCTO_STOCKEABLE,Armazones,Altania,,,,,UNIDAD,origen: PILAR=P2 - Inventario.xlsx#384@2026-08-10
PIL-104472,AC PAT FLEX TRANSPARENTE TA1045 54-16-143 C3,PRODUCTO_STOCKEABLE,Armazones,Altania,,,,,UNIDAD,origen: PILAR=P2 - Inventario.xlsx#369@2026-08-10
PIL-104473,AC PAT FLEX NEGRO CLIP ON G5571 58-18-145 C1,PRODUCTO_STOCKEABLE,Armazones,Altania,,,,,UNIDAD,origen: PILAR=P2 - Inventario.xlsx#397@2026-08-10
PIL-104474,AC PAT FLEX ROSA V81903 54-17-145 C3,PRODUCTO_STOCKEABLE,Armazones,Betania,,,,,UNIDAD,origen: PILAR=P2 - Inventario.xlsx#345@2026-08-10
PIL-104478,AC PAT FLEX AZUL CLIP ON G5913 54-17-145 C3,PRODUCTO_STOCKEABLE,Armazones,Altania,,,,,UNIDAD,origen: PILAR=P2 - Inventario.xlsx#403@2026-08-10
PIL-104479,AC PAT FLEX AZUL CLIP ON G5571 58-18-145 C5,PRODUCTO_STOCKEABLE,Armazones,Altania,,,,,UNIDAD,origen: PILAR=P2 - Inventario.xlsx#404@2026-08-10
PIL-104481,AC PAT FLEX AZUL CLIP ON G5547 56-18-145 C6,PRODUCTO_STOCKEABLE,Armazones,Altania,,,,,UNIDAD,origen: PILAR=P2 - Inventario.xlsx#394@2026-08-10
PIL-104482,AC PAT FLEX ROSA CLIP ON G5168 49-17-140 C5,PRODUCTO_STOCKEABLE,Armazones,Altania,,,,,UNIDAD,origen: PILAR=P2 - Inventario.xlsx#409@2026-08-10
PIL-104483,AC PAT FLEX NEGRO CLIP ON G5168 49-17-140 C1,PRODUCTO_STOCKEABLE,Armazones,Altania,,,,,UNIDAD,origen: PILAR=P2 - Inventario.xlsx#398@2026-08-10
PIL-104485,AC PAT FIJA ROSADO K9874 53-18-144 C-24,PRODUCTO_STOCKEABLE,Armazones,Steffani,,,,,UNIDAD,origen: PILAR=P2 - Inventario.xlsx#113@2026-08-10
PIL-104488,AC PAT FLEX MARRON V1163 53-17-145 C.13,PRODUCTO_STOCKEABLE,Armazones,Vicrola,,,,,UNIDAD,origen: PILAR=P2 - Inventario.xlsx#254@2026-08-10
PIL-104489,AC PAT FIJA CELESTE K9872 53-18-144 C-14,PRODUCTO_STOCKEABLE,Armazones,Steffani,,,,,UNIDAD,origen: PILAR=P2 - Inventario.xlsx#114@2026-08-10
PIL-104490,AC PAT FLEX GRIS DP CH8815 57-15-145 C1,PRODUCTO_STOCKEABLE,Armazones,Betania,,,,,UNIDAD,origen: PILAR=P2 - Inventario.xlsx#335@2026-08-10
PIL-104491,AC PAT FIJA ROSA OSCURO RY92004 55-18-142 C5,PRODUCTO_STOCKEABLE,Armazones,CG,,,,,UNIDAD,origen: PILAR=P2 - Inventario.xlsx#18@2026-08-10
PIL-104493,AH PAT FLEX GRIS K8885 52-17-135 C63,PRODUCTO_STOCKEABLE,Armazones,Steffani,,,,,UNIDAD,origen: PILAR=P2 - Inventario.xlsx#411@2026-08-10
PIL-104495,AH PAT FLEX GRIS K9121 58-18-138 C74,PRODUCTO_STOCKEABLE,Armazones,Steffani,,,,,UNIDAD,origen: PILAR=P2 - Inventario.xlsx#416@2026-08-10
PIL-104496,AC PAT FIJA GRIS K9874 53-18-144 C-800,PRODUCTO_STOCKEABLE,Armazones,Steffani,,,,,UNIDAD,origen: PILAR=P2 - Inventario.xlsx#111@2026-08-10
PIL-104499,AH PAT FLEX PLATEADO WH6007 57-17-145 C4,PRODUCTO_STOCKEABLE,Armazones,Betania,,,,,UNIDAD,origen: PILAR=P2 - Inventario.xlsx#343@2026-08-10
PIL-104503,AC PAT FLEX NEGRO CH8815 57-15-145 C5,PRODUCTO_STOCKEABLE,Armazones,Betania,,,,,UNIDAD,origen: PILAR=P2 - Inventario.xlsx#336@2026-08-10
PIL-104504,AC PAT FLEX PLATEADO 25106 54-16-140 C6,PRODUCTO_STOCKEABLE,Armazones,Betania,,,,,UNIDAD,origen: PILAR=P2 - Inventario.xlsx#350@2026-08-10
PIL-104506,AH PAT FLEX MARRON K8930 51-18-135 C39,PRODUCTO_STOCKEABLE,Armazones,Steffani,,,,,UNIDAD,origen: PILAR=P2 - Inventario.xlsx#419@2026-08-10
PIL-104507,AC PAT FLEX ROSA ZF3723 54-18-143 C4,PRODUCTO_STOCKEABLE,Armazones,Altania,,,,,UNIDAD,origen: PILAR=P2 - Inventario.xlsx#386@2026-08-10
PIL-104508,AH PAT FLEX GRIS K9123 51-17-135 C74,PRODUCTO_STOCKEABLE,Armazones,Steffani,,,,,UNIDAD,origen: PILAR=P2 - Inventario.xlsx#413@2026-08-10
PIL-104509,AH PAT FLEX PLATEADO K9040 52-18-135 C583,PRODUCTO_STOCKEABLE,Armazones,Steffani,,,,,UNIDAD,origen: PILAR=P2 - Inventario.xlsx#421@2026-08-10
PIL-104511,AC PAT FLEX NEGRO TA1051 56-16-145 C2,PRODUCTO_STOCKEABLE,Armazones,Altania,,,,,UNIDAD,origen: PILAR=P2 - Inventario.xlsx#359@2026-08-10
PIL-104512,AH PAT FLEX MARRON WH6007 57-17-145 C5,PRODUCTO_STOCKEABLE,Armazones,Betania,,,,,UNIDAD,origen: PILAR=P2 - Inventario.xlsx#344@2026-08-10
PIL-104513,AC PAT FLEX LILA 1203 44-16-120 C6,PRODUCTO_STOCKEABLE,Armazones,Altania,,,,,UNIDAD,origen: PILAR=P2 - Inventario.xlsx#382@2026-08-10
PIL-104514,AC PAT FLEX ROSA 1603 52-18-142 C5,PRODUCTO_STOCKEABLE,Armazones,Betania,,,,,UNIDAD,origen: PILAR=P2 - Inventario.xlsx#392@2026-08-10
PIL-104515,AC PAT FLEX NEGRO TA1043 52-18-140 C5,PRODUCTO_STOCKEABLE,Armazones,Altania,,,,,UNIDAD,origen: PILAR=P2 - Inventario.xlsx#372@2026-08-10
PIL-104517,AC PAT FLEX NEGRO 6530 50-16-138 C-1,PRODUCTO_STOCKEABLE,Armazones,Kazwini,,,,,UNIDAD,origen: PILAR=P2 - Inventario.xlsx#141@2026-08-10
PIL-104518,AC PAT FLEX AZUL 1203 44-16-120 C2,PRODUCTO_STOCKEABLE,Armazones,Altania,,,,,UNIDAD,origen: PILAR=P2 - Inventario.xlsx#377@2026-08-10
PIL-104519,AC PAT FIJA ANIMAL PRINT K9976 55-17-145 C-810,PRODUCTO_STOCKEABLE,Armazones,Steffani,,,,,UNIDAD,origen: PILAR=P2 - Inventario.xlsx#115@2026-08-10
PIL-104520,AC PAT FLEX MARRON V1164 53-19-145 C-11,PRODUCTO_STOCKEABLE,Armazones,Vicrola,,,,,UNIDAD,origen: PILAR=P2 - Inventario.xlsx#89@2026-08-10
PIL-104521,AC PAT FLEX ROSA 1301 48-16-125 C5,PRODUCTO_STOCKEABLE,Armazones,Altania,,,,,UNIDAD,origen: PILAR=P2 - Inventario.xlsx#378@2026-08-10
PIL-104523,AC PAT FLEX ROSA MQ6533 54-16-142 C3,PRODUCTO_STOCKEABLE,Armazones,Altania,,,,,UNIDAD,origen: PILAR=P2 - Inventario.xlsx#385@2026-08-10
PIL-104524,AC PAT FLEX ROSA 1301 48-16-125 C3,PRODUCTO_STOCKEABLE,Armazones,Altania,,,,,UNIDAD,origen: PILAR=P2 - Inventario.xlsx#381@2026-08-10
PIL-104525,AC PAT FLEX CLIP ON NEGRO G5575 62-18-155 C1,PRODUCTO_STOCKEABLE,Armazones,Altania,,,,,UNIDAD,origen: PILAR=P2 - Inventario.xlsx#401@2026-08-10
PIL-104528,AC PAT FLEX NEGRO V1407 56-17-142 C-108,PRODUCTO_STOCKEABLE,Armazones,Vicrola,,,,,UNIDAD,origen: PILAR=P2 - Inventario.xlsx#96@2026-08-10
PIL-104530,AC PAT FLEX NEGRO 6589 51-15-140,PRODUCTO_STOCKEABLE,Armazones,Kazwini,,,,,UNIDAD,origen: PILAR=P2 - Inventario.xlsx#156@2026-08-10
PIL-104533,AC PAT FLEX AZUL CLIP ON G5578 55-16-145 C3,PRODUCTO_STOCKEABLE,Armazones,Altania,,,,,UNIDAD,origen: PILAR=P2 - Inventario.xlsx#410@2026-08-10
PIL-104534,AC PAT FLEX VERDE CLIP ON G5578 55-16-145 C6,PRODUCTO_STOCKEABLE,Armazones,Altania,,,,,UNIDAD,origen: PILAR=P2 - Inventario.xlsx#399@2026-08-10
PIL-104537,AC PAT FLEX TRANSPARENTE ZF3724 54-18-143 C2,PRODUCTO_STOCKEABLE,Armazones,Altania,,,,,UNIDAD,origen: PILAR=P2 - Inventario.xlsx#387@2026-08-10
PIL-104538,AC PAT FLEX GRIS DP CH8815 57-15-145 C3,PRODUCTO_STOCKEABLE,Armazones,Betania,,,,,UNIDAD,origen: PILAR=P2 - Inventario.xlsx#334@2026-08-10
PIL-104539,AC PAT FLEX VIOLETA K9977 53-16-142 C-804,PRODUCTO_STOCKEABLE,Armazones,Steffani,,,,,UNIDAD,origen: PILAR=P2 - Inventario.xlsx#125@2026-08-10
PIL-104540,AC PAT FLEX MARRON K9991 54-17-142 C-801,PRODUCTO_STOCKEABLE,Armazones,Steffani,,,,,UNIDAD,origen: PILAR=P2 - Inventario.xlsx#124@2026-08-10
PIL-104541,AC PAT FLEX TRANSPARENTE CLIP ON TA1056 54-16-145 C3,PRODUCTO_STOCKEABLE,Armazones,Altania,,,,,UNIDAD,origen: PILAR=P2 - Inventario.xlsx#396@2026-08-10
PIL-104542,AH PAT FLEX PLATEADO K9029 51-17-135 C71,PRODUCTO_STOCKEABLE,Armazones,Steffani,,,,,UNIDAD,origen: PILAR=P2 - Inventario.xlsx#417@2026-08-10
PIL-104544,AC PAT FIJA GRIS K9976 55-17-145 C-816,PRODUCTO_STOCKEABLE,Armazones,Steffani,,,,,UNIDAD,origen: PILAR=P2 - Inventario.xlsx#107@2026-08-10
PIL-104545,AC PAT FLEX MARRON V1391 55-16-145 C-125,PRODUCTO_STOCKEABLE,Armazones,Unicity,,,,,UNIDAD,origen: PILAR=P2 - Inventario.xlsx#90@2026-08-10
PIL-104546,AH PAT FLEX PLATEADO V6197 52-18-135 C5,PRODUCTO_STOCKEABLE,Armazones,Steffani,,,,,UNIDAD,origen: PILAR=P2 - Inventario.xlsx#420@2026-08-10
PIL-104548,AC PAT FIJA NEGRO K9872 53-18-144 C-200,PRODUCTO_STOCKEABLE,Armazones,Steffani,,,,,UNIDAD,origen: PILAR=P2 - Inventario.xlsx#109@2026-08-10
PIL-104549,AC PAT FLEX VIOLETA TRANSPARENTE 3150M 49-17-130 C.BT5,PRODUCTO_STOCKEABLE,Armazones,Hanis,,,,,UNIDAD,origen: PILAR=P2 - Inventario.xlsx#30@2026-08-10
PIL-104550,AC PAT FIJA ROSADO 1130 52-17-140,PRODUCTO_STOCKEABLE,Armazones,Kazwini,,,,,UNIDAD,origen: PILAR=P2 - Inventario.xlsx#191@2026-08-10
PIL-104551,AC PAT FLEX MARRON CLIP ON G5541 50-20-140 C2,PRODUCTO_STOCKEABLE,Armazones,Altania,,,,,UNIDAD,origen: PILAR=P2 - Inventario.xlsx#400@2026-08-10
PIL-104552,AC PAT FLEX MARRON ZF3723 54-18-143 C5,PRODUCTO_STOCKEABLE,Armazones,Altania,,,,,UNIDAD,origen: PILAR=P2 - Inventario.xlsx#391@2026-08-10
PIL-104557,AC PAT FLEX NEGRO K9990 53-18-142 C-813,PRODUCTO_STOCKEABLE,Armazones,Steffani,,,,,UNIDAD,origen: PILAR=P2 - Inventario.xlsx#101@2026-08-10
PIL-104560,AC PAT FLEX NEGRO K9988 55-18-142 C-813,PRODUCTO_STOCKEABLE,Armazones,Steffani,,,,,UNIDAD,origen: PILAR=P2 - Inventario.xlsx#104@2026-08-10
PIL-104562,AC PAT FLEX MARRON H3675 56-16-145 C-301,PRODUCTO_STOCKEABLE,Armazones,Unicity,,,,,UNIDAD,origen: PILAR=P2 - Inventario.xlsx#85@2026-08-10
PIL-104563,AC PAT FLEX TURQUESA K9991 54-17-142 C-822,PRODUCTO_STOCKEABLE,Armazones,Steffani,,,,,UNIDAD,origen: PILAR=P2 - Inventario.xlsx#119@2026-08-10
PIL-104566,AC PAT FLEX PLATEADO H3676 55-16-145 C-304,PRODUCTO_STOCKEABLE,Armazones,Unicity,,,,,UNIDAD,origen: PILAR=P2 - Inventario.xlsx#84@2026-08-10
PIL-104567,AC PAT FLEX NEGRO V1407 56-17-142 C-108,PRODUCTO_STOCKEABLE,Armazones,Vicrola,,,,,UNIDAD,origen: PILAR=P2 - Inventario.xlsx#97@2026-08-10
PIL-104568,AC PAT FLEX GRIS K9865 52-17-143 C-608,PRODUCTO_STOCKEABLE,Armazones,Steffani,,,,,UNIDAD,origen: PILAR=P2 - Inventario.xlsx#102@2026-08-10
PIL-104569,AC PAT FLEX NEGRO V1391 55-16-145 C-111,PRODUCTO_STOCKEABLE,Armazones,Vicrola,,,,,UNIDAD,origen: PILAR=P2 - Inventario.xlsx#93@2026-08-10
PIL-104571,AC PAT FLEX AZUL K9977 53-16-142 C-824,PRODUCTO_STOCKEABLE,Armazones,Steffani,,,,,UNIDAD,origen: PILAR=P2 - Inventario.xlsx#118@2026-08-10
PIL-104572,AC PAT FLEX MARRON K9916 54-18-140 C-400,PRODUCTO_STOCKEABLE,Armazones,Steffani,,,,,UNIDAD,origen: PILAR=P2 - Inventario.xlsx#116@2026-08-10
PIL-104573,AC PAT FLEX AZUL H3629 55-17-140 C-309,PRODUCTO_STOCKEABLE,Armazones,Unicity,,,,,UNIDAD,origen: PILAR=P2 - Inventario.xlsx#87@2026-08-10
PIL-104575,AC PAT FLEX AZUL H3630 53-17-143 C-309,PRODUCTO_STOCKEABLE,Armazones,Unicity,,,,,UNIDAD,origen: PILAR=P2 - Inventario.xlsx#88@2026-08-10
PIL-104576,AC PAT FLEX MARRON K9990 53-18-142 C-801,PRODUCTO_STOCKEABLE,Armazones,Steffani,,,,,UNIDAD,origen: PILAR=P2 - Inventario.xlsx#103@2026-08-10
PIL-104577,AC PAT FLEX NEGRO H3675 56-16-145 C-313,PRODUCTO_STOCKEABLE,Armazones,Unicity,,,,,UNIDAD,origen: PILAR=P2 - Inventario.xlsx#86@2026-08-10
PIL-104578,AC PAT FLEX VIOLETA K9951 54-76-142 C-810,PRODUCTO_STOCKEABLE,Armazones,Steffani,,,,,UNIDAD,origen: PILAR=P2 - Inventario.xlsx#120@2026-08-10
PIL-104579,AC PAT FLEX AZUL K9988 55-18-142 C-809,PRODUCTO_STOCKEABLE,Armazones,Steffani,,,,,UNIDAD,origen: PILAR=P2 - Inventario.xlsx#106@2026-08-10
PIL-104580,AC PAT FLEX NEGRO K9908 54-16-141 C-200,PRODUCTO_STOCKEABLE,Armazones,Steffani,,,,,UNIDAD,origen: PILAR=P2 - Inventario.xlsx#121@2026-08-10
PIL-104581,AC PAT FIJA GRIS K9872 53-18-144 C-24,PRODUCTO_STOCKEABLE,Armazones,Steffani,,,,,UNIDAD,origen: PILAR=P2 - Inventario.xlsx#112@2026-08-10
PIL-104582,AC PAT FLEX PLATEADO V1411 55-16-140 C-108,PRODUCTO_STOCKEABLE,Armazones,Vicrola,,,,,UNIDAD,origen: PILAR=P2 - Inventario.xlsx#98@2026-08-10
PIL-104583,AC PAT FIJA MARRON K9976 55-17-145 C-817,PRODUCTO_STOCKEABLE,Armazones,Steffani,,,,,UNIDAD,origen: PILAR=P2 - Inventario.xlsx#110@2026-08-10
PIL-104585,AC PAT FIJA NEGRO K9976 55-17-145 C-815,PRODUCTO_STOCKEABLE,Armazones,Steffani,,,,,UNIDAD,origen: PILAR=P2 - Inventario.xlsx#108@2026-08-10
PIL-104586,AC PAT FLEX NEGRO H3629 55-17-140 C-314,PRODUCTO_STOCKEABLE,Armazones,Unicity,,,,,UNIDAD,origen: PILAR=P2 - Inventario.xlsx#83@2026-08-10
PIL-104587,AC PAT FLEX AZUL K9951 54-16-142 C-809,PRODUCTO_STOCKEABLE,Armazones,Steffani,,,,,UNIDAD,origen: PILAR=P2 - Inventario.xlsx#117@2026-08-10
PIL-104589,AC PAT FLEX TRANSPARENTE V1192 52-18-140 C-19,PRODUCTO_STOCKEABLE,Armazones,Vicrola,,,,,UNIDAD,origen: PILAR=P2 - Inventario.xlsx#128@2026-08-10
PIL-104591,AC PAT FLEX NEGRO 2068 51-18-140,PRODUCTO_STOCKEABLE,Armazones,Kazwini,,,,,UNIDAD,origen: PILAR=P2 - Inventario.xlsx#174@2026-08-10
PIL-104592,AC PAT FLEX NEGRO V1268 52-15-140 C-111,PRODUCTO_STOCKEABLE,Armazones,Vicrola,,,,,UNIDAD,origen: PILAR=P2 - Inventario.xlsx#94@2026-08-10
PIL-104593,AC PAT FIJA PLATEADO 3049 54-17-138 C-02,PRODUCTO_STOCKEABLE,Armazones,Kazwini,,,,,UNIDAD,origen: PILAR=P2 - Inventario.xlsx#182@2026-08-10
PIL-104594,AH PAT FLEX PLATEADO K9923 56-18-145 COL500,PRODUCTO_STOCKEABLE,Armazones,Steffani,,,,,UNIDAD,origen: PILAR=P2 - Inventario.xlsx#13@2026-08-10
PIL-104595,AC PAT FLEX DORADO 1016 50-18-140,PRODUCTO_STOCKEABLE,Armazones,Kazwini,,,,,UNIDAD,origen: PILAR=P2 - Inventario.xlsx#168@2026-08-10
PIL-104596,AC PAT FLEX DORADO HA26018 57-18-140 C.B2,PRODUCTO_STOCKEABLE,Lentes de Sol,Hanis,,,,,UNIDAD,origen: PILAR=P2 - Inventario.xlsx#1000@2026-08-10
PIL-104597,AH PAT FLEX PLATEADO 25073 50-17-138 C.7,PRODUCTO_STOCKEABLE,Armazones,Graffiti,,,,,UNIDAD,origen: PILAR=P2 - Inventario.xlsx#285@2026-08-10
PIL-104598,AC PAT FLEX DORADO HA26017 52-18-145 C.FCM0,PRODUCTO_STOCKEABLE,Lentes de Sol,Hanis,,,,,UNIDAD,origen: PILAR=P2 - Inventario.xlsx#997@2026-08-10
PIL-104599,AC PAT FIJA PLATEADO 3015 54-18-140 C-03,PRODUCTO_STOCKEABLE,Armazones,Kazwini,,,,,UNIDAD,origen: PILAR=P2 - Inventario.xlsx#179@2026-08-10
PIL-104601,AC PAT FLEX DORADO 53-19-140,PRODUCTO_STOCKEABLE,Armazones,Kazwini,,,,,UNIDAD,origen: PILAR=P2 - Inventario.xlsx#194@2026-08-10
PIL-104602,AC PAT FIJA NEGRO A-5360 54-16-138 C-035,PRODUCTO_STOCKEABLE,Armazones,Kazwini,,,,,UNIDAD,origen: PILAR=P2 - Inventario.xlsx#165@2026-08-10
PIL-104603,AC PAT FLEX TRANSPARENTE V1256 52-17-140 C.524,PRODUCTO_STOCKEABLE,Armazones,Vicrola,,,,,UNIDAD,origen: PILAR=P2 - Inventario.xlsx#266@2026-08-10
PIL-104604,AC PAT FLEX AZUL K9993 51-18-142 C.824,PRODUCTO_STOCKEABLE,Armazones,Steffani,,,,,UNIDAD,origen: PILAR=P2 - Inventario.xlsx#279@2026-08-10
PIL-104607,AC PAT FLEX GRIS H3680 49-17-130 C-316,PRODUCTO_STOCKEABLE,Armazones,Unicity,,,,,UNIDAD,origen: PILAR=P2 - Inventario.xlsx#80@2026-08-10
PIL-104608,AC PAT FLEX MARRON 3139M 50-17-135 C.BT2,PRODUCTO_STOCKEABLE,Armazones,Hanis,,,,,UNIDAD,origen: PILAR=P2 - Inventario.xlsx#25@2026-08-10
PIL-104610,AC PAT FIJA NEGRO 3013 51-17-140 C-04,PRODUCTO_STOCKEABLE,Armazones,Kazwini,,,,,UNIDAD,origen: PILAR=P2 - Inventario.xlsx#183@2026-08-10
PIL-104611,AC PAT FLEX NEGRO H3680 49-17-130 C-313,PRODUCTO_STOCKEABLE,Armazones,Unicity,,,,,UNIDAD,origen: PILAR=P2 - Inventario.xlsx#79@2026-08-10
PIL-104613,AC PAT FLEX CELESTE H3680 49-17-130 C-324,PRODUCTO_STOCKEABLE,Armazones,Unicity,,,,,UNIDAD,origen: PILAR=P2 - Inventario.xlsx#81@2026-08-10
PIL-104617,AC PAT FIJA ANIMAL PRINT XB2174 52-17-145 C2,PRODUCTO_STOCKEABLE,Armazones,CG,,,,,UNIDAD,origen: PILAR=P2 - Inventario.xlsx#17@2026-08-10
PIL-104619,AC PAT FLEX NEGRO H3680 49-17-130 C-311,PRODUCTO_STOCKEABLE,Armazones,Unicity,,,,,UNIDAD,origen: PILAR=P2 - Inventario.xlsx#82@2026-08-10
PIL-104622,AC PAT FLEX ANIMAL PRINT HL2612 55-18-145 C.B13,PRODUCTO_STOCKEABLE,Armazones,Hanis,,,,,UNIDAD,origen: PILAR=P2 - Inventario.xlsx#37@2026-08-10
PIL-104624,AC PAT FLEX AZUL V1182 54-16-140 C.800,PRODUCTO_STOCKEABLE,Armazones,Vicrola,,,,,UNIDAD,origen: PILAR=P2 - Inventario.xlsx#258@2026-08-10
PIL-104625,AC PAT FLEX GRIS K9981 54-16-142 C-809,PRODUCTO_STOCKEABLE,Armazones,Steffani,,,,,UNIDAD,origen: PILAR=P2 - Inventario.xlsx#122@2026-08-10
PIL-104627,AC PAT FLEX DORADO HA26017 52-18-145 C.B2,PRODUCTO_STOCKEABLE,Lentes de Sol,Hanis,,,,,UNIDAD,origen: PILAR=P2 - Inventario.xlsx#999@2026-08-10
PIL-104628,AC PAT FLEX NEGRO V1267 53-18-142 C.F211,PRODUCTO_STOCKEABLE,Armazones,Vicrola,,,,,UNIDAD,origen: PILAR=P2 - Inventario.xlsx#249@2026-08-10
PIL-104629,AC PAT FLEX NEGRO H2702 49-17-138 C.602,PRODUCTO_STOCKEABLE,Armazones,Unicity,,,,,UNIDAD,origen: PILAR=P2 - Inventario.xlsx#269@2026-08-10
PIL-104630,AC PAT FLEX DORADO 53-19-140,PRODUCTO_STOCKEABLE,Armazones,Kazwini,,,,,UNIDAD,origen: PILAR=P2 - Inventario.xlsx#193@2026-08-10
PIL-104631,AC PAT FLEX GRIS K9991 54-17-142 C-816,PRODUCTO_STOCKEABLE,Armazones,Steffani,,,,,UNIDAD,origen: PILAR=P2 - Inventario.xlsx#123@2026-08-10
PIL-104639,AC PAT FIJA BORDO B383 49-20-145 C-118,PRODUCTO_STOCKEABLE,Armazones,Kazwini,,,,,UNIDAD,origen: PILAR=P2 - Inventario.xlsx#158@2026-08-10
PIL-104640,AC PAT FLEX NEGRO K9993 51-18-142 C.811,PRODUCTO_STOCKEABLE,Armazones,Steffani,,,,,UNIDAD,origen: PILAR=P2 - Inventario.xlsx#277@2026-08-10
PIL-104641,AC PAT FLEX GRIS 5508 54-16-138 C-6,PRODUCTO_STOCKEABLE,Armazones,Kazwini,,,,,UNIDAD,origen: PILAR=P2 - Inventario.xlsx#166@2026-08-10
PIL-104642,AC PAT FLEX NEGRO RX8001 54-18-140 C-2,PRODUCTO_STOCKEABLE,Armazones,Kazwini,,,,,UNIDAD,origen: PILAR=P2 - Inventario.xlsx#186@2026-08-10
PIL-104643,AC PAT FLEX PLATEADO HA2646 52-17-140,PRODUCTO_STOCKEABLE,Armazones,Kazwini,,,,,UNIDAD,origen: PILAR=P2 - Inventario.xlsx#187@2026-08-10
PIL-104644,AC PAT FLEX MARRON 8954 53-15-135 C-2,PRODUCTO_STOCKEABLE,Armazones,Kazwini,,,,,UNIDAD,origen: PILAR=P2 - Inventario.xlsx#152@2026-08-10
PIL-104645,AC PAT FLEX DORADO HA26018 57-18-140 C.FCM0,PRODUCTO_STOCKEABLE,Lentes de Sol,Hanis,,,,,UNIDAD,origen: PILAR=P2 - Inventario.xlsx#998@2026-08-10
PIL-104646,AC PAT FLEX DORADO 25060 52-16-138 C.1,PRODUCTO_STOCKEABLE,Armazones,Graffiti,,,,,UNIDAD,origen: PILAR=P2 - Inventario.xlsx#289@2026-08-10
PIL-104647,AC PAT FLEX TRANSPARENTE K9773 54-15-140 C.519,PRODUCTO_STOCKEABLE,Armazones,Steffani,,,,,UNIDAD,origen: PILAR=P2 - Inventario.xlsx#234@2026-08-10
PIL-104649,AC PAT FLEX AZUL KAS3081 54-17-143 C.5,PRODUCTO_STOCKEABLE,Armazones,Graffiti,,,,,UNIDAD,origen: PILAR=P2 - Inventario.xlsx#287@2026-08-10
PIL-104651,AC PAT FLEX MARRON HA26007 53-17-135 C.BT2,PRODUCTO_STOCKEABLE,Armazones,Hanis,,,,,UNIDAD,origen: PILAR=P2 - Inventario.xlsx#41@2026-08-10
PIL-104656,AC PAT FLEX VIOLETA 8954 53-15-135 C-3,PRODUCTO_STOCKEABLE,Armazones,Kazwini,,,,,UNIDAD,origen: PILAR=P2 - Inventario.xlsx#153@2026-08-10
PIL-104657,AC PAT FLEX DORADO K9786 55-16-140 C.522,PRODUCTO_STOCKEABLE,Armazones,Steffani,,,,,UNIDAD,origen: PILAR=P2 - Inventario.xlsx#208@2026-08-10
PIL-104658,AC PAT FLEX VIOLETA V1391 55-16-145 C.127,PRODUCTO_STOCKEABLE,Armazones,Vicrola,,,,,UNIDAD,origen: PILAR=P2 - Inventario.xlsx#261@2026-08-10
PIL-104659,AC PAT FLEX NEGRO 4651 52-17-140 C.BT1,PRODUCTO_STOCKEABLE,Armazones,Hanis,,,,,UNIDAD,origen: PILAR=P2 - Inventario.xlsx#33@2026-08-10
PIL-104660,AC PAT FLEX GRIS TR27002 54-16-143 C4,PRODUCTO_STOCKEABLE,Armazones,CG,,,,,UNIDAD,origen: PILAR=P2 - Inventario.xlsx#19@2026-08-10
PIL-104661,AC PAT FLEX NEGRO 1016 50-18-140,PRODUCTO_STOCKEABLE,Armazones,Kazwini,,,,,UNIDAD,origen: PILAR=P2 - Inventario.xlsx#176@2026-08-10
PIL-104662,AC PAT FLEX PLATEADO HA2646 52-17-140,PRODUCTO_STOCKEABLE,Armazones,Kazwini,,,,,UNIDAD,origen: PILAR=P2 - Inventario.xlsx#188@2026-08-10
PIL-104666,AC PAT FLEX MARRON 8575C 52-16-140 C-04,PRODUCTO_STOCKEABLE,Armazones,Kazwini,,,,,UNIDAD,origen: PILAR=P2 - Inventario.xlsx#163@2026-08-10
PIL-104669,AC PAT FLEX DORADO 1013 55-18-140,PRODUCTO_STOCKEABLE,Armazones,Kazwini,,,,,UNIDAD,origen: PILAR=P2 - Inventario.xlsx#170@2026-08-10
PIL-104670,AC PAT FIJA ROSADO 1130 52-17-140,PRODUCTO_STOCKEABLE,Armazones,Kazwini,,,,,UNIDAD,origen: PILAR=P2 - Inventario.xlsx#192@2026-08-10
PIL-104671,AC PAT FIJA PLATEADO 3050 54-18-138 C-03,PRODUCTO_STOCKEABLE,Armazones,Kazwini,,,,,UNIDAD,origen: PILAR=P2 - Inventario.xlsx#178@2026-08-10
PIL-104673,AC PAT FLEX PLATEADO 2063 51-18-140,PRODUCTO_STOCKEABLE,Armazones,Kazwini,,,,,UNIDAD,origen: PILAR=P2 - Inventario.xlsx#173@2026-08-10
PIL-104674,AC PAT FLEX AZUL 4705 54-18-145 C.F3,PRODUCTO_STOCKEABLE,Armazones,Hanis,,,,,UNIDAD,origen: PILAR=P2 - Inventario.xlsx#34@2026-08-10
PIL-104675,AC PAT FIJA MARRON B383 49-20-145 C-149,PRODUCTO_STOCKEABLE,Armazones,Kazwini,,,,,UNIDAD,origen: PILAR=P2 - Inventario.xlsx#159@2026-08-10
PIL-104676,AC PAT FLEX TRANSPARENTE V1267 53-18-142 C.112,PRODUCTO_STOCKEABLE,Armazones,Vicrola,,,,,UNIDAD,origen: PILAR=P2 - Inventario.xlsx#264@2026-08-10
PIL-104677,AC PAT FIJA PLATEADO 3050 54-18-138 C-03,PRODUCTO_STOCKEABLE,Armazones,Kazwini,,,,,UNIDAD,origen: PILAR=P2 - Inventario.xlsx#181@2026-08-10
PIL-104678,AC PAT FLEX ANIMAL PRINT 6589 51-15-140 C-2,PRODUCTO_STOCKEABLE,Armazones,Kazwini,,,,,UNIDAD,origen: PILAR=P2 - Inventario.xlsx#146@2026-08-10
PIL-104679,AC PAT FLEX NEGRO MZ9203 53-17-140 C-3,PRODUCTO_STOCKEABLE,Armazones,Kazwini,,,,,UNIDAD,origen: PILAR=P2 - Inventario.xlsx#151@2026-08-10
PIL-104680,AC PAT FLEX NEGRO 1023 55-18-140,PRODUCTO_STOCKEABLE,Armazones,Kazwini,,,,,UNIDAD,origen: PILAR=P2 - Inventario.xlsx#177@2026-08-10
PIL-104681,AC PAT FLEX VIOLETA Z214G 53-17-138 C-85,PRODUCTO_STOCKEABLE,Armazones,Kazwini,,,,,UNIDAD,origen: PILAR=P2 - Inventario.xlsx#155@2026-08-10
PIL-104682,AC PAT FLEX NEGRO H3754 52-19-140 C.311,PRODUCTO_STOCKEABLE,Armazones,Unicity,,,,,UNIDAD,origen: PILAR=P2 - Inventario.xlsx#280@2026-08-10
PIL-104683,AC PAT FLEX NEGRO 6569 53-14-138 C-17,PRODUCTO_STOCKEABLE,Armazones,Kazwini,,,,,UNIDAD,origen: PILAR=P2 - Inventario.xlsx#145@2026-08-10
PIL-104684,AC PAT FLEX GRIS PT 1105 52-15-135 C-1,PRODUCTO_STOCKEABLE,Armazones,Kazwini,,,,,UNIDAD,origen: PILAR=P2 - Inventario.xlsx#154@2026-08-10
PIL-104686,AC PAT FIJA NEGRO S813 54-17-135 C-3,PRODUCTO_STOCKEABLE,Armazones,Kazwini,,,,,UNIDAD,origen: PILAR=P2 - Inventario.xlsx#129@2026-08-10
PIL-104687,AC PAT FLEX AZUL 8956 53-16-140 C-2046,PRODUCTO_STOCKEABLE,Armazones,Kazwini,,,,,UNIDAD,origen: PILAR=P2 - Inventario.xlsx#164@2026-08-10
PIL-104688,AC PAT FLEX NEGRO 1016 50-18-140,PRODUCTO_STOCKEABLE,Armazones,Kazwini,,,,,UNIDAD,origen: PILAR=P2 - Inventario.xlsx#175@2026-08-10
PIL-104689,AC PAT FLEX DORADO 2085 49-72-140,PRODUCTO_STOCKEABLE,Armazones,Kazwini,,,,,UNIDAD,origen: PILAR=P2 - Inventario.xlsx#169@2026-08-10
PIL-104690,AC PAT FLEX DORADO 1016 50-18-140,PRODUCTO_STOCKEABLE,Armazones,Kazwini,,,,,UNIDAD,origen: PILAR=P2 - Inventario.xlsx#172@2026-08-10
PIL-104691,AC PAT FLEX ANIMAL PRINT 6352 53-16-140 C-2,PRODUCTO_STOCKEABLE,Armazones,Kazwini,,,,,UNIDAD,origen: PILAR=P2 - Inventario.xlsx#144@2026-08-10
PIL-104693,AC PAT FLEX DORADO 1013 55-18-140,PRODUCTO_STOCKEABLE,Armazones,Kazwini,,,,,UNIDAD,origen: PILAR=P2 - Inventario.xlsx#171@2026-08-10
PIL-104697,AC PAT FLEX VERDE V1195 53-15-140 C.26,PRODUCTO_STOCKEABLE,Armazones,Vicrola,,,,,UNIDAD,origen: PILAR=P2 - Inventario.xlsx#257@2026-08-10
PIL-104698,AC PAT FLEX ANIMAL PRINT 6589 51-15-140 C-2,PRODUCTO_STOCKEABLE,Armazones,Kazwini,,,,,UNIDAD,origen: PILAR=P2 - Inventario.xlsx#142@2026-08-10
PIL-104701,AC PAT FIJA PLATEADO 3013 51-17-140 C-02,PRODUCTO_STOCKEABLE,Armazones,Kazwini,,,,,UNIDAD,origen: PILAR=P2 - Inventario.xlsx#180@2026-08-10
PIL-104702,AC PAT FLEX TRANSPARENTE V1179 50-17-140 C.19,PRODUCTO_STOCKEABLE,Armazones,Vicrola,,,,,UNIDAD,origen: PILAR=P2 - Inventario.xlsx#268@2026-08-10
PIL-104703,AC PAT FLEX MARRON TRANSPARENTE 4726 52-17-140 C.BT2,PRODUCTO_STOCKEABLE,Armazones,Hanis,,,,,UNIDAD,origen: PILAR=P2 - Inventario.xlsx#27@2026-08-10
PIL-104704,AC PAT FIJA NEGRO 7501 53-16-135 C-1,PRODUCTO_STOCKEABLE,Armazones,Kazwini,,,,,UNIDAD,origen: PILAR=P2 - Inventario.xlsx#143@2026-08-10
PIL-104705,AC PAT FIJA MARRON MZ09108 53-14-135 C-06,PRODUCTO_STOCKEABLE,Armazones,Kazwini,,,,,UNIDAD,origen: PILAR=P2 - Inventario.xlsx#150@2026-08-10
PIL-104707,AC PAT FIJA GRIS MZ143 56-18-140 C-E,PRODUCTO_STOCKEABLE,Armazones,Kazwini,,,,,UNIDAD,origen: PILAR=P2 - Inventario.xlsx#149@2026-08-10
PIL-104708,AC PAT FLEX NEGRO RX8001 54-18-140 C-2,PRODUCTO_STOCKEABLE,Armazones,Kazwini,,,,,UNIDAD,origen: PILAR=P2 - Inventario.xlsx#185@2026-08-10
PIL-104710,AC PAT FIJA ANIMAL PRINT XB2175 53-19-145 C2,PRODUCTO_STOCKEABLE,Armazones,CG,,,,,UNIDAD,origen: PILAR=P2 - Inventario.xlsx#16@2026-08-10
PIL-104712,AC PAT FIJA VERDE B383 49-20-145 C-2,PRODUCTO_STOCKEABLE,Armazones,Kazwini,,,,,UNIDAD,origen: PILAR=P2 - Inventario.xlsx#157@2026-08-10
PIL-104714,AC PAT FLEX NEGRO H2702 49-17-138 C.611,PRODUCTO_STOCKEABLE,Armazones,Unicity,,,,,UNIDAD,origen: PILAR=P2 - Inventario.xlsx#271@2026-08-10
PIL-104715,AC PAT FLEX VIOLETA LB9346G 53-17-138 C-08,PRODUCTO_STOCKEABLE,Armazones,Kazwini,,,,,UNIDAD,origen: PILAR=P2 - Inventario.xlsx#162@2026-08-10
PIL-104716,AC PAT FIJA VIOLETA S819 53-16-140 C-4,PRODUCTO_STOCKEABLE,Armazones,Kazwini,,,,,UNIDAD,origen: PILAR=P2 - Inventario.xlsx#139@2026-08-10
PIL-104717,AC PAT FIJA NEGRO S823 52-16-135 C-3,PRODUCTO_STOCKEABLE,Armazones,Kazwini,,,,,UNIDAD,origen: PILAR=P2 - Inventario.xlsx#137@2026-08-10
PIL-104718,AC PAT FIJA AZUL S822 53-17-135 C-3,PRODUCTO_STOCKEABLE,Armazones,Kazwini,,,,,UNIDAD,origen: PILAR=P2 - Inventario.xlsx#140@2026-08-10
PIL-104719,AC PAT FLEX NEGRO LE 2038 53-16-142 C.1,PRODUCTO_STOCKEABLE,Armazones,Graffiti,,,,,UNIDAD,origen: PILAR=P2 - Inventario.xlsx#290@2026-08-10
PIL-104720,AC PAT FLEX MARRON TRANSPARENTE 4355M 51-17-135 C.B2,PRODUCTO_STOCKEABLE,Armazones,Hanis,,,,,UNIDAD,origen: PILAR=P2 - Inventario.xlsx#28@2026-08-10
PIL-104721,AC PAT FIJA VIOLETA S819 53-16-140 C-4,PRODUCTO_STOCKEABLE,Armazones,Kazwini,,,,,UNIDAD,origen: PILAR=P2 - Inventario.xlsx#130@2026-08-10
PIL-104722,AC PAT FLEX ANIMAL PRINT LE2038 53-16-142 C.3,PRODUCTO_STOCKEABLE,Armazones,Graffiti,,,,,UNIDAD,origen: PILAR=P2 - Inventario.xlsx#292@2026-08-10
PIL-104723,AC PAT FLEX NEGRO MZ9172 53-16-135 C-01,PRODUCTO_STOCKEABLE,Armazones,Kazwini,,,,,UNIDAD,origen: PILAR=P2 - Inventario.xlsx#147@2026-08-10
PIL-104724,AC PAT FLEX ROSADO K15016 53-16-135 C-4,PRODUCTO_STOCKEABLE,Armazones,Kazwini,,,,,UNIDAD,origen: PILAR=P2 - Inventario.xlsx#161@2026-08-10
PIL-104725,AC PAT FIJA NEGRO MZ9138 54-16-135,PRODUCTO_STOCKEABLE,Armazones,Kazwini,,,,,UNIDAD,origen: PILAR=P2 - Inventario.xlsx#148@2026-08-10
PIL-104727,AC PAT FIJA NEGRO JF2013-104 53-16-145 C-5,PRODUCTO_STOCKEABLE,Armazones,Kazwini,,,,,UNIDAD,origen: PILAR=P2 - Inventario.xlsx#160@2026-08-10
PIL-104728,AC PAT FIJA DORADO 52-17-140,PRODUCTO_STOCKEABLE,Armazones,Kazwini,,,,,UNIDAD,origen: PILAR=P2 - Inventario.xlsx#190@2026-08-10
PIL-104730,AC PAT FIJA DORADO 52-17-140,PRODUCTO_STOCKEABLE,Armazones,Kazwini,,,,,UNIDAD,origen: PILAR=P2 - Inventario.xlsx#189@2026-08-10
PIL-104732,AC PAT FIJA BORDO S819 53-16-140 C-3,PRODUCTO_STOCKEABLE,Armazones,Kazwini,,,,,UNIDAD,origen: PILAR=P2 - Inventario.xlsx#136@2026-08-10
PIL-104733,AC PAT FIJA NEGRO S809 53-16-140 C-2,PRODUCTO_STOCKEABLE,Armazones,Kazwini,,,,,UNIDAD,origen: PILAR=P2 - Inventario.xlsx#132@2026-08-10
PIL-104734,AC PAT FIJA ANIMAL PRINT S808 55-17-135 C-2,PRODUCTO_STOCKEABLE,Armazones,Kazwini,,,,,UNIDAD,origen: PILAR=P2 - Inventario.xlsx#131@2026-08-10
PIL-104735,AC PAT FLEX MARRON 3139M 50-17-135 C.BE2,PRODUCTO_STOCKEABLE,Armazones,Hanis,,,,,UNIDAD,origen: PILAR=P2 - Inventario.xlsx#23@2026-08-10
PIL-104736,AC PAT FLEX ROSA LE2053 53-16-142 C.4,PRODUCTO_STOCKEABLE,Armazones,Graffiti,,,,,UNIDAD,origen: PILAR=P2 - Inventario.xlsx#293@2026-08-10
PIL-104737,AC PAT FLEX NEGRO V1267 53-18-142 C.700,PRODUCTO_STOCKEABLE,Armazones,Vicrola,,,,,UNIDAD,origen: PILAR=P2 - Inventario.xlsx#252@2026-08-10
PIL-104738,AC PAT FIJA ANIMAL PRINT S820 53-15-140 C-2,PRODUCTO_STOCKEABLE,Armazones,Kazwini,,,,,UNIDAD,origen: PILAR=P2 - Inventario.xlsx#133@2026-08-10
PIL-104739,AC PAT FLEX NEGRO V1364 55-15-145 C.502,PRODUCTO_STOCKEABLE,Armazones,Vicrola,,,,,UNIDAD,origen: PILAR=P2 - Inventario.xlsx#253@2026-08-10
PIL-104740,AC PAT FIJA NEGRO 25182 56-18-148 C.01,PRODUCTO_STOCKEABLE,Armazones,Graffiti,,,,,UNIDAD,origen: PILAR=P2 - Inventario.xlsx#291@2026-08-10
PIL-104741,AC PAT FLEX ROSADO K9908 54-16-141 C.24,PRODUCTO_STOCKEABLE,Armazones,Steffani,,,,,UNIDAD,origen: PILAR=P2 - Inventario.xlsx#232@2026-08-10
PIL-104742,AC PAT FLEX ROSA OSCURO 4726 52-17-140 C.BE6,PRODUCTO_STOCKEABLE,Armazones,Hanis,,,,,UNIDAD,origen: PILAR=P2 - Inventario.xlsx#26@2026-08-10
PIL-104745,AC PAT FIJA MARRON S839 54-16-140 C-3,PRODUCTO_STOCKEABLE,Armazones,Kazwini,,,,,UNIDAD,origen: PILAR=P2 - Inventario.xlsx#135@2026-08-10
PIL-104746,AC PAT FIJA NEGRO S822 53-17-135 C-2,PRODUCTO_STOCKEABLE,Armazones,Kazwini,,,,,UNIDAD,origen: PILAR=P2 - Inventario.xlsx#134@2026-08-10
PIL-104747,AC PAT FIJA VIOLETA S802 53-15-130 C-3,PRODUCTO_STOCKEABLE,Armazones,Kazwini,,,,,UNIDAD,origen: PILAR=P2 - Inventario.xlsx#138@2026-08-10
PIL-104748,AC PAT FLEX TRANSPARENTE V1182 54-16-140 C.19,PRODUCTO_STOCKEABLE,Armazones,Vicrola,,,,,UNIDAD,origen: PILAR=P2 - Inventario.xlsx#263@2026-08-10
PIL-104750,AC PAT FLEX ROJO K9993 51-18-142 C.803,PRODUCTO_STOCKEABLE,Armazones,Steffani,,,,,UNIDAD,origen: PILAR=P2 - Inventario.xlsx#278@2026-08-10
PIL-104752,AC PAT FLEX NEGRO K9811 53-15-143 C.201,PRODUCTO_STOCKEABLE,Armazones,Steffani,,,,,UNIDAD,origen: PILAR=P2 - Inventario.xlsx#224@2026-08-10
PIL-104756,AC PAT FLEX NEGRO K9996 53-20-142 C.813,PRODUCTO_STOCKEABLE,Armazones,Steffani,,,,,UNIDAD,origen: PILAR=P2 - Inventario.xlsx#273@2026-08-10
PIL-104757,AC PAT FLEX MARRON K9996 53-20-142 C.801,PRODUCTO_STOCKEABLE,Armazones,Steffani,,,,,UNIDAD,origen: PILAR=P2 - Inventario.xlsx#274@2026-08-10
PIL-104759,AC PAT FLEX NEGRO 4490 51-16-140 C.B1,PRODUCTO_STOCKEABLE,Armazones,Hanis,,,,,UNIDAD,origen: PILAR=P2 - Inventario.xlsx#22@2026-08-10
PIL-104760,AC PAT FLEX MARRON K9977 53-16-142 C-817,PRODUCTO_STOCKEABLE,Armazones,Steffani,,,,,UNIDAD,origen: PILAR=P2 - Inventario.xlsx#46@2026-08-10
PIL-104761,AC PAT FLEX MARRON HA26007 53-17-135 C.BET2,PRODUCTO_STOCKEABLE,Armazones,Hanis,,,,,UNIDAD,origen: PILAR=P2 - Inventario.xlsx#40@2026-08-10
PIL-104763,AC PAT FLEX NEGRO 4705 54-18-145 C.F1,PRODUCTO_STOCKEABLE,Armazones,Hanis,,,,,UNIDAD,origen: PILAR=P2 - Inventario.xlsx#32@2026-08-10
PIL-104764,AC PAT FLEX MARRON 4726 52-147-140 C.BT2,PRODUCTO_STOCKEABLE,Armazones,Hanis,,,,,UNIDAD,origen: PILAR=P2 - Inventario.xlsx#42@2026-08-10
PIL-104765,AC PAT FLEX NEGRO 4355M 51-17-135 C.BT1,PRODUCTO_STOCKEABLE,Armazones,Hanis,,,,,UNIDAD,origen: PILAR=P2 - Inventario.xlsx#21@2026-08-10
PIL-104766,AC PAT FLEX NEGRO HA26018 57-18-140 C.B1,PRODUCTO_STOCKEABLE,Lentes de Sol,Hanis,,,,,UNIDAD,origen: PILAR=P2 - Inventario.xlsx#996@2026-08-10
PIL-104767,AC PAT FLEX NEGRO HL2675 57-17-140 C.FE3,PRODUCTO_STOCKEABLE,Lentes de Sol,Hanis,,,,,UNIDAD,origen: PILAR=P2 - Inventario.xlsx#992@2026-08-10
PIL-104768,AC PAT FLEX ANIMAL PRINT HL2613 53-20-145 C.BC2,PRODUCTO_STOCKEABLE,Armazones,Hanis,,,,,UNIDAD,origen: PILAR=P2 - Inventario.xlsx#36@2026-08-10
PIL-104769,AC PAT FLEX ANIMAL PRINT H3754 52-19-140 C.320,PRODUCTO_STOCKEABLE,Armazones,Unicity,,,,,UNIDAD,origen: PILAR=P2 - Inventario.xlsx#281@2026-08-10
PIL-104770,AC PAT FLEX NEGRO HL2613 53-20-145 C.B1,PRODUCTO_STOCKEABLE,Armazones,Hanis,,,,,UNIDAD,origen: PILAR=P2 - Inventario.xlsx#31@2026-08-10
PIL-104771,AC PAT FLEX TRANSPARENTE H3754 52-19-140 C.312,PRODUCTO_STOCKEABLE,Armazones,Steffani,,,,,UNIDAD,origen: PILAR=P2 - Inventario.xlsx#283@2026-08-10
PIL-104772,AC PAT FLEX GRIS H3754 52-19-140 C.317,PRODUCTO_STOCKEABLE,Armazones,Unicity,,,,,UNIDAD,origen: PILAR=P2 - Inventario.xlsx#282@2026-08-10
PIL-104773,AC PAT FLEX NEGRO 3907M 52-16-135 C.BT1,PRODUCTO_STOCKEABLE,Armazones,Hanis,,,,,UNIDAD,origen: PILAR=P2 - Inventario.xlsx#20@2026-08-10
PIL-104774,AC PAT FLEX DORADO DP R9018 57-13-140 K.GOLD,PRODUCTO_STOCKEABLE,Armazones,Kazwini,,,,,UNIDAD,origen: PILAR=P2 - Inventario.xlsx#196@2026-08-10
PIL-104776,AC PAT FLEX ANIMAL PRINT 4525 54-17-140 C.BE2,PRODUCTO_STOCKEABLE,Armazones,Hanis,,,,,UNIDAD,origen: PILAR=P2 - Inventario.xlsx#38@2026-08-10
PIL-104777,AC PAT FIJA NEGRO K9883 55-17-148 C.502,PRODUCTO_STOCKEABLE,Armazones,Steffani,,,,,UNIDAD,origen: PILAR=P2 - Inventario.xlsx#213@2026-08-10
PIL-104778,AC PAT FIJA DORADO K9920 53-17-140 C.502,PRODUCTO_STOCKEABLE,Armazones,Steffani,,,,,UNIDAD,origen: PILAR=P2 - Inventario.xlsx#214@2026-08-10
PIL-104779,AC PAT FLEX GRIS V1202 51-18-140 C.116,PRODUCTO_STOCKEABLE,Armazones,Vicrola,,,,,UNIDAD,origen: PILAR=P2 - Inventario.xlsx#294@2026-08-10
PIL-104780,AC PAT FLEX NEGRO HL2675 57-17-140 C.F6,PRODUCTO_STOCKEABLE,Lentes de Sol,Hanis,,,,,UNIDAD,origen: PILAR=P2 - Inventario.xlsx#993@2026-08-10
PIL-104783,AC PAT FLEX ANIMAL PRINT HL2613 53-20-145 C.BE2,PRODUCTO_STOCKEABLE,Armazones,Hanis,,,,,UNIDAD,origen: PILAR=P2 - Inventario.xlsx#35@2026-08-10
PIL-104784,AC PAT FIJA ANIMAL PRINT DCP23040 55-18-143 COL.CB3,PRODUCTO_STOCKEABLE,Armazones,Discovery,,,,,UNIDAD,origen: PILAR=P2 - Inventario.xlsx#197@2026-08-10
PIL-104785,AC PAT FLEX GRIS 4355M 51-17-135 C.BT5,PRODUCTO_STOCKEABLE,Armazones,Hanis,,,,,UNIDAD,origen: PILAR=P2 - Inventario.xlsx#24@2026-08-10
PIL-104787,AC PAT FLEX NEGRO V1256 52-17-140 C.502,PRODUCTO_STOCKEABLE,Armazones,Vicrola,,,,,UNIDAD,origen: PILAR=P2 - Inventario.xlsx#245@2026-08-10
PIL-104788,AC PAT FIJA DORADO 3022 50-158-140 C-01,PRODUCTO_STOCKEABLE,Armazones,Kazwini,,,,,UNIDAD,origen: PILAR=P2 - Inventario.xlsx#184@2026-08-10
PIL-104789,AC PAT FLEX NEGRO REV650 55-17-140,PRODUCTO_STOCKEABLE,Armazones,Kazwini,,,,,UNIDAD,origen: PILAR=P2 - Inventario.xlsx#195@2026-08-10
PIL-104790,AC PAT FLEX MARRON H9783 54-16-140 C.529,PRODUCTO_STOCKEABLE,Armazones,Steffani,,,,,UNIDAD,origen: PILAR=P2 - Inventario.xlsx#215@2026-08-10
PIL-104791,AC PAT FIJA DORADO K9920 53-17-140 C.529,PRODUCTO_STOCKEABLE,Armazones,Steffani,,,,,UNIDAD,origen: PILAR=P2 - Inventario.xlsx#216@2026-08-10
PIL-104793,AC PAT FLEX NEGRO HL2675 57-17-140 C.F1,PRODUCTO_STOCKEABLE,Lentes de Sol,Hanis,,,,,UNIDAD,origen: PILAR=P2 - Inventario.xlsx#994@2026-08-10
PIL-104794,AC PAT FLEX NEGRO KAS3081 51-17-143 C.1,PRODUCTO_STOCKEABLE,Armazones,Graffiti,,,,,UNIDAD,origen: PILAR=P2 - Inventario.xlsx#284@2026-08-10
PIL-104796,AC PAT FLEX NEGRO HA26017 52-18-145 C.B1,PRODUCTO_STOCKEABLE,Lentes de Sol,Hanis,,,,,UNIDAD,origen: PILAR=P2 - Inventario.xlsx#995@2026-08-10
PIL-104798,AC PAT FLEX NEGRO V1195 53-15-140 C.200,PRODUCTO_STOCKEABLE,Armazones,Vicrola,,,,,UNIDAD,origen: PILAR=P2 - Inventario.xlsx#251@2026-08-10
PIL-104800,AC PAT FLEX TRANSPARENTE V1163 53-17-145 C.19,PRODUCTO_STOCKEABLE,Armazones,Vicrola,,,,,UNIDAD,origen: PILAR=P2 - Inventario.xlsx#265@2026-08-10
PIL-104801,AC PAT FLEX BORDO V1346 55-16-140 C.520,PRODUCTO_STOCKEABLE,Armazones,Vicrola,,,,,UNIDAD,origen: PILAR=P2 - Inventario.xlsx#236@2026-08-10
PIL-104802,AC PAT FLEX NEGRO V1202 51-18-140 C.200,PRODUCTO_STOCKEABLE,Armazones,Vicrola,,,,,UNIDAD,origen: PILAR=P2 - Inventario.xlsx#243@2026-08-10
PIL-104803,AC PAT FLEX MARRON V1345 55-16-140 C.529,PRODUCTO_STOCKEABLE,Armazones,Vicrola,,,,,UNIDAD,origen: PILAR=P2 - Inventario.xlsx#240@2026-08-10
PIL-104805,AC PAT FLEX MARRON V1346 55-16-142 C.529,PRODUCTO_STOCKEABLE,Armazones,Vicrola,,,,,UNIDAD,origen: PILAR=P2 - Inventario.xlsx#239@2026-08-10
PIL-104806,AC PAT FLEX NEGRO H3661 53-18-145 C.327,PRODUCTO_STOCKEABLE,Armazones,Unicity,,,,,UNIDAD,origen: PILAR=P2 - Inventario.xlsx#270@2026-08-10
PIL-104807,AC PAT FLEX ROSA 4651 52-17-140 C.BT7,PRODUCTO_STOCKEABLE,Armazones,Hanis,,,,,UNIDAD,origen: PILAR=P2 - Inventario.xlsx#44@2026-08-10
PIL-104809,AC PAT FLEX NEGRO V1179 50-17-140 C.200,PRODUCTO_STOCKEABLE,Armazones,Vicrola,,,,,UNIDAD,origen: PILAR=P2 - Inventario.xlsx#246@2026-08-10
PIL-104810,AC PAT FLEX NEGRO V1289 53-16-142 C.502,PRODUCTO_STOCKEABLE,Armazones,Vicrola,,,,,UNIDAD,origen: PILAR=P2 - Inventario.xlsx#247@2026-08-10
PIL-104811,AC PAT FIJA AZUL VO 5570 3143 51-20-145,PRODUCTO_STOCKEABLE,Armazones,Vogue,,,,,UNIDAD,origen: PILAR=P2 - Inventario.xlsx#47@2026-08-10
PIL-104812,AC PAT FLEX ROJO HA26007 53-17-135 C.BET6,PRODUCTO_STOCKEABLE,Armazones,Hanis,,,,,UNIDAD,origen: PILAR=P2 - Inventario.xlsx#43@2026-08-10
PIL-104813,AC PAT FLEX VIOLETA V1180 54-17-140 C.924,PRODUCTO_STOCKEABLE,Armazones,Vicrola,,,,,UNIDAD,origen: PILAR=P2 - Inventario.xlsx#260@2026-08-10
PIL-104814,AC PAT FLEX MARRON K9996 53-20-142 C.825,PRODUCTO_STOCKEABLE,Armazones,Steffani,,,,,UNIDAD,origen: PILAR=P2 - Inventario.xlsx#275@2026-08-10
PIL-104815,AC PAT FLEX TRANSPARENTE V1289 53-16-142 C.519,PRODUCTO_STOCKEABLE,Armazones,Vicrola,,,,,UNIDAD,origen: PILAR=P2 - Inventario.xlsx#267@2026-08-10
PIL-104817,AC PAT FLEX NEGRO V1163 53-17-145 C.200,PRODUCTO_STOCKEABLE,Armazones,Vicrola,,,,,UNIDAD,origen: PILAR=P2 - Inventario.xlsx#242@2026-08-10
PIL-104820,AC PAT FLEX NEGRO V1267 53-18-142 C.F207,PRODUCTO_STOCKEABLE,Armazones,Vicrola,,,,,UNIDAD,origen: PILAR=P2 - Inventario.xlsx#241@2026-08-10
PIL-104821,AC PAT FLEX NEGRO K9514 53-16-140 C.602,PRODUCTO_STOCKEABLE,Armazones,Steffani,,,,,UNIDAD,origen: PILAR=P2 - Inventario.xlsx#210@2026-08-10
PIL-104822,AC PAT FLEX ROSADO K9780 53-18-145 C.524,PRODUCTO_STOCKEABLE,Armazones,Steffani,,,,,UNIDAD,origen: PILAR=P2 - Inventario.xlsx#212@2026-08-10
PIL-104823,AC PAT FLEX ANIMAL PRINT 4726 52-17-140 C.BE6,PRODUCTO_STOCKEABLE,Armazones,Hanis,,,,,UNIDAD,origen: PILAR=P2 - Inventario.xlsx#39@2026-08-10
PIL-104824,AC PAT FLEX DORADO 25061 50-17-138 C.3,PRODUCTO_STOCKEABLE,Armazones,Graffiti,,,,,UNIDAD,origen: PILAR=P2 - Inventario.xlsx#288@2026-08-10
PIL-104825,AC PAT FLEX NEGRO V1180 54-17-140 C.200,PRODUCTO_STOCKEABLE,Armazones,Vicrola,,,,,UNIDAD,origen: PILAR=P2 - Inventario.xlsx#244@2026-08-10
PIL-104826,AC PAT FLEX MARRON K9983 51-20-142 C.803,PRODUCTO_STOCKEABLE,Armazones,Steffani,,,,,UNIDAD,origen: PILAR=P2 - Inventario.xlsx#211@2026-08-10
PIL-104827,AC PAT FLEX CELESTE V1256 52-17-140 C.700,PRODUCTO_STOCKEABLE,Armazones,Vicrola,,,,,UNIDAD,origen: PILAR=P2 - Inventario.xlsx#259@2026-08-10
PIL-104828,AC PAT FLEX ROJO H9783 54-16-140 C.520,PRODUCTO_STOCKEABLE,Armazones,Steffani,,,,,UNIDAD,origen: PILAR=P2 - Inventario.xlsx#199@2026-08-10
PIL-104829,AC PAT FLEX MARRON K9786 55-16-140 C.28,PRODUCTO_STOCKEABLE,Armazones,Steffani,,,,,UNIDAD,origen: PILAR=P2 - Inventario.xlsx#205@2026-08-10
PIL-104832,AC PAT FLEX DORADO K9996 53-20-142 C.818,PRODUCTO_STOCKEABLE,Armazones,Steffani,,,,,UNIDAD,origen: PILAR=P2 - Inventario.xlsx#276@2026-08-10
PIL-104833,AC PAT FLEX ROSADO H9783 54-16-140 C.524,PRODUCTO_STOCKEABLE,Armazones,Steffani,,,,,UNIDAD,origen: PILAR=P2 - Inventario.xlsx#204@2026-08-10
PIL-104835,AC PAT FIJA PLATEADO K9920 53-17-140 C.527,PRODUCTO_STOCKEABLE,Armazones,Steffani,,,,,UNIDAD,origen: PILAR=P2 - Inventario.xlsx#203@2026-08-10
PIL-104836,AC PAT FLEX NEGRO K9503 55-18-140 C.606,PRODUCTO_STOCKEABLE,Armazones,Steffani,,,,,UNIDAD,origen: PILAR=P2 - Inventario.xlsx#198@2026-08-10
PIL-104837,AC PAT FLEX NEGRO K9984 54-18-142 C.813,PRODUCTO_STOCKEABLE,Armazones,Steffani,,,,,UNIDAD,origen: PILAR=P2 - Inventario.xlsx#219@2026-08-10
PIL-104838,AC PAT FLEX NEGRO V1182 54-16-140 C.11,PRODUCTO_STOCKEABLE,Armazones,Vicrola,,,,,UNIDAD,origen: PILAR=P2 - Inventario.xlsx#250@2026-08-10
PIL-104839,AC PAT FLEX MARRON K9984 54-18-142 C.801,PRODUCTO_STOCKEABLE,Armazones,Steffani,,,,,UNIDAD,origen: PILAR=P2 - Inventario.xlsx#206@2026-08-10
PIL-104843,AC PAT FLEX PLATEADO K9786 55-16-140 C.600,PRODUCTO_STOCKEABLE,Armazones,Graffiti,,,,,UNIDAD,origen: PILAR=P2 - Inventario.xlsx#202@2026-08-10
PIL-104844,AC PAT FLEX NEGRO K9781 54-17-142 C.502,PRODUCTO_STOCKEABLE,Armazones,Steffani,,,,,UNIDAD,origen: PILAR=P2 - Inventario.xlsx#217@2026-08-10
PIL-104845,AC PAT FLEX NEGRO K9810 54-17-140 C.815,PRODUCTO_STOCKEABLE,Armazones,Steffani,,,,,UNIDAD,origen: PILAR=P2 - Inventario.xlsx#221@2026-08-10
PIL-104847,AC PAT FLEX NEGRO K9514 53-16-140 C.606,PRODUCTO_STOCKEABLE,Armazones,Steffani,,,,,UNIDAD,origen: PILAR=P2 - Inventario.xlsx#207@2026-08-10
PIL-104848,AC PAT FLEX AZUL K9811 53-15-143 C.756,PRODUCTO_STOCKEABLE,Armazones,Steffani,,,,,UNIDAD,origen: PILAR=P2 - Inventario.xlsx#226@2026-08-10
PIL-104849,AC PAT FLEX ROJO K9917 54-17-143 C.24,PRODUCTO_STOCKEABLE,Armazones,Steffani,,,,,UNIDAD,origen: PILAR=P2 - Inventario.xlsx#230@2026-08-10
PIL-104850,AC PAT FLEX MARRON K9917 54-17-143 C.13,PRODUCTO_STOCKEABLE,Armazones,Steffani,,,,,UNIDAD,origen: PILAR=P2 - Inventario.xlsx#227@2026-08-10
PIL-104851,AC PAT FLEX MARRON V1348 55-16-142 C.504,PRODUCTO_STOCKEABLE,Armazones,Vicrola,,,,,UNIDAD,origen: PILAR=P2 - Inventario.xlsx#238@2026-08-10
PIL-104852,AC PAT FLEX VERDE K9917 54-14-143 C.700,PRODUCTO_STOCKEABLE,Armazones,Steffani,,,,,UNIDAD,origen: PILAR=P2 - Inventario.xlsx#225@2026-08-10
PIL-104853,AC PAT FIJA DORADO K9920 53-17-140 C.524,PRODUCTO_STOCKEABLE,Armazones,Steffani,,,,,UNIDAD,origen: PILAR=P2 - Inventario.xlsx#200@2026-08-10
PIL-104854,AC PAT FLEX AZUL K9983 51-20-142 C.809,PRODUCTO_STOCKEABLE,Armazones,Steffani,,,,,UNIDAD,origen: PILAR=P2 - Inventario.xlsx#209@2026-08-10
PIL-104855,AC PAT FLEX ANIMAL PRINT V1391 55-16-145 C.110,PRODUCTO_STOCKEABLE,Armazones,Vicrola,,,,,UNIDAD,origen: PILAR=P2 - Inventario.xlsx#256@2026-08-10
PIL-104856,AC PAT FLEX NEGRO V1345 55-16-140 C.502,PRODUCTO_STOCKEABLE,Armazones,Vicrola,,,,,UNIDAD,origen: PILAR=P2 - Inventario.xlsx#235@2026-08-10
PIL-104857,AC PAT FLEX MARRON V1391 55-16-145 C.125,PRODUCTO_STOCKEABLE,Armazones,Vicrola,,,,,UNIDAD,origen: PILAR=P2 - Inventario.xlsx#255@2026-08-10
PIL-104858,AC PAT FLEX NEGRO K9670 53-19-145 C.502,PRODUCTO_STOCKEABLE,Armazones,Steffani,,,,,UNIDAD,origen: PILAR=P2 - Inventario.xlsx#222@2026-08-10
PIL-104860,AC PAT FLEX GRIS V1348 55-16-142 C.508,PRODUCTO_STOCKEABLE,Armazones,Vicrola,,,,,UNIDAD,origen: PILAR=P2 - Inventario.xlsx#237@2026-08-10
PIL-104861,AC PAT FLEX GRIS K9917 54-17-143 C.800,PRODUCTO_STOCKEABLE,Armazones,Steffani,,,,,UNIDAD,origen: PILAR=P2 - Inventario.xlsx#231@2026-08-10
PIL-104862,AC PAT FIJA NEGRO K9780 53-18-145 C.502,PRODUCTO_STOCKEABLE,Armazones,Steffani,,,,,UNIDAD,origen: PILAR=P2 - Inventario.xlsx#218@2026-08-10
PIL-104863,AC PAT FLEX DORADO K9786 55-16-140 C.22,PRODUCTO_STOCKEABLE,Armazones,Steffani,,,,,UNIDAD,origen: PILAR=P2 - Inventario.xlsx#201@2026-08-10
PIL-104864,AC PAT FLEX MARRON K9908 54-16-141 C.13,PRODUCTO_STOCKEABLE,Armazones,Steffani,,,,,UNIDAD,origen: PILAR=P2 - Inventario.xlsx#228@2026-08-10
PIL-104865,AC PAT FLEX NEGRO V1267 53-18-142 C.200,PRODUCTO_STOCKEABLE,Armazones,Vicrola,,,,,UNIDAD,origen: PILAR=P2 - Inventario.xlsx#248@2026-08-10
PIL-104866,AC PAT FLEX MARRON K9775 53-17-140 C.528,PRODUCTO_STOCKEABLE,Armazones,Steffani,,,,,UNIDAD,origen: PILAR=P2 - Inventario.xlsx#229@2026-08-10
PIL-104867,AC PAT FLEX TRANSPARENTE K9775 53-17-140 C.519,PRODUCTO_STOCKEABLE,Armazones,Steffani,,,,,UNIDAD,origen: PILAR=P2 - Inventario.xlsx#233@2026-08-10
PIL-104868,AC PAT FLEX NEGRO K9811 53-15-143 C.706,PRODUCTO_STOCKEABLE,Armazones,Steffani,,,,,UNIDAD,origen: PILAR=P2 - Inventario.xlsx#223@2026-08-10
PIL-104871,AC PAT FLEX ROSA K9984 54-18-142 C.821,PRODUCTO_STOCKEABLE,Armazones,Steffani,,,,,UNIDAD,origen: PILAR=P2 - Inventario.xlsx#220@2026-08-10
PIL-104872,AC PAT FLEX PLATEADO 25068 53-16-140 C.7,PRODUCTO_STOCKEABLE,Armazones,Graffiti,,,,,UNIDAD,origen: PILAR=P2 - Inventario.xlsx#286@2026-08-10
PIL-36689,AC PAT FLEX GRIS +1,PRODUCTO_STOCKEABLE,Armazones,Proray,,,,,UNIDAD,origen: PILAR=P2 - Inventario.xlsx#626@2026-08-10
PIL-38562,AC PAT FLEX DORADO +1,PRODUCTO_STOCKEABLE,Armazones,Proray,,,,,UNIDAD,origen: PILAR=P2 - Inventario.xlsx#627@2026-08-10
PIL-43838,AC PAT FLEX CELESTE BF607,PRODUCTO_STOCKEABLE,Armazones,Bacchio,,,,,UNIDAD,origen: PILAR=P2 - Inventario.xlsx#605@2026-08-10
PIL-49647,AH PAT FLEX GRIS K8485 45-16-125 C603,PRODUCTO_STOCKEABLE,Armazones,Steffani,,,,,UNIDAD,origen: PILAR=P2 - Inventario.xlsx#622@2026-08-10
PIL-70319,AC PAT FLEX AZUL BZ301 52 17-140 COL.1,PRODUCTO_STOCKEABLE,Armazones,Bacchio,,,,,UNIDAD,origen: PILAR=P2 - Inventario.xlsx#603@2026-08-10
PIL-75183,AC PAT FLEX ROSA LU4814 47-17-128,PRODUCTO_STOCKEABLE,Armazones,Lunamoon,,,,,UNIDAD,origen: PILAR=P2 - Inventario.xlsx#620@2026-08-10
PIL-78977,AC PAT FDIJA BLANCO DP019-008 COL.11,PRODUCTO_STOCKEABLE,Armazones,Discovery,,,,,UNIDAD,origen: PILAR=P2 - Inventario.xlsx#618@2026-08-10
PIL-79310,AC PAT FIJA ACET/MET BOC 1909 49 19-145,PRODUCTO_STOCKEABLE,Armazones,Bosani,,,,,UNIDAD,origen: PILAR=P2 - Inventario.xlsx#615@2026-08-10
PIL-79383,AC PAT FLEX LILA K9303 54 18-136,PRODUCTO_STOCKEABLE,Armazones,Steffani,,,,,UNIDAD,origen: PILAR=P2 - Inventario.xlsx#619@2026-08-10
PIL-82040,ANTIPARRAS TRANSPARENTES,PRODUCTO_STOCKEABLE,Armazones,Proray,,,,,UNIDAD,origen: PILAR=P2 - Inventario.xlsx#617@2026-08-10
PIL-82323,ANTIPARRAS TRANSPARENTES,PRODUCTO_STOCKEABLE,Armazones,Proray,,,,,UNIDAD,origen: PILAR=P2 - Inventario.xlsx#616@2026-08-10
PIL-83003,AC PAT GOMA GRIS DEPORTIVO,PRODUCTO_STOCKEABLE,Armazones,Opolly,,,,,UNIDAD,origen: PILAR=P2 - Inventario.xlsx#625@2026-08-10
PIL-83207,AC PAT GOMA ROJO DEPORTIVO,PRODUCTO_STOCKEABLE,Armazones,Opolly,,,,,UNIDAD,origen: PILAR=P2 - Inventario.xlsx#624@2026-08-10
